clip_name,clip_path,label,frame_count,duration_sec,fps,width,height,resolution,UniformSampler64_MeanPooling_TemplatePrompts,UniformSampler64_MeanPooling_MPVRPrompts
v_ApplyEyeMakeup_g01_c01,ApplyEyeMakeup\v_ApplyEyeMakeup_g01_c01.avi,ApplyEyeMakeup,164,6.56,25.0,320,240,320x240,ApplyEyeMakeup,ApplyEyeMakeup
v_ApplyEyeMakeup_g01_c02,ApplyEyeMakeup\v_ApplyEyeMakeup_g01_c02.avi,ApplyEyeMakeup,123,4.92,25.0,320,240,320x240,ApplyEyeMakeup,ApplyEyeMakeup
v_ApplyEyeMakeup_g01_c03,ApplyEyeMakeup\v_ApplyEyeMakeup_g01_c03.avi,ApplyEyeMakeup,259,10.36,25.0,320,240,320x240,ApplyEyeMakeup,ApplyEyeMakeup
v_ApplyEyeMakeup_g01_c04,ApplyEyeMakeup\v_ApplyEyeMakeup_g01_c04.avi,ApplyEyeMakeup,235,9.4,25.0,320,240,320x240,ApplyEyeMakeup,ApplyEyeMakeup
v_ApplyEyeMakeup_g01_c05,ApplyEyeMakeup\v_ApplyEyeMakeup_g01_c05.avi,ApplyEyeMakeup,296,11.84,25.0,320,240,320x240,ApplyEyeMakeup,ApplyEyeMakeup
v_ApplyEyeMakeup_g01_c06,ApplyEyeMakeup\v_ApplyEyeMakeup_g01_c06.avi,ApplyEyeMakeup,122,4.88,25.0,320,240,320x240,ApplyEyeMakeup,ApplyEyeMakeup
v_ApplyEyeMakeup_g02_c01,ApplyEyeMakeup\v_ApplyEyeMakeup_g02_c01.avi,ApplyEyeMakeup,170,6.8,25.0,320,240,320x240,ApplyEyeMakeup,ApplyEyeMakeup
v_ApplyEyeMakeup_g02_c02,ApplyEyeMakeup\v_ApplyEyeMakeup_g02_c02.avi,ApplyEyeMakeup,146,5.84,25.0,320,240,320x240,ApplyEyeMakeup,ApplyEyeMakeup
v_ApplyEyeMakeup_g02_c03,ApplyEyeMakeup\v_ApplyEyeMakeup_g02_c03.avi,ApplyEyeMakeup,216,8.64,25.0,320,240,320x240,ApplyEyeMakeup,ApplyEyeMakeup
v_ApplyEyeMakeup_g02_c04,ApplyEyeMakeup\v_ApplyEyeMakeup_g02_c04.avi,ApplyEyeMakeup,170,6.8,25.0,320,240,320x240,ApplyEyeMakeup,ApplyEyeMakeup
v_ApplyEyeMakeup_g03_c01,ApplyEyeMakeup\v_ApplyEyeMakeup_g03_c01.avi,ApplyEyeMakeup,209,8.36,25.0,320,240,320x240,ApplyEyeMakeup,ApplyEyeMakeup
v_ApplyEyeMakeup_g03_c02,ApplyEyeMakeup\v_ApplyEyeMakeup_g03_c02.avi,ApplyEyeMakeup,134,5.36,25.0,320,240,320x240,ApplyEyeMakeup,ApplyEyeMakeup
v_ApplyEyeMakeup_g03_c03,ApplyEyeMakeup\v_ApplyEyeMakeup_g03_c03.avi,ApplyEyeMakeup,115,4.6,25.0,320,240,320x240,ApplyEyeMakeup,ApplyEyeMakeup
v_ApplyEyeMakeup_g03_c04,ApplyEyeMakeup\v_ApplyEyeMakeup_g03_c04.avi,ApplyEyeMakeup,108,4.32,25.0,320,240,320x240,ApplyEyeMakeup,ApplyEyeMakeup
v_ApplyEyeMakeup_g03_c05,ApplyEyeMakeup\v_ApplyEyeMakeup_g03_c05.avi,ApplyEyeMakeup,146,5.84,25.0,320,240,320x240,ApplyEyeMakeup,ApplyEyeMakeup
v_ApplyEyeMakeup_g03_c06,ApplyEyeMakeup\v_ApplyEyeMakeup_g03_c06.avi,ApplyEyeMakeup,152,6.08,25.0,320,240,320x240,ApplyEyeMakeup,ApplyEyeMakeup
v_ApplyEyeMakeup_g04_c01,ApplyEyeMakeup\v_ApplyEyeMakeup_g04_c01.avi,ApplyEyeMakeup,126,5.04,25.0,320,240,320x240,ApplyEyeMakeup,ApplyEyeMakeup
v_ApplyEyeMakeup_g04_c02,ApplyEyeMakeup\v_ApplyEyeMakeup_g04_c02.avi,ApplyEyeMakeup,132,5.28,25.0,320,240,320x240,ApplyEyeMakeup,ApplyEyeMakeup
v_ApplyEyeMakeup_g04_c03,ApplyEyeMakeup\v_ApplyEyeMakeup_g04_c03.avi,ApplyEyeMakeup,114,4.56,25.0,320,240,320x240,ApplyEyeMakeup,ApplyEyeMakeup
v_ApplyEyeMakeup_g04_c04,ApplyEyeMakeup\v_ApplyEyeMakeup_g04_c04.avi,ApplyEyeMakeup,181,7.24,25.0,320,240,320x240,ApplyEyeMakeup,ApplyEyeMakeup
v_ApplyEyeMakeup_g04_c05,ApplyEyeMakeup\v_ApplyEyeMakeup_g04_c05.avi,ApplyEyeMakeup,106,4.24,25.0,320,240,320x240,ApplyEyeMakeup,ApplyEyeMakeup
v_ApplyEyeMakeup_g04_c06,ApplyEyeMakeup\v_ApplyEyeMakeup_g04_c06.avi,ApplyEyeMakeup,248,9.92,25.0,320,240,320x240,ApplyEyeMakeup,ApplyEyeMakeup
v_ApplyEyeMakeup_g04_c07,ApplyEyeMakeup\v_ApplyEyeMakeup_g04_c07.avi,ApplyEyeMakeup,158,6.32,25.0,320,240,320x240,ApplyEyeMakeup,ApplyEyeMakeup
v_ApplyEyeMakeup_g05_c01,ApplyEyeMakeup\v_ApplyEyeMakeup_g05_c01.avi,ApplyEyeMakeup,268,10.72,25.0,320,240,320x240,ApplyEyeMakeup,ApplyEyeMakeup
v_ApplyEyeMakeup_g05_c02,ApplyEyeMakeup\v_ApplyEyeMakeup_g05_c02.avi,ApplyEyeMakeup,264,10.56,25.0,320,240,320x240,ApplyEyeMakeup,ApplyEyeMakeup
v_ApplyEyeMakeup_g05_c03,ApplyEyeMakeup\v_ApplyEyeMakeup_g05_c03.avi,ApplyEyeMakeup,158,6.32,25.0,320,240,320x240,ApplyEyeMakeup,ApplyEyeMakeup
v_ApplyEyeMakeup_g05_c04,ApplyEyeMakeup\v_ApplyEyeMakeup_g05_c04.avi,ApplyEyeMakeup,186,7.44,25.0,320,240,320x240,ApplyEyeMakeup,ApplyEyeMakeup
v_ApplyEyeMakeup_g05_c05,ApplyEyeMakeup\v_ApplyEyeMakeup_g05_c05.avi,ApplyEyeMakeup,227,9.08,25.0,320,240,320x240,ApplyEyeMakeup,ApplyEyeMakeup
v_ApplyEyeMakeup_g05_c06,ApplyEyeMakeup\v_ApplyEyeMakeup_g05_c06.avi,ApplyEyeMakeup,115,4.6,25.0,320,240,320x240,ApplyEyeMakeup,ApplyEyeMakeup
v_ApplyEyeMakeup_g05_c07,ApplyEyeMakeup\v_ApplyEyeMakeup_g05_c07.avi,ApplyEyeMakeup,235,9.4,25.0,320,240,320x240,ApplyEyeMakeup,ApplyEyeMakeup
v_ApplyEyeMakeup_g06_c01,ApplyEyeMakeup\v_ApplyEyeMakeup_g06_c01.avi,ApplyEyeMakeup,139,5.56,25.0,320,240,320x240,ApplyEyeMakeup,ApplyEyeMakeup
v_ApplyEyeMakeup_g06_c02,ApplyEyeMakeup\v_ApplyEyeMakeup_g06_c02.avi,ApplyEyeMakeup,139,5.56,25.0,320,240,320x240,ApplyEyeMakeup,ApplyEyeMakeup
v_ApplyEyeMakeup_g06_c03,ApplyEyeMakeup\v_ApplyEyeMakeup_g06_c03.avi,ApplyEyeMakeup,245,9.8,25.0,320,240,320x240,ApplyEyeMakeup,ApplyEyeMakeup
v_ApplyEyeMakeup_g06_c04,ApplyEyeMakeup\v_ApplyEyeMakeup_g06_c04.avi,ApplyEyeMakeup,100,4.0,25.0,320,240,320x240,ApplyEyeMakeup,ApplyEyeMakeup
v_ApplyEyeMakeup_g06_c05,ApplyEyeMakeup\v_ApplyEyeMakeup_g06_c05.avi,ApplyEyeMakeup,281,11.24,25.0,320,240,320x240,ApplyEyeMakeup,ApplyEyeMakeup
v_ApplyEyeMakeup_g06_c06,ApplyEyeMakeup\v_ApplyEyeMakeup_g06_c06.avi,ApplyEyeMakeup,146,5.84,25.0,320,240,320x240,ApplyEyeMakeup,ApplyEyeMakeup
v_ApplyEyeMakeup_g06_c07,ApplyEyeMakeup\v_ApplyEyeMakeup_g06_c07.avi,ApplyEyeMakeup,167,6.68,25.0,320,240,320x240,ApplyEyeMakeup,ApplyEyeMakeup
v_ApplyEyeMakeup_g07_c01,ApplyEyeMakeup\v_ApplyEyeMakeup_g07_c01.avi,ApplyEyeMakeup,158,6.32,25.0,320,240,320x240,ApplyEyeMakeup,ApplyEyeMakeup
v_ApplyEyeMakeup_g07_c02,ApplyEyeMakeup\v_ApplyEyeMakeup_g07_c02.avi,ApplyEyeMakeup,168,6.72,25.0,320,240,320x240,ApplyEyeMakeup,ApplyEyeMakeup
v_ApplyEyeMakeup_g07_c03,ApplyEyeMakeup\v_ApplyEyeMakeup_g07_c03.avi,ApplyEyeMakeup,133,5.32,25.0,320,240,320x240,ApplyEyeMakeup,ApplyEyeMakeup
v_ApplyEyeMakeup_g07_c04,ApplyEyeMakeup\v_ApplyEyeMakeup_g07_c04.avi,ApplyEyeMakeup,142,5.68,25.0,320,240,320x240,ApplyEyeMakeup,ApplyEyeMakeup
v_ApplyEyeMakeup_g07_c05,ApplyEyeMakeup\v_ApplyEyeMakeup_g07_c05.avi,ApplyEyeMakeup,98,3.92,25.0,320,240,320x240,ApplyEyeMakeup,ApplyEyeMakeup
v_ApplyEyeMakeup_g07_c06,ApplyEyeMakeup\v_ApplyEyeMakeup_g07_c06.avi,ApplyEyeMakeup,162,6.48,25.0,320,240,320x240,ApplyEyeMakeup,ApplyEyeMakeup
v_ApplyEyeMakeup_g07_c07,ApplyEyeMakeup\v_ApplyEyeMakeup_g07_c07.avi,ApplyEyeMakeup,114,4.56,25.0,320,240,320x240,ApplyEyeMakeup,ApplyEyeMakeup
v_ApplyLipstick_g01_c01,ApplyLipstick\v_ApplyLipstick_g01_c01.avi,ApplyLipstick,149,5.96,25.0,320,240,320x240,BrushingTeeth,ApplyLipstick
v_ApplyLipstick_g01_c02,ApplyLipstick\v_ApplyLipstick_g01_c02.avi,ApplyLipstick,160,6.4,25.0,320,240,320x240,ApplyLipstick,ApplyLipstick
v_ApplyLipstick_g01_c03,ApplyLipstick\v_ApplyLipstick_g01_c03.avi,ApplyLipstick,309,12.36,25.0,320,240,320x240,ApplyLipstick,ApplyLipstick
v_ApplyLipstick_g01_c04,ApplyLipstick\v_ApplyLipstick_g01_c04.avi,ApplyLipstick,369,14.76,25.0,320,240,320x240,ApplyLipstick,ApplyLipstick
v_ApplyLipstick_g01_c05,ApplyLipstick\v_ApplyLipstick_g01_c05.avi,ApplyLipstick,213,8.52,25.0,320,240,320x240,ApplyLipstick,ApplyLipstick
v_ApplyLipstick_g02_c01,ApplyLipstick\v_ApplyLipstick_g02_c01.avi,ApplyLipstick,127,5.08,25.0,320,240,320x240,ApplyEyeMakeup,ApplyLipstick
v_ApplyLipstick_g02_c02,ApplyLipstick\v_ApplyLipstick_g02_c02.avi,ApplyLipstick,118,4.72,25.0,320,240,320x240,ApplyEyeMakeup,ApplyLipstick
v_ApplyLipstick_g02_c03,ApplyLipstick\v_ApplyLipstick_g02_c03.avi,ApplyLipstick,98,3.92,25.0,320,240,320x240,ApplyEyeMakeup,ApplyLipstick
v_ApplyLipstick_g02_c04,ApplyLipstick\v_ApplyLipstick_g02_c04.avi,ApplyLipstick,185,7.4,25.0,320,240,320x240,ApplyEyeMakeup,ApplyLipstick
v_ApplyLipstick_g03_c01,ApplyLipstick\v_ApplyLipstick_g03_c01.avi,ApplyLipstick,180,7.2,25.0,320,240,320x240,ApplyLipstick,ApplyLipstick
v_ApplyLipstick_g03_c02,ApplyLipstick\v_ApplyLipstick_g03_c02.avi,ApplyLipstick,108,4.32,25.0,320,240,320x240,BrushingTeeth,ApplyLipstick
v_ApplyLipstick_g03_c03,ApplyLipstick\v_ApplyLipstick_g03_c03.avi,ApplyLipstick,154,6.16,25.0,320,240,320x240,BrushingTeeth,ApplyLipstick
v_ApplyLipstick_g03_c04,ApplyLipstick\v_ApplyLipstick_g03_c04.avi,ApplyLipstick,142,5.68,25.0,320,240,320x240,BrushingTeeth,ApplyLipstick
v_ApplyLipstick_g04_c01,ApplyLipstick\v_ApplyLipstick_g04_c01.avi,ApplyLipstick,98,3.92,25.0,320,240,320x240,ApplyEyeMakeup,ApplyEyeMakeup
v_ApplyLipstick_g04_c02,ApplyLipstick\v_ApplyLipstick_g04_c02.avi,ApplyLipstick,144,5.76,25.0,320,240,320x240,ApplyEyeMakeup,ApplyLipstick
v_ApplyLipstick_g04_c03,ApplyLipstick\v_ApplyLipstick_g04_c03.avi,ApplyLipstick,150,6.0,25.0,320,240,320x240,BrushingTeeth,ApplyLipstick
v_ApplyLipstick_g04_c04,ApplyLipstick\v_ApplyLipstick_g04_c04.avi,ApplyLipstick,258,10.32,25.0,320,240,320x240,ApplyEyeMakeup,ApplyLipstick
v_ApplyLipstick_g04_c05,ApplyLipstick\v_ApplyLipstick_g04_c05.avi,ApplyLipstick,169,6.76,25.0,320,240,320x240,ApplyEyeMakeup,ApplyLipstick
v_ApplyLipstick_g05_c01,ApplyLipstick\v_ApplyLipstick_g05_c01.avi,ApplyLipstick,177,7.08,25.0,320,240,320x240,BrushingTeeth,ApplyLipstick
v_ApplyLipstick_g05_c02,ApplyLipstick\v_ApplyLipstick_g05_c02.avi,ApplyLipstick,154,6.16,25.0,320,240,320x240,BrushingTeeth,ApplyLipstick
v_ApplyLipstick_g05_c03,ApplyLipstick\v_ApplyLipstick_g05_c03.avi,ApplyLipstick,113,4.52,25.0,320,240,320x240,ApplyEyeMakeup,ApplyLipstick
v_ApplyLipstick_g05_c04,ApplyLipstick\v_ApplyLipstick_g05_c04.avi,ApplyLipstick,120,4.8,25.0,320,240,320x240,ApplyEyeMakeup,ApplyLipstick
v_ApplyLipstick_g05_c05,ApplyLipstick\v_ApplyLipstick_g05_c05.avi,ApplyLipstick,156,6.24,25.0,320,240,320x240,BrushingTeeth,BrushingTeeth
v_ApplyLipstick_g06_c01,ApplyLipstick\v_ApplyLipstick_g06_c01.avi,ApplyLipstick,460,18.4,25.0,320,240,320x240,BrushingTeeth,ApplyLipstick
v_ApplyLipstick_g06_c02,ApplyLipstick\v_ApplyLipstick_g06_c02.avi,ApplyLipstick,249,9.96,25.0,320,240,320x240,BrushingTeeth,ApplyLipstick
v_ApplyLipstick_g06_c03,ApplyLipstick\v_ApplyLipstick_g06_c03.avi,ApplyLipstick,153,6.12,25.0,320,240,320x240,BrushingTeeth,ApplyLipstick
v_ApplyLipstick_g06_c04,ApplyLipstick\v_ApplyLipstick_g06_c04.avi,ApplyLipstick,523,20.92,25.0,320,240,320x240,ApplyLipstick,ApplyLipstick
v_ApplyLipstick_g06_c05,ApplyLipstick\v_ApplyLipstick_g06_c05.avi,ApplyLipstick,321,12.84,25.0,320,240,320x240,ApplyLipstick,ApplyLipstick
v_ApplyLipstick_g07_c01,ApplyLipstick\v_ApplyLipstick_g07_c01.avi,ApplyLipstick,270,10.8,25.0,320,240,320x240,ApplyLipstick,ApplyLipstick
v_ApplyLipstick_g07_c02,ApplyLipstick\v_ApplyLipstick_g07_c02.avi,ApplyLipstick,125,5.0,25.0,320,240,320x240,ApplyLipstick,ApplyLipstick
v_ApplyLipstick_g07_c03,ApplyLipstick\v_ApplyLipstick_g07_c03.avi,ApplyLipstick,226,9.04,25.0,320,240,320x240,ApplyLipstick,ApplyLipstick
v_ApplyLipstick_g07_c04,ApplyLipstick\v_ApplyLipstick_g07_c04.avi,ApplyLipstick,163,6.52,25.0,320,240,320x240,ApplyLipstick,ApplyLipstick
v_Archery_g01_c01,Archery\v_Archery_g01_c01.avi,Archery,131,5.24,25.0,320,240,320x240,Archery,Archery
v_Archery_g01_c02,Archery\v_Archery_g01_c02.avi,Archery,142,5.68,25.0,320,240,320x240,Archery,Archery
v_Archery_g01_c03,Archery\v_Archery_g01_c03.avi,Archery,158,6.32,25.0,320,240,320x240,Archery,Archery
v_Archery_g01_c04,Archery\v_Archery_g01_c04.avi,Archery,125,5.0,25.0,320,240,320x240,Archery,Archery
v_Archery_g01_c05,Archery\v_Archery_g01_c05.avi,Archery,135,5.4,25.0,320,240,320x240,Archery,Archery
v_Archery_g01_c06,Archery\v_Archery_g01_c06.avi,Archery,108,4.32,25.0,320,240,320x240,Archery,Archery
v_Archery_g01_c07,Archery\v_Archery_g01_c07.avi,Archery,143,5.72,25.0,320,240,320x240,Archery,Archery
v_Archery_g02_c01,Archery\v_Archery_g02_c01.avi,Archery,158,6.32,25.0,320,240,320x240,Archery,Archery
v_Archery_g02_c02,Archery\v_Archery_g02_c02.avi,Archery,160,6.4,25.0,320,240,320x240,Archery,Archery
v_Archery_g02_c03,Archery\v_Archery_g02_c03.avi,Archery,138,5.52,25.0,320,240,320x240,Archery,Archery
v_Archery_g02_c04,Archery\v_Archery_g02_c04.avi,Archery,109,4.36,25.0,320,240,320x240,Archery,Archery
v_Archery_g02_c05,Archery\v_Archery_g02_c05.avi,Archery,127,5.08,25.0,320,240,320x240,Archery,Nunchucks
v_Archery_g02_c06,Archery\v_Archery_g02_c06.avi,Archery,113,4.52,25.0,320,240,320x240,Archery,Archery
v_Archery_g02_c07,Archery\v_Archery_g02_c07.avi,Archery,166,6.64,25.0,320,240,320x240,Archery,Archery
v_Archery_g03_c01,Archery\v_Archery_g03_c01.avi,Archery,150,6.0,25.0,320,240,320x240,Archery,Archery
v_Archery_g03_c02,Archery\v_Archery_g03_c02.avi,Archery,176,7.04,25.0,320,240,320x240,Archery,Archery
v_Archery_g03_c03,Archery\v_Archery_g03_c03.avi,Archery,125,5.0,25.0,320,240,320x240,Archery,Archery
v_Archery_g03_c04,Archery\v_Archery_g03_c04.avi,Archery,138,5.52,25.0,320,240,320x240,Archery,Archery
v_Archery_g03_c05,Archery\v_Archery_g03_c05.avi,Archery,124,4.96,25.0,320,240,320x240,Archery,Archery
v_Archery_g04_c01,Archery\v_Archery_g04_c01.avi,Archery,165,6.6,25.0,320,240,320x240,Archery,Archery
v_Archery_g04_c02,Archery\v_Archery_g04_c02.avi,Archery,173,6.92,25.0,320,240,320x240,Archery,Archery
v_Archery_g04_c03,Archery\v_Archery_g04_c03.avi,Archery,140,5.6,25.0,320,240,320x240,Archery,Archery
v_Archery_g04_c04,Archery\v_Archery_g04_c04.avi,Archery,135,5.4,25.0,320,240,320x240,Archery,Archery
v_Archery_g04_c05,Archery\v_Archery_g04_c05.avi,Archery,149,5.96,25.0,320,240,320x240,Nunchucks,Nunchucks
v_Archery_g05_c01,Archery\v_Archery_g05_c01.avi,Archery,455,18.2,25.0,320,240,320x240,Archery,Archery
v_Archery_g05_c02,Archery\v_Archery_g05_c02.avi,Archery,557,22.28,25.0,320,240,320x240,Archery,Archery
v_Archery_g05_c03,Archery\v_Archery_g05_c03.avi,Archery,488,19.52,25.0,320,240,320x240,Archery,Archery
v_Archery_g05_c04,Archery\v_Archery_g05_c04.avi,Archery,51,2.04,25.0,320,240,320x240,Skiing,Skiing
v_Archery_g05_c05,Archery\v_Archery_g05_c05.avi,Archery,196,7.84,25.0,320,240,320x240,Skiing,Skiing
v_Archery_g06_c01,Archery\v_Archery_g06_c01.avi,Archery,81,3.24,25.0,320,240,320x240,Archery,Nunchucks
v_Archery_g06_c02,Archery\v_Archery_g06_c02.avi,Archery,116,4.64,25.0,320,240,320x240,Archery,Nunchucks
v_Archery_g06_c03,Archery\v_Archery_g06_c03.avi,Archery,87,3.48,25.0,320,240,320x240,Archery,Nunchucks
v_Archery_g06_c04,Archery\v_Archery_g06_c04.avi,Archery,104,4.16,25.0,320,240,320x240,HulaHoop,Hammering
v_Archery_g06_c05,Archery\v_Archery_g06_c05.avi,Archery,130,5.2,25.0,320,240,320x240,HulaHoop,Hammering
v_Archery_g06_c06,Archery\v_Archery_g06_c06.avi,Archery,132,5.28,25.0,320,240,320x240,Archery,Nunchucks
v_Archery_g07_c01,Archery\v_Archery_g07_c01.avi,Archery,91,3.64,25.0,320,240,320x240,Archery,Archery
v_Archery_g07_c02,Archery\v_Archery_g07_c02.avi,Archery,72,2.88,25.0,320,240,320x240,Archery,Archery
v_Archery_g07_c03,Archery\v_Archery_g07_c03.avi,Archery,51,2.04,25.0,320,240,320x240,Archery,Archery
v_Archery_g07_c04,Archery\v_Archery_g07_c04.avi,Archery,51,2.04,25.0,320,240,320x240,Archery,Archery
v_Archery_g07_c05,Archery\v_Archery_g07_c05.avi,Archery,64,2.56,25.0,320,240,320x240,Archery,Archery
v_Archery_g07_c06,Archery\v_Archery_g07_c06.avi,Archery,67,2.68,25.0,320,240,320x240,Archery,Archery
v_BabyCrawling_g01_c01,BabyCrawling\v_BabyCrawling_g01_c01.avi,BabyCrawling,165,6.6,25.0,320,240,320x240,BabyCrawling,BabyCrawling
v_BabyCrawling_g01_c02,BabyCrawling\v_BabyCrawling_g01_c02.avi,BabyCrawling,165,6.6,25.0,320,240,320x240,BabyCrawling,BabyCrawling
v_BabyCrawling_g01_c03,BabyCrawling\v_BabyCrawling_g01_c03.avi,BabyCrawling,156,6.24,25.0,320,240,320x240,BabyCrawling,BabyCrawling
v_BabyCrawling_g01_c04,BabyCrawling\v_BabyCrawling_g01_c04.avi,BabyCrawling,219,8.76,25.0,320,240,320x240,BabyCrawling,BabyCrawling
v_BabyCrawling_g02_c01,BabyCrawling\v_BabyCrawling_g02_c01.avi,BabyCrawling,109,4.36,25.0,320,240,320x240,BabyCrawling,BabyCrawling
v_BabyCrawling_g02_c02,BabyCrawling\v_BabyCrawling_g02_c02.avi,BabyCrawling,112,4.48,25.0,320,240,320x240,BabyCrawling,BabyCrawling
v_BabyCrawling_g02_c03,BabyCrawling\v_BabyCrawling_g02_c03.avi,BabyCrawling,117,4.68,25.0,320,240,320x240,BabyCrawling,BabyCrawling
v_BabyCrawling_g02_c04,BabyCrawling\v_BabyCrawling_g02_c04.avi,BabyCrawling,105,4.2,25.0,320,240,320x240,BabyCrawling,BabyCrawling
v_BabyCrawling_g02_c05,BabyCrawling\v_BabyCrawling_g02_c05.avi,BabyCrawling,84,3.36,25.0,320,240,320x240,BabyCrawling,BabyCrawling
v_BabyCrawling_g02_c06,BabyCrawling\v_BabyCrawling_g02_c06.avi,BabyCrawling,190,7.6,25.0,320,240,320x240,BabyCrawling,BabyCrawling
v_BabyCrawling_g03_c01,BabyCrawling\v_BabyCrawling_g03_c01.avi,BabyCrawling,215,8.6,25.0,320,240,320x240,BabyCrawling,BabyCrawling
v_BabyCrawling_g03_c02,BabyCrawling\v_BabyCrawling_g03_c02.avi,BabyCrawling,181,7.24,25.0,320,240,320x240,BabyCrawling,BabyCrawling
v_BabyCrawling_g03_c03,BabyCrawling\v_BabyCrawling_g03_c03.avi,BabyCrawling,198,7.92,25.0,320,240,320x240,BabyCrawling,BabyCrawling
v_BabyCrawling_g03_c04,BabyCrawling\v_BabyCrawling_g03_c04.avi,BabyCrawling,207,8.28,25.0,320,240,320x240,BabyCrawling,BabyCrawling
v_BabyCrawling_g04_c01,BabyCrawling\v_BabyCrawling_g04_c01.avi,BabyCrawling,127,5.08,25.0,320,240,320x240,BabyCrawling,BabyCrawling
v_BabyCrawling_g04_c02,BabyCrawling\v_BabyCrawling_g04_c02.avi,BabyCrawling,178,7.12,25.0,320,240,320x240,BabyCrawling,BabyCrawling
v_BabyCrawling_g04_c03,BabyCrawling\v_BabyCrawling_g04_c03.avi,BabyCrawling,159,6.36,25.0,320,240,320x240,BabyCrawling,BabyCrawling
v_BabyCrawling_g04_c04,BabyCrawling\v_BabyCrawling_g04_c04.avi,BabyCrawling,204,8.16,25.0,320,240,320x240,BabyCrawling,BabyCrawling
v_BabyCrawling_g05_c01,BabyCrawling\v_BabyCrawling_g05_c01.avi,BabyCrawling,221,8.84,25.0,320,240,320x240,BabyCrawling,BabyCrawling
v_BabyCrawling_g05_c02,BabyCrawling\v_BabyCrawling_g05_c02.avi,BabyCrawling,197,7.88,25.0,320,240,320x240,BabyCrawling,BabyCrawling
v_BabyCrawling_g05_c03,BabyCrawling\v_BabyCrawling_g05_c03.avi,BabyCrawling,271,10.84,25.0,320,240,320x240,BabyCrawling,BabyCrawling
v_BabyCrawling_g05_c04,BabyCrawling\v_BabyCrawling_g05_c04.avi,BabyCrawling,230,9.2,25.0,320,240,320x240,BabyCrawling,BabyCrawling
v_BabyCrawling_g05_c05,BabyCrawling\v_BabyCrawling_g05_c05.avi,BabyCrawling,159,6.36,25.0,320,240,320x240,BabyCrawling,BabyCrawling
v_BabyCrawling_g06_c01,BabyCrawling\v_BabyCrawling_g06_c01.avi,BabyCrawling,198,7.92,25.0,320,240,320x240,BabyCrawling,BabyCrawling
v_BabyCrawling_g06_c02,BabyCrawling\v_BabyCrawling_g06_c02.avi,BabyCrawling,167,6.68,25.0,320,240,320x240,BabyCrawling,BabyCrawling
v_BabyCrawling_g06_c03,BabyCrawling\v_BabyCrawling_g06_c03.avi,BabyCrawling,201,8.04,25.0,320,240,320x240,BabyCrawling,BabyCrawling
v_BabyCrawling_g06_c04,BabyCrawling\v_BabyCrawling_g06_c04.avi,BabyCrawling,113,4.52,25.0,320,240,320x240,BabyCrawling,BabyCrawling
v_BabyCrawling_g06_c05,BabyCrawling\v_BabyCrawling_g06_c05.avi,BabyCrawling,258,10.32,25.0,320,240,320x240,BabyCrawling,BabyCrawling
v_BabyCrawling_g06_c06,BabyCrawling\v_BabyCrawling_g06_c06.avi,BabyCrawling,329,13.16,25.0,320,240,320x240,BabyCrawling,BabyCrawling
v_BabyCrawling_g07_c01,BabyCrawling\v_BabyCrawling_g07_c01.avi,BabyCrawling,203,8.12,25.0,320,240,320x240,BabyCrawling,BabyCrawling
v_BabyCrawling_g07_c02,BabyCrawling\v_BabyCrawling_g07_c02.avi,BabyCrawling,145,5.8,25.0,320,240,320x240,BabyCrawling,BabyCrawling
v_BabyCrawling_g07_c03,BabyCrawling\v_BabyCrawling_g07_c03.avi,BabyCrawling,171,6.84,25.0,320,240,320x240,BabyCrawling,BabyCrawling
v_BabyCrawling_g07_c04,BabyCrawling\v_BabyCrawling_g07_c04.avi,BabyCrawling,215,8.6,25.0,320,240,320x240,BabyCrawling,BabyCrawling
v_BabyCrawling_g07_c05,BabyCrawling\v_BabyCrawling_g07_c05.avi,BabyCrawling,141,5.64,25.0,320,240,320x240,BabyCrawling,BabyCrawling
v_BabyCrawling_g07_c06,BabyCrawling\v_BabyCrawling_g07_c06.avi,BabyCrawling,210,8.4,25.0,320,240,320x240,BabyCrawling,BabyCrawling
v_BalanceBeam_g01_c01,BalanceBeam\v_BalanceBeam_g01_c01.avi,BalanceBeam,125,5.0,25.0,320,240,320x240,HighJump,BalanceBeam
v_BalanceBeam_g01_c02,BalanceBeam\v_BalanceBeam_g01_c02.avi,BalanceBeam,90,3.6,25.0,320,240,320x240,HighJump,BalanceBeam
v_BalanceBeam_g01_c03,BalanceBeam\v_BalanceBeam_g01_c03.avi,BalanceBeam,112,4.48,25.0,320,240,320x240,HighJump,BalanceBeam
v_BalanceBeam_g01_c04,BalanceBeam\v_BalanceBeam_g01_c04.avi,BalanceBeam,111,4.44,25.0,320,240,320x240,HighJump,HighJump
v_BalanceBeam_g02_c01,BalanceBeam\v_BalanceBeam_g02_c01.avi,BalanceBeam,82,3.28,25.0,320,240,320x240,FloorGymnastics,UnevenBars
v_BalanceBeam_g02_c02,BalanceBeam\v_BalanceBeam_g02_c02.avi,BalanceBeam,100,4.0,25.0,320,240,320x240,FloorGymnastics,UnevenBars
v_BalanceBeam_g02_c03,BalanceBeam\v_BalanceBeam_g02_c03.avi,BalanceBeam,60,2.4,25.0,320,240,320x240,FloorGymnastics,UnevenBars
v_BalanceBeam_g02_c04,BalanceBeam\v_BalanceBeam_g02_c04.avi,BalanceBeam,133,5.32,25.0,320,240,320x240,HighJump,UnevenBars
v_BalanceBeam_g03_c01,BalanceBeam\v_BalanceBeam_g03_c01.avi,BalanceBeam,197,7.88,25.0,320,240,320x240,HighJump,UnevenBars
v_BalanceBeam_g03_c02,BalanceBeam\v_BalanceBeam_g03_c02.avi,BalanceBeam,105,4.2,25.0,320,240,320x240,HighJump,UnevenBars
v_BalanceBeam_g03_c03,BalanceBeam\v_BalanceBeam_g03_c03.avi,BalanceBeam,101,4.04,25.0,320,240,320x240,FloorGymnastics,UnevenBars
v_BalanceBeam_g03_c04,BalanceBeam\v_BalanceBeam_g03_c04.avi,BalanceBeam,75,3.0,25.0,320,240,320x240,HighJump,UnevenBars
v_BalanceBeam_g04_c01,BalanceBeam\v_BalanceBeam_g04_c01.avi,BalanceBeam,120,4.8,25.0,320,240,320x240,HighJump,UnevenBars
v_BalanceBeam_g04_c02,BalanceBeam\v_BalanceBeam_g04_c02.avi,BalanceBeam,231,9.24,25.0,320,240,320x240,FloorGymnastics,UnevenBars
v_BalanceBeam_g04_c03,BalanceBeam\v_BalanceBeam_g04_c03.avi,BalanceBeam,160,6.4,25.0,320,240,320x240,FloorGymnastics,UnevenBars
v_BalanceBeam_g04_c04,BalanceBeam\v_BalanceBeam_g04_c04.avi,BalanceBeam,131,5.24,25.0,320,240,320x240,FloorGymnastics,UnevenBars
v_BalanceBeam_g05_c01,BalanceBeam\v_BalanceBeam_g05_c01.avi,BalanceBeam,95,3.8,25.0,320,240,320x240,HighJump,UnevenBars
v_BalanceBeam_g05_c02,BalanceBeam\v_BalanceBeam_g05_c02.avi,BalanceBeam,114,4.56,25.0,320,240,320x240,HighJump,UnevenBars
v_BalanceBeam_g05_c03,BalanceBeam\v_BalanceBeam_g05_c03.avi,BalanceBeam,111,4.44,25.0,320,240,320x240,PoleVault,UnevenBars
v_BalanceBeam_g05_c04,BalanceBeam\v_BalanceBeam_g05_c04.avi,BalanceBeam,180,7.2,25.0,320,240,320x240,PoleVault,UnevenBars
v_BalanceBeam_g06_c01,BalanceBeam\v_BalanceBeam_g06_c01.avi,BalanceBeam,106,4.24,25.0,320,240,320x240,HighJump,UnevenBars
v_BalanceBeam_g06_c02,BalanceBeam\v_BalanceBeam_g06_c02.avi,BalanceBeam,118,4.72,25.0,320,240,320x240,HighJump,UnevenBars
v_BalanceBeam_g06_c03,BalanceBeam\v_BalanceBeam_g06_c03.avi,BalanceBeam,105,4.2,25.0,320,240,320x240,HighJump,HighJump
v_BalanceBeam_g06_c04,BalanceBeam\v_BalanceBeam_g06_c04.avi,BalanceBeam,120,4.8,25.0,320,240,320x240,HighJump,HighJump
v_BalanceBeam_g06_c05,BalanceBeam\v_BalanceBeam_g06_c05.avi,BalanceBeam,102,4.08,25.0,320,240,320x240,HighJump,HighJump
v_BalanceBeam_g06_c06,BalanceBeam\v_BalanceBeam_g06_c06.avi,BalanceBeam,111,4.44,25.0,320,240,320x240,HighJump,UnevenBars
v_BalanceBeam_g06_c07,BalanceBeam\v_BalanceBeam_g06_c07.avi,BalanceBeam,116,4.64,25.0,320,240,320x240,HighJump,HighJump
v_BalanceBeam_g07_c01,BalanceBeam\v_BalanceBeam_g07_c01.avi,BalanceBeam,78,3.12,25.0,320,240,320x240,HighJump,UnevenBars
v_BalanceBeam_g07_c02,BalanceBeam\v_BalanceBeam_g07_c02.avi,BalanceBeam,110,4.4,25.0,320,240,320x240,BalanceBeam,UnevenBars
v_BalanceBeam_g07_c03,BalanceBeam\v_BalanceBeam_g07_c03.avi,BalanceBeam,202,8.08,25.0,320,240,320x240,HighJump,UnevenBars
v_BalanceBeam_g07_c04,BalanceBeam\v_BalanceBeam_g07_c04.avi,BalanceBeam,107,4.28,25.0,320,240,320x240,HighJump,UnevenBars
v_BandMarching_g01_c01,BandMarching\v_BandMarching_g01_c01.avi,BandMarching,160,6.4,25.0,320,240,320x240,BandMarching,BandMarching
v_BandMarching_g01_c02,BandMarching\v_BandMarching_g01_c02.avi,BandMarching,162,6.48,25.0,320,240,320x240,BandMarching,BandMarching
v_BandMarching_g01_c03,BandMarching\v_BandMarching_g01_c03.avi,BandMarching,151,6.04,25.0,320,240,320x240,BandMarching,BandMarching
v_BandMarching_g01_c04,BandMarching\v_BandMarching_g01_c04.avi,BandMarching,160,6.4,25.0,320,240,320x240,BandMarching,BandMarching
v_BandMarching_g01_c05,BandMarching\v_BandMarching_g01_c05.avi,BandMarching,168,6.72,25.0,320,240,320x240,BandMarching,BandMarching
v_BandMarching_g01_c06,BandMarching\v_BandMarching_g01_c06.avi,BandMarching,151,6.04,25.0,320,240,320x240,BandMarching,BandMarching
v_BandMarching_g01_c07,BandMarching\v_BandMarching_g01_c07.avi,BandMarching,110,4.4,25.0,320,240,320x240,BandMarching,BandMarching
v_BandMarching_g02_c01,BandMarching\v_BandMarching_g02_c01.avi,BandMarching,156,6.24,25.0,320,240,320x240,BandMarching,BandMarching
v_BandMarching_g02_c02,BandMarching\v_BandMarching_g02_c02.avi,BandMarching,156,6.24,25.0,320,240,320x240,BandMarching,BandMarching
v_BandMarching_g02_c03,BandMarching\v_BandMarching_g02_c03.avi,BandMarching,123,4.92,25.0,320,240,320x240,MilitaryParade,BandMarching
v_BandMarching_g02_c04,BandMarching\v_BandMarching_g02_c04.avi,BandMarching,122,4.88,25.0,320,240,320x240,BandMarching,BandMarching
v_BandMarching_g02_c05,BandMarching\v_BandMarching_g02_c05.avi,BandMarching,123,4.92,25.0,320,240,320x240,BandMarching,BandMarching
v_BandMarching_g02_c06,BandMarching\v_BandMarching_g02_c06.avi,BandMarching,125,5.0,25.0,320,240,320x240,BandMarching,BandMarching
v_BandMarching_g02_c07,BandMarching\v_BandMarching_g02_c07.avi,BandMarching,145,5.8,25.0,320,240,320x240,BandMarching,BandMarching
v_BandMarching_g03_c01,BandMarching\v_BandMarching_g03_c01.avi,BandMarching,405,16.2,25.0,320,240,320x240,BandMarching,BandMarching
v_BandMarching_g03_c02,BandMarching\v_BandMarching_g03_c02.avi,BandMarching,335,13.4,25.0,320,240,320x240,MilitaryParade,BandMarching
v_BandMarching_g03_c03,BandMarching\v_BandMarching_g03_c03.avi,BandMarching,284,11.36,25.0,320,240,320x240,MilitaryParade,MilitaryParade
v_BandMarching_g03_c04,BandMarching\v_BandMarching_g03_c04.avi,BandMarching,471,18.84,25.0,320,240,320x240,MilitaryParade,BandMarching
v_BandMarching_g03_c05,BandMarching\v_BandMarching_g03_c05.avi,BandMarching,270,10.8,25.0,320,240,320x240,MilitaryParade,MilitaryParade
v_BandMarching_g03_c06,BandMarching\v_BandMarching_g03_c06.avi,BandMarching,414,16.56,25.0,320,240,320x240,MilitaryParade,MilitaryParade
v_BandMarching_g03_c07,BandMarching\v_BandMarching_g03_c07.avi,BandMarching,249,9.96,25.0,320,240,320x240,MilitaryParade,BandMarching
v_BandMarching_g04_c01,BandMarching\v_BandMarching_g04_c01.avi,BandMarching,448,17.92,25.0,320,240,320x240,MilitaryParade,MilitaryParade
v_BandMarching_g04_c02,BandMarching\v_BandMarching_g04_c02.avi,BandMarching,210,8.4,25.0,320,240,320x240,BandMarching,BandMarching
v_BandMarching_g04_c03,BandMarching\v_BandMarching_g04_c03.avi,BandMarching,195,7.8,25.0,320,240,320x240,BandMarching,BandMarching
v_BandMarching_g04_c04,BandMarching\v_BandMarching_g04_c04.avi,BandMarching,167,6.68,25.0,320,240,320x240,BandMarching,BandMarching
v_BandMarching_g05_c01,BandMarching\v_BandMarching_g05_c01.avi,BandMarching,47,1.88,25.0,320,240,320x240,BandMarching,BandMarching
v_BandMarching_g05_c02,BandMarching\v_BandMarching_g05_c02.avi,BandMarching,84,3.36,25.0,320,240,320x240,BandMarching,BandMarching
v_BandMarching_g05_c03,BandMarching\v_BandMarching_g05_c03.avi,BandMarching,149,5.96,25.0,320,240,320x240,BandMarching,BandMarching
v_BandMarching_g05_c04,BandMarching\v_BandMarching_g05_c04.avi,BandMarching,89,3.56,25.0,320,240,320x240,BandMarching,BandMarching
v_BandMarching_g05_c05,BandMarching\v_BandMarching_g05_c05.avi,BandMarching,65,2.6,25.0,320,240,320x240,BandMarching,BandMarching
v_BandMarching_g05_c06,BandMarching\v_BandMarching_g05_c06.avi,BandMarching,79,3.16,25.0,320,240,320x240,BandMarching,BandMarching
v_BandMarching_g05_c07,BandMarching\v_BandMarching_g05_c07.avi,BandMarching,62,2.48,25.0,320,240,320x240,BandMarching,BandMarching
v_BandMarching_g06_c01,BandMarching\v_BandMarching_g06_c01.avi,BandMarching,68,2.72,25.0,320,240,320x240,BandMarching,BandMarching
v_BandMarching_g06_c02,BandMarching\v_BandMarching_g06_c02.avi,BandMarching,152,6.08,25.0,320,240,320x240,BandMarching,BandMarching
v_BandMarching_g06_c03,BandMarching\v_BandMarching_g06_c03.avi,BandMarching,105,4.2,25.0,320,240,320x240,BandMarching,BandMarching
v_BandMarching_g06_c04,BandMarching\v_BandMarching_g06_c04.avi,BandMarching,118,4.72,25.0,320,240,320x240,MilitaryParade,BandMarching
v_BandMarching_g07_c01,BandMarching\v_BandMarching_g07_c01.avi,BandMarching,70,2.8,25.0,320,240,320x240,BandMarching,BandMarching
v_BandMarching_g07_c02,BandMarching\v_BandMarching_g07_c02.avi,BandMarching,102,4.08,25.0,320,240,320x240,BandMarching,BandMarching
v_BandMarching_g07_c03,BandMarching\v_BandMarching_g07_c03.avi,BandMarching,105,4.2,25.0,320,240,320x240,BandMarching,BandMarching
v_BandMarching_g07_c04,BandMarching\v_BandMarching_g07_c04.avi,BandMarching,132,5.28,25.0,320,240,320x240,BandMarching,BandMarching
v_BandMarching_g07_c05,BandMarching\v_BandMarching_g07_c05.avi,BandMarching,117,4.68,25.0,320,240,320x240,BandMarching,BandMarching
v_BandMarching_g07_c06,BandMarching\v_BandMarching_g07_c06.avi,BandMarching,146,5.84,25.0,320,240,320x240,BandMarching,BandMarching
v_BandMarching_g07_c07,BandMarching\v_BandMarching_g07_c07.avi,BandMarching,146,5.84,25.0,320,240,320x240,BandMarching,BandMarching
v_BaseballPitch_g01_c01,BaseballPitch\v_BaseballPitch_g01_c01.avi,BaseballPitch,107,3.5702333333333334,29.97002997002997,320,240,320x240,SoccerJuggling,FrisbeeCatch
v_BaseballPitch_g01_c02,BaseballPitch\v_BaseballPitch_g01_c02.avi,BaseballPitch,94,3.1364666666666667,29.97002997002997,320,240,320x240,SoccerJuggling,FrisbeeCatch
v_BaseballPitch_g01_c03,BaseballPitch\v_BaseballPitch_g01_c03.avi,BaseballPitch,104,3.470133333333333,29.97002997002997,320,240,320x240,ThrowDiscus,FrisbeeCatch
v_BaseballPitch_g01_c04,BaseballPitch\v_BaseballPitch_g01_c04.avi,BaseballPitch,105,3.5035000000000003,29.97002997002997,320,240,320x240,SoccerJuggling,FrisbeeCatch
v_BaseballPitch_g01_c05,BaseballPitch\v_BaseballPitch_g01_c05.avi,BaseballPitch,92,3.069733333333333,29.97002997002997,320,240,320x240,SoccerJuggling,FrisbeeCatch
v_BaseballPitch_g01_c06,BaseballPitch\v_BaseballPitch_g01_c06.avi,BaseballPitch,102,3.4034,29.97002997002997,320,240,320x240,SoccerJuggling,FrisbeeCatch
v_BaseballPitch_g02_c01,BaseballPitch\v_BaseballPitch_g02_c01.avi,BaseballPitch,79,2.6359666666666666,29.97002997002997,320,240,320x240,BaseballPitch,BaseballPitch
v_BaseballPitch_g02_c02,BaseballPitch\v_BaseballPitch_g02_c02.avi,BaseballPitch,72,2.4024,29.97002997002997,320,240,320x240,BaseballPitch,BaseballPitch
v_BaseballPitch_g02_c03,BaseballPitch\v_BaseballPitch_g02_c03.avi,BaseballPitch,76,2.5358666666666667,29.97002997002997,320,240,320x240,BaseballPitch,BaseballPitch
v_BaseballPitch_g02_c04,BaseballPitch\v_BaseballPitch_g02_c04.avi,BaseballPitch,85,2.8361666666666667,29.97002997002997,320,240,320x240,BaseballPitch,BaseballPitch
v_BaseballPitch_g03_c01,BaseballPitch\v_BaseballPitch_g03_c01.avi,BaseballPitch,87,2.9029000000000003,29.97002997002997,320,240,320x240,BaseballPitch,BaseballPitch
v_BaseballPitch_g03_c02,BaseballPitch\v_BaseballPitch_g03_c02.avi,BaseballPitch,120,4.004,29.97002997002997,320,240,320x240,BaseballPitch,BaseballPitch
v_BaseballPitch_g03_c03,BaseballPitch\v_BaseballPitch_g03_c03.avi,BaseballPitch,88,2.9362666666666666,29.97002997002997,320,240,320x240,BaseballPitch,BaseballPitch
v_BaseballPitch_g03_c04,BaseballPitch\v_BaseballPitch_g03_c04.avi,BaseballPitch,80,2.6693333333333333,29.97002997002997,320,240,320x240,BaseballPitch,BaseballPitch
v_BaseballPitch_g03_c05,BaseballPitch\v_BaseballPitch_g03_c05.avi,BaseballPitch,70,2.3356666666666666,29.97002997002997,320,240,320x240,BaseballPitch,BaseballPitch
v_BaseballPitch_g03_c06,BaseballPitch\v_BaseballPitch_g03_c06.avi,BaseballPitch,76,2.5358666666666667,29.97002997002997,320,240,320x240,BaseballPitch,BaseballPitch
v_BaseballPitch_g03_c07,BaseballPitch\v_BaseballPitch_g03_c07.avi,BaseballPitch,97,3.2365666666666666,29.97002997002997,320,240,320x240,BaseballPitch,BaseballPitch
v_BaseballPitch_g04_c01,BaseballPitch\v_BaseballPitch_g04_c01.avi,BaseballPitch,213,7.1071,29.97002997002997,320,240,320x240,BaseballPitch,BaseballPitch
v_BaseballPitch_g04_c02,BaseballPitch\v_BaseballPitch_g04_c02.avi,BaseballPitch,114,3.8038,29.97002997002997,320,240,320x240,BaseballPitch,BaseballPitch
v_BaseballPitch_g04_c03,BaseballPitch\v_BaseballPitch_g04_c03.avi,BaseballPitch,99,3.3033,29.97002997002997,320,240,320x240,Swing,BaseballPitch
v_BaseballPitch_g04_c04,BaseballPitch\v_BaseballPitch_g04_c04.avi,BaseballPitch,118,3.937266666666667,29.97002997002997,320,240,320x240,Swing,BaseballPitch
v_BaseballPitch_g04_c05,BaseballPitch\v_BaseballPitch_g04_c05.avi,BaseballPitch,116,3.870533333333333,29.97002997002997,320,240,320x240,Swing,BaseballPitch
v_BaseballPitch_g05_c01,BaseballPitch\v_BaseballPitch_g05_c01.avi,BaseballPitch,118,3.937266666666667,29.97002997002997,320,240,320x240,BaseballPitch,BaseballPitch
v_BaseballPitch_g05_c02,BaseballPitch\v_BaseballPitch_g05_c02.avi,BaseballPitch,94,3.1364666666666667,29.97002997002997,320,240,320x240,BaseballPitch,BaseballPitch
v_BaseballPitch_g05_c03,BaseballPitch\v_BaseballPitch_g05_c03.avi,BaseballPitch,91,3.036366666666667,29.97002997002997,320,240,320x240,BaseballPitch,BaseballPitch
v_BaseballPitch_g05_c04,BaseballPitch\v_BaseballPitch_g05_c04.avi,BaseballPitch,116,3.870533333333333,29.97002997002997,320,240,320x240,BaseballPitch,BaseballPitch
v_BaseballPitch_g05_c05,BaseballPitch\v_BaseballPitch_g05_c05.avi,BaseballPitch,72,2.4024,29.97002997002997,320,240,320x240,BaseballPitch,BaseballPitch
v_BaseballPitch_g05_c06,BaseballPitch\v_BaseballPitch_g05_c06.avi,BaseballPitch,116,3.870533333333333,29.97002997002997,320,240,320x240,BaseballPitch,BaseballPitch
v_BaseballPitch_g05_c07,BaseballPitch\v_BaseballPitch_g05_c07.avi,BaseballPitch,70,2.3356666666666666,29.97002997002997,320,240,320x240,BaseballPitch,BaseballPitch
v_BaseballPitch_g06_c01,BaseballPitch\v_BaseballPitch_g06_c01.avi,BaseballPitch,99,3.3033,29.97002997002997,320,240,320x240,BaseballPitch,BaseballPitch
v_BaseballPitch_g06_c02,BaseballPitch\v_BaseballPitch_g06_c02.avi,BaseballPitch,87,2.9029000000000003,29.97002997002997,320,240,320x240,BaseballPitch,BaseballPitch
v_BaseballPitch_g06_c03,BaseballPitch\v_BaseballPitch_g06_c03.avi,BaseballPitch,105,3.5035000000000003,29.97002997002997,320,240,320x240,BaseballPitch,BaseballPitch
v_BaseballPitch_g06_c04,BaseballPitch\v_BaseballPitch_g06_c04.avi,BaseballPitch,47,1.5682333333333334,29.97002997002997,320,240,320x240,BaseballPitch,BaseballPitch
v_BaseballPitch_g06_c05,BaseballPitch\v_BaseballPitch_g06_c05.avi,BaseballPitch,63,2.1021,29.97002997002997,320,240,320x240,BaseballPitch,BaseballPitch
v_BaseballPitch_g06_c06,BaseballPitch\v_BaseballPitch_g06_c06.avi,BaseballPitch,61,2.0353666666666665,29.97002997002997,320,240,320x240,BaseballPitch,BaseballPitch
v_BaseballPitch_g06_c07,BaseballPitch\v_BaseballPitch_g06_c07.avi,BaseballPitch,81,2.7027,29.97002997002997,320,240,320x240,BaseballPitch,BaseballPitch
v_BaseballPitch_g07_c01,BaseballPitch\v_BaseballPitch_g07_c01.avi,BaseballPitch,65,2.168833333333333,29.97002997002997,320,240,320x240,BaseballPitch,BaseballPitch
v_BaseballPitch_g07_c02,BaseballPitch\v_BaseballPitch_g07_c02.avi,BaseballPitch,138,4.6046000000000005,29.97002997002997,320,240,320x240,BaseballPitch,BaseballPitch
v_BaseballPitch_g07_c03,BaseballPitch\v_BaseballPitch_g07_c03.avi,BaseballPitch,78,2.6026,29.97002997002997,320,240,320x240,BaseballPitch,BaseballPitch
v_BaseballPitch_g07_c04,BaseballPitch\v_BaseballPitch_g07_c04.avi,BaseballPitch,88,2.9362666666666666,29.97002997002997,320,240,320x240,BaseballPitch,BaseballPitch
v_BaseballPitch_g07_c05,BaseballPitch\v_BaseballPitch_g07_c05.avi,BaseballPitch,70,2.3356666666666666,29.97002997002997,320,240,320x240,BaseballPitch,BaseballPitch
v_BaseballPitch_g07_c06,BaseballPitch\v_BaseballPitch_g07_c06.avi,BaseballPitch,78,2.6026,29.97002997002997,320,240,320x240,BaseballPitch,BaseballPitch
v_BaseballPitch_g07_c07,BaseballPitch\v_BaseballPitch_g07_c07.avi,BaseballPitch,80,2.6693333333333333,29.97002997002997,320,240,320x240,BaseballPitch,BaseballPitch
v_Basketball_g01_c01,Basketball\v_Basketball_g01_c01.avi,Basketball,141,4.7047,29.97002997002997,320,240,320x240,BasketballDunk,BasketballDunk
v_Basketball_g01_c02,Basketball\v_Basketball_g01_c02.avi,Basketball,180,6.006,29.97002997002997,320,240,320x240,BasketballDunk,Basketball
v_Basketball_g01_c03,Basketball\v_Basketball_g01_c03.avi,Basketball,206,6.8735333333333335,29.97002997002997,320,240,320x240,BasketballDunk,BasketballDunk
v_Basketball_g01_c04,Basketball\v_Basketball_g01_c04.avi,Basketball,108,3.6036,29.97002997002997,320,240,320x240,BasketballDunk,Basketball
v_Basketball_g01_c05,Basketball\v_Basketball_g01_c05.avi,Basketball,141,4.7047,29.97002997002997,320,240,320x240,BasketballDunk,BasketballDunk
v_Basketball_g01_c06,Basketball\v_Basketball_g01_c06.avi,Basketball,148,4.938266666666666,29.97002997002997,320,240,320x240,BasketballDunk,Basketball
v_Basketball_g01_c07,Basketball\v_Basketball_g01_c07.avi,Basketball,100,3.336666666666667,29.97002997002997,320,240,320x240,BasketballDunk,BasketballDunk
v_Basketball_g02_c01,Basketball\v_Basketball_g02_c01.avi,Basketball,53,1.7684333333333333,29.97002997002997,320,240,320x240,BasketballDunk,BasketballDunk
v_Basketball_g02_c02,Basketball\v_Basketball_g02_c02.avi,Basketball,56,1.8685333333333332,29.97002997002997,320,240,320x240,BasketballDunk,BasketballDunk
v_Basketball_g02_c03,Basketball\v_Basketball_g02_c03.avi,Basketball,112,3.7370666666666663,29.97002997002997,320,240,320x240,BasketballDunk,BasketballDunk
v_Basketball_g02_c04,Basketball\v_Basketball_g02_c04.avi,Basketball,80,2.6693333333333333,29.97002997002997,320,240,320x240,BasketballDunk,BasketballDunk
v_Basketball_g02_c05,Basketball\v_Basketball_g02_c05.avi,Basketball,144,4.8048,29.97002997002997,320,240,320x240,BasketballDunk,BasketballDunk
v_Basketball_g02_c06,Basketball\v_Basketball_g02_c06.avi,Basketball,124,4.137466666666667,29.97002997002997,320,240,320x240,BasketballDunk,BasketballDunk
v_Basketball_g03_c01,Basketball\v_Basketball_g03_c01.avi,Basketball,138,4.6046000000000005,29.97002997002997,320,240,320x240,BasketballDunk,BasketballDunk
v_Basketball_g03_c02,Basketball\v_Basketball_g03_c02.avi,Basketball,126,4.2042,29.97002997002997,320,240,320x240,BasketballDunk,BasketballDunk
v_Basketball_g03_c03,Basketball\v_Basketball_g03_c03.avi,Basketball,120,4.004,29.97002997002997,320,240,320x240,BasketballDunk,BasketballDunk
v_Basketball_g03_c04,Basketball\v_Basketball_g03_c04.avi,Basketball,80,2.6693333333333333,29.97002997002997,320,240,320x240,BasketballDunk,BasketballDunk
v_Basketball_g03_c05,Basketball\v_Basketball_g03_c05.avi,Basketball,123,4.1041,29.97002997002997,320,240,320x240,BasketballDunk,BasketballDunk
v_Basketball_g03_c06,Basketball\v_Basketball_g03_c06.avi,Basketball,86,2.869533333333333,29.97002997002997,320,240,320x240,BasketballDunk,BasketballDunk
v_Basketball_g04_c01,Basketball\v_Basketball_g04_c01.avi,Basketball,109,3.636966666666667,29.97002997002997,320,240,320x240,BasketballDunk,BasketballDunk
v_Basketball_g04_c02,Basketball\v_Basketball_g04_c02.avi,Basketball,104,3.470133333333333,29.97002997002997,320,240,320x240,BasketballDunk,Basketball
v_Basketball_g04_c03,Basketball\v_Basketball_g04_c03.avi,Basketball,106,3.5368666666666666,29.97002997002997,320,240,320x240,BasketballDunk,BasketballDunk
v_Basketball_g04_c04,Basketball\v_Basketball_g04_c04.avi,Basketball,72,2.4024,29.97002997002997,320,240,320x240,BasketballDunk,BasketballDunk
v_Basketball_g05_c01,Basketball\v_Basketball_g05_c01.avi,Basketball,134,4.471133333333333,29.97002997002997,320,240,320x240,BasketballDunk,BasketballDunk
v_Basketball_g05_c02,Basketball\v_Basketball_g05_c02.avi,Basketball,111,3.7037,29.97002997002997,320,240,320x240,Basketball,Basketball
v_Basketball_g05_c03,Basketball\v_Basketball_g05_c03.avi,Basketball,100,3.336666666666667,29.97002997002997,320,240,320x240,BasketballDunk,BasketballDunk
v_Basketball_g05_c04,Basketball\v_Basketball_g05_c04.avi,Basketball,87,2.9029000000000003,29.97002997002997,320,240,320x240,BasketballDunk,BasketballDunk
v_Basketball_g06_c01,Basketball\v_Basketball_g06_c01.avi,Basketball,71,2.3690333333333333,29.97002997002997,320,240,320x240,BasketballDunk,BasketballDunk
v_Basketball_g06_c02,Basketball\v_Basketball_g06_c02.avi,Basketball,101,3.370033333333333,29.97002997002997,320,240,320x240,BasketballDunk,BasketballDunk
v_Basketball_g06_c03,Basketball\v_Basketball_g06_c03.avi,Basketball,91,3.036366666666667,29.97002997002997,320,240,320x240,BasketballDunk,BasketballDunk
v_Basketball_g06_c04,Basketball\v_Basketball_g06_c04.avi,Basketball,77,2.569233333333333,29.97002997002997,320,240,320x240,BasketballDunk,BasketballDunk
v_Basketball_g07_c01,Basketball\v_Basketball_g07_c01.avi,Basketball,142,4.738066666666667,29.97002997002997,320,240,320x240,BasketballDunk,BasketballDunk
v_Basketball_g07_c02,Basketball\v_Basketball_g07_c02.avi,Basketball,101,3.370033333333333,29.97002997002997,320,240,320x240,BasketballDunk,BasketballDunk
v_Basketball_g07_c03,Basketball\v_Basketball_g07_c03.avi,Basketball,150,5.005,29.97002997002997,320,240,320x240,BasketballDunk,BasketballDunk
v_Basketball_g07_c04,Basketball\v_Basketball_g07_c04.avi,Basketball,101,3.370033333333333,29.97002997002997,320,240,320x240,BasketballDunk,BasketballDunk
v_BasketballDunk_g01_c01,BasketballDunk\v_BasketballDunk_g01_c01.avi,BasketballDunk,61,2.44,25.0,320,240,320x240,BasketballDunk,Basketball
v_BasketballDunk_g01_c02,BasketballDunk\v_BasketballDunk_g01_c02.avi,BasketballDunk,65,2.6,25.0,320,240,320x240,BasketballDunk,Basketball
v_BasketballDunk_g01_c03,BasketballDunk\v_BasketballDunk_g01_c03.avi,BasketballDunk,71,2.84,25.0,320,240,320x240,BasketballDunk,BasketballDunk
v_BasketballDunk_g01_c04,BasketballDunk\v_BasketballDunk_g01_c04.avi,BasketballDunk,61,2.44,25.0,320,240,320x240,BasketballDunk,BasketballDunk
v_BasketballDunk_g01_c05,BasketballDunk\v_BasketballDunk_g01_c05.avi,BasketballDunk,66,2.64,25.0,320,240,320x240,BasketballDunk,Basketball
v_BasketballDunk_g01_c06,BasketballDunk\v_BasketballDunk_g01_c06.avi,BasketballDunk,80,3.2,25.0,320,240,320x240,BasketballDunk,Basketball
v_BasketballDunk_g01_c07,BasketballDunk\v_BasketballDunk_g01_c07.avi,BasketballDunk,57,2.28,25.0,320,240,320x240,BasketballDunk,Basketball
v_BasketballDunk_g02_c01,BasketballDunk\v_BasketballDunk_g02_c01.avi,BasketballDunk,56,2.24,25.0,320,240,320x240,Basketball,Basketball
v_BasketballDunk_g02_c02,BasketballDunk\v_BasketballDunk_g02_c02.avi,BasketballDunk,109,4.36,25.0,320,240,320x240,BasketballDunk,Basketball
v_BasketballDunk_g02_c03,BasketballDunk\v_BasketballDunk_g02_c03.avi,BasketballDunk,71,2.84,25.0,320,240,320x240,BasketballDunk,Basketball
v_BasketballDunk_g02_c04,BasketballDunk\v_BasketballDunk_g02_c04.avi,BasketballDunk,58,2.32,25.0,320,240,320x240,BasketballDunk,Basketball
v_BasketballDunk_g03_c01,BasketballDunk\v_BasketballDunk_g03_c01.avi,BasketballDunk,58,2.32,25.0,320,240,320x240,BasketballDunk,BasketballDunk
v_BasketballDunk_g03_c02,BasketballDunk\v_BasketballDunk_g03_c02.avi,BasketballDunk,76,3.04,25.0,320,240,320x240,BasketballDunk,BasketballDunk
v_BasketballDunk_g03_c03,BasketballDunk\v_BasketballDunk_g03_c03.avi,BasketballDunk,74,2.96,25.0,320,240,320x240,BasketballDunk,Basketball
v_BasketballDunk_g03_c04,BasketballDunk\v_BasketballDunk_g03_c04.avi,BasketballDunk,81,3.24,25.0,320,240,320x240,BasketballDunk,Basketball
v_BasketballDunk_g03_c05,BasketballDunk\v_BasketballDunk_g03_c05.avi,BasketballDunk,71,2.84,25.0,320,240,320x240,BasketballDunk,Basketball
v_BasketballDunk_g03_c06,BasketballDunk\v_BasketballDunk_g03_c06.avi,BasketballDunk,66,2.64,25.0,320,240,320x240,BasketballDunk,Basketball
v_BasketballDunk_g04_c01,BasketballDunk\v_BasketballDunk_g04_c01.avi,BasketballDunk,51,2.04,25.0,320,240,320x240,Basketball,Basketball
v_BasketballDunk_g04_c02,BasketballDunk\v_BasketballDunk_g04_c02.avi,BasketballDunk,55,2.2,25.0,320,240,320x240,BasketballDunk,Basketball
v_BasketballDunk_g04_c03,BasketballDunk\v_BasketballDunk_g04_c03.avi,BasketballDunk,62,2.48,25.0,320,240,320x240,Basketball,Basketball
v_BasketballDunk_g04_c04,BasketballDunk\v_BasketballDunk_g04_c04.avi,BasketballDunk,48,1.92,25.0,320,240,320x240,Basketball,Basketball
v_BasketballDunk_g05_c01,BasketballDunk\v_BasketballDunk_g05_c01.avi,BasketballDunk,52,2.08,25.0,320,240,320x240,BasketballDunk,Basketball
v_BasketballDunk_g05_c02,BasketballDunk\v_BasketballDunk_g05_c02.avi,BasketballDunk,80,3.2,25.0,320,240,320x240,Basketball,Basketball
v_BasketballDunk_g05_c03,BasketballDunk\v_BasketballDunk_g05_c03.avi,BasketballDunk,56,2.24,25.0,320,240,320x240,BasketballDunk,Basketball
v_BasketballDunk_g05_c04,BasketballDunk\v_BasketballDunk_g05_c04.avi,BasketballDunk,52,2.08,25.0,320,240,320x240,Basketball,Basketball
v_BasketballDunk_g05_c05,BasketballDunk\v_BasketballDunk_g05_c05.avi,BasketballDunk,53,2.12,25.0,320,240,320x240,Basketball,Basketball
v_BasketballDunk_g05_c06,BasketballDunk\v_BasketballDunk_g05_c06.avi,BasketballDunk,84,3.36,25.0,320,240,320x240,BasketballDunk,Basketball
v_BasketballDunk_g06_c01,BasketballDunk\v_BasketballDunk_g06_c01.avi,BasketballDunk,52,2.08,25.0,320,240,320x240,BasketballDunk,BasketballDunk
v_BasketballDunk_g06_c02,BasketballDunk\v_BasketballDunk_g06_c02.avi,BasketballDunk,61,2.44,25.0,320,240,320x240,BasketballDunk,BasketballDunk
v_BasketballDunk_g06_c03,BasketballDunk\v_BasketballDunk_g06_c03.avi,BasketballDunk,53,2.12,25.0,320,240,320x240,BasketballDunk,BasketballDunk
v_BasketballDunk_g06_c04,BasketballDunk\v_BasketballDunk_g06_c04.avi,BasketballDunk,63,2.52,25.0,320,240,320x240,BasketballDunk,BasketballDunk
v_BasketballDunk_g07_c01,BasketballDunk\v_BasketballDunk_g07_c01.avi,BasketballDunk,42,1.68,25.0,320,240,320x240,Basketball,Basketball
v_BasketballDunk_g07_c02,BasketballDunk\v_BasketballDunk_g07_c02.avi,BasketballDunk,35,1.4,25.0,320,240,320x240,Basketball,Basketball
v_BasketballDunk_g07_c03,BasketballDunk\v_BasketballDunk_g07_c03.avi,BasketballDunk,53,2.12,25.0,320,240,320x240,BasketballDunk,BasketballDunk
v_BasketballDunk_g07_c04,BasketballDunk\v_BasketballDunk_g07_c04.avi,BasketballDunk,46,1.84,25.0,320,240,320x240,Basketball,Basketball
v_BasketballDunk_g07_c05,BasketballDunk\v_BasketballDunk_g07_c05.avi,BasketballDunk,37,1.48,25.0,320,240,320x240,Basketball,Basketball
v_BasketballDunk_g07_c06,BasketballDunk\v_BasketballDunk_g07_c06.avi,BasketballDunk,51,2.04,25.0,320,240,320x240,Basketball,Basketball
v_BenchPress_g01_c01,BenchPress\v_BenchPress_g01_c01.avi,BenchPress,151,6.04,25.0,320,240,320x240,BenchPress,BenchPress
v_BenchPress_g01_c02,BenchPress\v_BenchPress_g01_c02.avi,BenchPress,180,7.2,25.0,320,240,320x240,BenchPress,BenchPress
v_BenchPress_g01_c03,BenchPress\v_BenchPress_g01_c03.avi,BenchPress,104,4.16,25.0,320,240,320x240,BenchPress,BenchPress
v_BenchPress_g01_c04,BenchPress\v_BenchPress_g01_c04.avi,BenchPress,105,4.2,25.0,320,240,320x240,BenchPress,BenchPress
v_BenchPress_g01_c05,BenchPress\v_BenchPress_g01_c05.avi,BenchPress,88,3.52,25.0,320,240,320x240,BenchPress,BenchPress
v_BenchPress_g01_c06,BenchPress\v_BenchPress_g01_c06.avi,BenchPress,111,4.44,25.0,320,240,320x240,BenchPress,BenchPress
v_BenchPress_g02_c01,BenchPress\v_BenchPress_g02_c01.avi,BenchPress,81,3.24,25.0,320,240,320x240,BenchPress,BenchPress
v_BenchPress_g02_c02,BenchPress\v_BenchPress_g02_c02.avi,BenchPress,98,3.92,25.0,320,240,320x240,BenchPress,BenchPress
v_BenchPress_g02_c03,BenchPress\v_BenchPress_g02_c03.avi,BenchPress,221,8.84,25.0,320,240,320x240,BenchPress,BenchPress
v_BenchPress_g02_c04,BenchPress\v_BenchPress_g02_c04.avi,BenchPress,95,3.8,25.0,320,240,320x240,BenchPress,BenchPress
v_BenchPress_g02_c05,BenchPress\v_BenchPress_g02_c05.avi,BenchPress,73,2.92,25.0,320,240,320x240,BenchPress,BenchPress
v_BenchPress_g02_c06,BenchPress\v_BenchPress_g02_c06.avi,BenchPress,72,2.88,25.0,320,240,320x240,BenchPress,BenchPress
v_BenchPress_g02_c07,BenchPress\v_BenchPress_g02_c07.avi,BenchPress,78,3.12,25.0,320,240,320x240,BenchPress,BenchPress
v_BenchPress_g03_c01,BenchPress\v_BenchPress_g03_c01.avi,BenchPress,93,3.72,25.0,320,240,320x240,BenchPress,BenchPress
v_BenchPress_g03_c02,BenchPress\v_BenchPress_g03_c02.avi,BenchPress,100,4.0,25.0,320,240,320x240,BenchPress,BenchPress
v_BenchPress_g03_c03,BenchPress\v_BenchPress_g03_c03.avi,BenchPress,156,6.24,25.0,320,240,320x240,BenchPress,BenchPress
v_BenchPress_g03_c04,BenchPress\v_BenchPress_g03_c04.avi,BenchPress,105,4.2,25.0,320,240,320x240,BenchPress,BenchPress
v_BenchPress_g03_c05,BenchPress\v_BenchPress_g03_c05.avi,BenchPress,84,3.36,25.0,320,240,320x240,BenchPress,BenchPress
v_BenchPress_g03_c06,BenchPress\v_BenchPress_g03_c06.avi,BenchPress,83,3.32,25.0,320,240,320x240,BenchPress,BenchPress
v_BenchPress_g03_c07,BenchPress\v_BenchPress_g03_c07.avi,BenchPress,85,3.4,25.0,320,240,320x240,BenchPress,BenchPress
v_BenchPress_g04_c01,BenchPress\v_BenchPress_g04_c01.avi,BenchPress,70,2.8,25.0,320,240,320x240,BenchPress,BenchPress
v_BenchPress_g04_c02,BenchPress\v_BenchPress_g04_c02.avi,BenchPress,70,2.8,25.0,320,240,320x240,BenchPress,BenchPress
v_BenchPress_g04_c03,BenchPress\v_BenchPress_g04_c03.avi,BenchPress,208,8.32,25.0,320,240,320x240,BenchPress,BenchPress
v_BenchPress_g04_c04,BenchPress\v_BenchPress_g04_c04.avi,BenchPress,204,8.16,25.0,320,240,320x240,BenchPress,BenchPress
v_BenchPress_g04_c05,BenchPress\v_BenchPress_g04_c05.avi,BenchPress,148,5.92,25.0,320,240,320x240,BenchPress,BenchPress
v_BenchPress_g04_c06,BenchPress\v_BenchPress_g04_c06.avi,BenchPress,176,7.04,25.0,320,240,320x240,BenchPress,BenchPress
v_BenchPress_g04_c07,BenchPress\v_BenchPress_g04_c07.avi,BenchPress,75,3.0,25.0,320,240,320x240,BenchPress,BenchPress
v_BenchPress_g05_c01,BenchPress\v_BenchPress_g05_c01.avi,BenchPress,74,2.96,25.0,320,240,320x240,BenchPress,BenchPress
v_BenchPress_g05_c02,BenchPress\v_BenchPress_g05_c02.avi,BenchPress,67,2.68,25.0,320,240,320x240,BenchPress,BenchPress
v_BenchPress_g05_c03,BenchPress\v_BenchPress_g05_c03.avi,BenchPress,65,2.6,25.0,320,240,320x240,BenchPress,BenchPress
v_BenchPress_g05_c04,BenchPress\v_BenchPress_g05_c04.avi,BenchPress,298,11.92,25.0,320,240,320x240,BenchPress,BenchPress
v_BenchPress_g05_c05,BenchPress\v_BenchPress_g05_c05.avi,BenchPress,165,6.6,25.0,320,240,320x240,BenchPress,BenchPress
v_BenchPress_g05_c06,BenchPress\v_BenchPress_g05_c06.avi,BenchPress,195,7.8,25.0,320,240,320x240,BenchPress,BenchPress
v_BenchPress_g05_c07,BenchPress\v_BenchPress_g05_c07.avi,BenchPress,64,2.56,25.0,320,240,320x240,BenchPress,BenchPress
v_BenchPress_g06_c01,BenchPress\v_BenchPress_g06_c01.avi,BenchPress,68,2.72,25.0,320,240,320x240,BenchPress,BenchPress
v_BenchPress_g06_c02,BenchPress\v_BenchPress_g06_c02.avi,BenchPress,66,2.64,25.0,320,240,320x240,BenchPress,BenchPress
v_BenchPress_g06_c03,BenchPress\v_BenchPress_g06_c03.avi,BenchPress,65,2.6,25.0,320,240,320x240,BenchPress,BenchPress
v_BenchPress_g06_c04,BenchPress\v_BenchPress_g06_c04.avi,BenchPress,252,10.08,25.0,320,240,320x240,BenchPress,BenchPress
v_BenchPress_g06_c05,BenchPress\v_BenchPress_g06_c05.avi,BenchPress,128,5.12,25.0,320,240,320x240,BenchPress,BenchPress
v_BenchPress_g06_c06,BenchPress\v_BenchPress_g06_c06.avi,BenchPress,96,3.84,25.0,320,240,320x240,BenchPress,BenchPress
v_BenchPress_g06_c07,BenchPress\v_BenchPress_g06_c07.avi,BenchPress,84,3.36,25.0,320,240,320x240,BenchPress,BenchPress
v_BenchPress_g07_c01,BenchPress\v_BenchPress_g07_c01.avi,BenchPress,73,2.92,25.0,320,240,320x240,BenchPress,BenchPress
v_BenchPress_g07_c02,BenchPress\v_BenchPress_g07_c02.avi,BenchPress,71,2.84,25.0,320,240,320x240,BenchPress,BenchPress
v_BenchPress_g07_c03,BenchPress\v_BenchPress_g07_c03.avi,BenchPress,72,2.88,25.0,320,240,320x240,BenchPress,BenchPress
v_BenchPress_g07_c04,BenchPress\v_BenchPress_g07_c04.avi,BenchPress,272,10.88,25.0,320,240,320x240,BenchPress,BenchPress
v_BenchPress_g07_c05,BenchPress\v_BenchPress_g07_c05.avi,BenchPress,132,5.28,25.0,320,240,320x240,BenchPress,BenchPress
v_BenchPress_g07_c06,BenchPress\v_BenchPress_g07_c06.avi,BenchPress,87,3.48,25.0,320,240,320x240,BenchPress,BenchPress
v_BenchPress_g07_c07,BenchPress\v_BenchPress_g07_c07.avi,BenchPress,79,3.16,25.0,320,240,320x240,BenchPress,BenchPress
v_Biking_g01_c01,Biking\v_Biking_g01_c01.avi,Biking,151,5.038366666666667,29.97002997002997,320,240,320x240,Biking,Biking
v_Biking_g01_c02,Biking\v_Biking_g01_c02.avi,Biking,151,5.038366666666667,29.97002997002997,320,240,320x240,Biking,Biking
v_Biking_g01_c03,Biking\v_Biking_g01_c03.avi,Biking,151,5.038366666666667,29.97002997002997,320,240,320x240,Biking,Biking
v_Biking_g01_c04,Biking\v_Biking_g01_c04.avi,Biking,181,6.039366666666667,29.97002997002997,320,240,320x240,Biking,Biking
v_Biking_g02_c01,Biking\v_Biking_g02_c01.avi,Biking,240,8.008000000000001,29.97002997002997,320,240,320x240,Biking,Biking
v_Biking_g02_c02,Biking\v_Biking_g02_c02.avi,Biking,240,8.008000000000001,29.97002997002997,320,240,320x240,Biking,Biking
v_Biking_g02_c03,Biking\v_Biking_g02_c03.avi,Biking,240,8.008000000000001,29.97002997002997,320,240,320x240,Biking,Biking
v_Biking_g02_c04,Biking\v_Biking_g02_c04.avi,Biking,240,8.008000000000001,29.97002997002997,320,240,320x240,Biking,Biking
v_Biking_g02_c05,Biking\v_Biking_g02_c05.avi,Biking,180,6.006,29.97002997002997,320,240,320x240,Biking,Biking
v_Biking_g02_c06,Biking\v_Biking_g02_c06.avi,Biking,240,8.008000000000001,29.97002997002997,320,240,320x240,Biking,Biking
v_Biking_g02_c07,Biking\v_Biking_g02_c07.avi,Biking,240,8.008000000000001,29.97002997002997,320,240,320x240,Biking,Biking
v_Biking_g03_c01,Biking\v_Biking_g03_c01.avi,Biking,380,12.679333333333334,29.97002997002997,320,240,320x240,Biking,Biking
v_Biking_g03_c02,Biking\v_Biking_g03_c02.avi,Biking,380,12.679333333333334,29.97002997002997,320,240,320x240,Biking,Biking
v_Biking_g03_c03,Biking\v_Biking_g03_c03.avi,Biking,356,11.878533333333332,29.97002997002997,320,240,320x240,Biking,Biking
v_Biking_g03_c04,Biking\v_Biking_g03_c04.avi,Biking,380,12.679333333333334,29.97002997002997,320,240,320x240,Biking,Biking
v_Biking_g04_c01,Biking\v_Biking_g04_c01.avi,Biking,240,8.008000000000001,29.97002997002997,320,240,320x240,Biking,Biking
v_Biking_g04_c02,Biking\v_Biking_g04_c02.avi,Biking,180,6.006,29.97002997002997,320,240,320x240,Biking,Biking
v_Biking_g04_c03,Biking\v_Biking_g04_c03.avi,Biking,240,8.008000000000001,29.97002997002997,320,240,320x240,Biking,Biking
v_Biking_g04_c04,Biking\v_Biking_g04_c04.avi,Biking,216,7.2072,29.97002997002997,320,240,320x240,Biking,Biking
v_Biking_g04_c05,Biking\v_Biking_g04_c05.avi,Biking,213,7.1071,29.97002997002997,320,240,320x240,Biking,Biking
v_Biking_g05_c01,Biking\v_Biking_g05_c01.avi,Biking,300,10.01,29.97002997002997,320,240,320x240,Biking,Biking
v_Biking_g05_c02,Biking\v_Biking_g05_c02.avi,Biking,201,6.7067000000000005,29.97002997002997,320,240,320x240,Biking,Biking
v_Biking_g05_c03,Biking\v_Biking_g05_c03.avi,Biking,201,6.7067000000000005,29.97002997002997,320,240,320x240,Biking,Biking
v_Biking_g05_c04,Biking\v_Biking_g05_c04.avi,Biking,201,6.7067000000000005,29.97002997002997,320,240,320x240,Biking,Biking
v_Biking_g05_c05,Biking\v_Biking_g05_c05.avi,Biking,163,5.438766666666667,29.97002997002997,320,240,320x240,Biking,Biking
v_Biking_g05_c06,Biking\v_Biking_g05_c06.avi,Biking,180,6.006,29.97002997002997,320,240,320x240,Biking,Biking
v_Biking_g05_c07,Biking\v_Biking_g05_c07.avi,Biking,180,6.006,29.97002997002997,320,240,320x240,Biking,Biking
v_Biking_g06_c01,Biking\v_Biking_g06_c01.avi,Biking,101,3.370033333333333,29.97002997002997,320,240,320x240,Biking,Biking
v_Biking_g06_c02,Biking\v_Biking_g06_c02.avi,Biking,157,5.238566666666666,29.97002997002997,320,240,320x240,Biking,Biking
v_Biking_g06_c03,Biking\v_Biking_g06_c03.avi,Biking,201,6.7067000000000005,29.97002997002997,320,240,320x240,Biking,Biking
v_Biking_g06_c04,Biking\v_Biking_g06_c04.avi,Biking,235,7.841166666666667,29.97002997002997,320,240,320x240,Biking,Biking
v_Biking_g06_c05,Biking\v_Biking_g06_c05.avi,Biking,201,6.7067000000000005,29.97002997002997,320,240,320x240,Biking,Biking
v_Biking_g07_c01,Biking\v_Biking_g07_c01.avi,Biking,300,10.01,29.97002997002997,320,240,320x240,Biking,Biking
v_Biking_g07_c02,Biking\v_Biking_g07_c02.avi,Biking,360,12.012,29.97002997002997,320,240,320x240,Biking,Biking
v_Biking_g07_c03,Biking\v_Biking_g07_c03.avi,Biking,400,13.346666666666668,29.97002997002997,320,240,320x240,Biking,Biking
v_Biking_g07_c04,Biking\v_Biking_g07_c04.avi,Biking,300,10.01,29.97002997002997,320,240,320x240,Biking,Biking
v_Biking_g07_c05,Biking\v_Biking_g07_c05.avi,Biking,192,6.4064000000000005,29.97002997002997,320,240,320x240,Biking,Biking
v_Biking_g07_c06,Biking\v_Biking_g07_c06.avi,Biking,240,8.008000000000001,29.97002997002997,320,240,320x240,Biking,Biking
v_Billiards_g01_c01,Billiards\v_Billiards_g01_c01.avi,Billiards,274,10.96,25.0,320,240,320x240,Billiards,Billiards
v_Billiards_g01_c02,Billiards\v_Billiards_g01_c02.avi,Billiards,383,15.32,25.0,320,240,320x240,Billiards,Billiards
v_Billiards_g01_c03,Billiards\v_Billiards_g01_c03.avi,Billiards,395,15.8,25.0,320,240,320x240,Billiards,Billiards
v_Billiards_g01_c04,Billiards\v_Billiards_g01_c04.avi,Billiards,189,7.56,25.0,320,240,320x240,Billiards,Billiards
v_Billiards_g01_c05,Billiards\v_Billiards_g01_c05.avi,Billiards,352,14.08,25.0,320,240,320x240,Billiards,Billiards
v_Billiards_g01_c06,Billiards\v_Billiards_g01_c06.avi,Billiards,298,11.92,25.0,320,240,320x240,Billiards,Billiards
v_Billiards_g02_c01,Billiards\v_Billiards_g02_c01.avi,Billiards,336,13.44,25.0,320,240,320x240,Billiards,Billiards
v_Billiards_g02_c02,Billiards\v_Billiards_g02_c02.avi,Billiards,313,12.52,25.0,320,240,320x240,Billiards,Billiards
v_Billiards_g02_c03,Billiards\v_Billiards_g02_c03.avi,Billiards,392,15.68,25.0,320,240,320x240,Billiards,Billiards
v_Billiards_g02_c04,Billiards\v_Billiards_g02_c04.avi,Billiards,356,14.24,25.0,320,240,320x240,Billiards,Billiards
v_Billiards_g02_c05,Billiards\v_Billiards_g02_c05.avi,Billiards,399,15.96,25.0,320,240,320x240,Billiards,Billiards
v_Billiards_g02_c06,Billiards\v_Billiards_g02_c06.avi,Billiards,336,13.44,25.0,320,240,320x240,Billiards,Billiards
v_Billiards_g02_c07,Billiards\v_Billiards_g02_c07.avi,Billiards,392,15.68,25.0,320,240,320x240,Billiards,Billiards
v_Billiards_g03_c01,Billiards\v_Billiards_g03_c01.avi,Billiards,213,8.52,25.0,320,240,320x240,Billiards,Billiards
v_Billiards_g03_c02,Billiards\v_Billiards_g03_c02.avi,Billiards,383,15.32,25.0,320,240,320x240,Billiards,Billiards
v_Billiards_g03_c03,Billiards\v_Billiards_g03_c03.avi,Billiards,275,11.0,25.0,320,240,320x240,Billiards,Billiards
v_Billiards_g03_c04,Billiards\v_Billiards_g03_c04.avi,Billiards,270,10.8,25.0,320,240,320x240,Billiards,Billiards
v_Billiards_g03_c05,Billiards\v_Billiards_g03_c05.avi,Billiards,287,11.48,25.0,320,240,320x240,Billiards,Billiards
v_Billiards_g04_c01,Billiards\v_Billiards_g04_c01.avi,Billiards,174,6.96,25.0,320,240,320x240,Billiards,Billiards
v_Billiards_g04_c02,Billiards\v_Billiards_g04_c02.avi,Billiards,299,11.96,25.0,320,240,320x240,Billiards,Billiards
v_Billiards_g04_c03,Billiards\v_Billiards_g04_c03.avi,Billiards,268,10.72,25.0,320,240,320x240,Billiards,Billiards
v_Billiards_g04_c04,Billiards\v_Billiards_g04_c04.avi,Billiards,279,11.16,25.0,320,240,320x240,Billiards,Billiards
v_Billiards_g04_c05,Billiards\v_Billiards_g04_c05.avi,Billiards,234,9.36,25.0,320,240,320x240,Billiards,Billiards
v_Billiards_g04_c06,Billiards\v_Billiards_g04_c06.avi,Billiards,297,11.88,25.0,320,240,320x240,Billiards,Billiards
v_Billiards_g04_c07,Billiards\v_Billiards_g04_c07.avi,Billiards,191,7.64,25.0,320,240,320x240,Billiards,Billiards
v_Billiards_g05_c01,Billiards\v_Billiards_g05_c01.avi,Billiards,365,14.6,25.0,320,240,320x240,Billiards,Billiards
v_Billiards_g05_c02,Billiards\v_Billiards_g05_c02.avi,Billiards,481,19.24,25.0,320,240,320x240,Billiards,Billiards
v_Billiards_g05_c03,Billiards\v_Billiards_g05_c03.avi,Billiards,592,23.68,25.0,320,240,320x240,Billiards,Billiards
v_Billiards_g05_c04,Billiards\v_Billiards_g05_c04.avi,Billiards,374,14.96,25.0,320,240,320x240,Billiards,Billiards
v_Billiards_g05_c05,Billiards\v_Billiards_g05_c05.avi,Billiards,303,12.12,25.0,320,240,320x240,Billiards,Billiards
v_Billiards_g05_c06,Billiards\v_Billiards_g05_c06.avi,Billiards,359,14.36,25.0,320,240,320x240,Billiards,Billiards
v_Billiards_g06_c01,Billiards\v_Billiards_g06_c01.avi,Billiards,251,10.04,25.0,320,240,320x240,Billiards,Billiards
v_Billiards_g06_c02,Billiards\v_Billiards_g06_c02.avi,Billiards,346,13.84,25.0,320,240,320x240,Billiards,Billiards
v_Billiards_g06_c03,Billiards\v_Billiards_g06_c03.avi,Billiards,370,14.8,25.0,320,240,320x240,Billiards,Billiards
v_Billiards_g06_c04,Billiards\v_Billiards_g06_c04.avi,Billiards,299,11.96,25.0,320,240,320x240,Billiards,Billiards
v_Billiards_g06_c05,Billiards\v_Billiards_g06_c05.avi,Billiards,261,10.44,25.0,320,240,320x240,Billiards,Billiards
v_Billiards_g07_c01,Billiards\v_Billiards_g07_c01.avi,Billiards,316,12.64,25.0,320,240,320x240,Billiards,Billiards
v_Billiards_g07_c02,Billiards\v_Billiards_g07_c02.avi,Billiards,258,10.32,25.0,320,240,320x240,Billiards,Billiards
v_Billiards_g07_c03,Billiards\v_Billiards_g07_c03.avi,Billiards,273,10.92,25.0,320,240,320x240,Billiards,Billiards
v_Billiards_g07_c04,Billiards\v_Billiards_g07_c04.avi,Billiards,281,11.24,25.0,320,240,320x240,Billiards,Billiards
v_BlowDryHair_g01_c01,BlowDryHair\v_BlowDryHair_g01_c01.avi,BlowDryHair,242,9.68,25.0,320,240,320x240,BlowDryHair,BlowDryHair
v_BlowDryHair_g01_c02,BlowDryHair\v_BlowDryHair_g01_c02.avi,BlowDryHair,219,8.76,25.0,320,240,320x240,BlowDryHair,BlowDryHair
v_BlowDryHair_g01_c03,BlowDryHair\v_BlowDryHair_g01_c03.avi,BlowDryHair,167,6.68,25.0,320,240,320x240,BlowDryHair,BlowDryHair
v_BlowDryHair_g01_c04,BlowDryHair\v_BlowDryHair_g01_c04.avi,BlowDryHair,143,5.72,25.0,320,240,320x240,BlowDryHair,BlowDryHair
v_BlowDryHair_g02_c01,BlowDryHair\v_BlowDryHair_g02_c01.avi,BlowDryHair,128,5.12,25.0,320,240,320x240,BlowDryHair,BlowDryHair
v_BlowDryHair_g02_c02,BlowDryHair\v_BlowDryHair_g02_c02.avi,BlowDryHair,137,5.48,25.0,320,240,320x240,BlowDryHair,BlowDryHair
v_BlowDryHair_g02_c03,BlowDryHair\v_BlowDryHair_g02_c03.avi,BlowDryHair,190,7.6,25.0,320,240,320x240,BlowDryHair,BlowDryHair
v_BlowDryHair_g02_c04,BlowDryHair\v_BlowDryHair_g02_c04.avi,BlowDryHair,210,8.4,25.0,320,240,320x240,BlowDryHair,BlowDryHair
v_BlowDryHair_g02_c05,BlowDryHair\v_BlowDryHair_g02_c05.avi,BlowDryHair,237,9.48,25.0,320,240,320x240,BlowDryHair,BlowDryHair
v_BlowDryHair_g03_c01,BlowDryHair\v_BlowDryHair_g03_c01.avi,BlowDryHair,237,9.48,25.0,320,240,320x240,BlowDryHair,BlowDryHair
v_BlowDryHair_g03_c02,BlowDryHair\v_BlowDryHair_g03_c02.avi,BlowDryHair,242,9.68,25.0,320,240,320x240,BlowDryHair,BlowDryHair
v_BlowDryHair_g03_c03,BlowDryHair\v_BlowDryHair_g03_c03.avi,BlowDryHair,134,5.36,25.0,320,240,320x240,BlowDryHair,BlowDryHair
v_BlowDryHair_g03_c04,BlowDryHair\v_BlowDryHair_g03_c04.avi,BlowDryHair,190,7.6,25.0,320,240,320x240,BlowDryHair,BlowDryHair
v_BlowDryHair_g03_c05,BlowDryHair\v_BlowDryHair_g03_c05.avi,BlowDryHair,119,4.76,25.0,320,240,320x240,BlowDryHair,BlowDryHair
v_BlowDryHair_g04_c01,BlowDryHair\v_BlowDryHair_g04_c01.avi,BlowDryHair,343,13.72,25.0,320,240,320x240,ApplyEyeMakeup,HeadMassage
v_BlowDryHair_g04_c02,BlowDryHair\v_BlowDryHair_g04_c02.avi,BlowDryHair,205,8.2,25.0,320,240,320x240,ApplyEyeMakeup,HeadMassage
v_BlowDryHair_g04_c03,BlowDryHair\v_BlowDryHair_g04_c03.avi,BlowDryHair,170,6.8,25.0,320,240,320x240,HeadMassage,HeadMassage
v_BlowDryHair_g04_c04,BlowDryHair\v_BlowDryHair_g04_c04.avi,BlowDryHair,171,6.84,25.0,320,240,320x240,HeadMassage,HeadMassage
v_BlowDryHair_g04_c05,BlowDryHair\v_BlowDryHair_g04_c05.avi,BlowDryHair,117,4.68,25.0,320,240,320x240,BlowDryHair,BlowDryHair
v_BlowDryHair_g05_c01,BlowDryHair\v_BlowDryHair_g05_c01.avi,BlowDryHair,138,5.52,25.0,320,240,320x240,HeadMassage,Haircut
v_BlowDryHair_g05_c02,BlowDryHair\v_BlowDryHair_g05_c02.avi,BlowDryHair,151,6.04,25.0,320,240,320x240,BlowDryHair,BlowDryHair
v_BlowDryHair_g05_c03,BlowDryHair\v_BlowDryHair_g05_c03.avi,BlowDryHair,188,7.52,25.0,320,240,320x240,BlowDryHair,BlowDryHair
v_BlowDryHair_g05_c04,BlowDryHair\v_BlowDryHair_g05_c04.avi,BlowDryHair,87,3.48,25.0,320,240,320x240,BlowDryHair,BlowDryHair
v_BlowDryHair_g05_c05,BlowDryHair\v_BlowDryHair_g05_c05.avi,BlowDryHair,95,3.8,25.0,320,240,320x240,BlowDryHair,BlowDryHair
v_BlowDryHair_g06_c01,BlowDryHair\v_BlowDryHair_g06_c01.avi,BlowDryHair,194,7.76,25.0,320,240,320x240,BlowDryHair,Haircut
v_BlowDryHair_g06_c02,BlowDryHair\v_BlowDryHair_g06_c02.avi,BlowDryHair,203,8.12,25.0,320,240,320x240,BlowDryHair,Haircut
v_BlowDryHair_g06_c03,BlowDryHair\v_BlowDryHair_g06_c03.avi,BlowDryHair,97,3.88,25.0,320,240,320x240,HeadMassage,Haircut
v_BlowDryHair_g06_c04,BlowDryHair\v_BlowDryHair_g06_c04.avi,BlowDryHair,172,6.88,25.0,320,240,320x240,BlowDryHair,Haircut
v_BlowDryHair_g06_c05,BlowDryHair\v_BlowDryHair_g06_c05.avi,BlowDryHair,223,8.92,25.0,320,240,320x240,BlowDryHair,Haircut
v_BlowDryHair_g06_c06,BlowDryHair\v_BlowDryHair_g06_c06.avi,BlowDryHair,190,7.6,25.0,320,240,320x240,BlowDryHair,Haircut
v_BlowDryHair_g06_c07,BlowDryHair\v_BlowDryHair_g06_c07.avi,BlowDryHair,166,6.64,25.0,320,240,320x240,Haircut,Haircut
v_BlowDryHair_g07_c01,BlowDryHair\v_BlowDryHair_g07_c01.avi,BlowDryHair,68,2.72,25.0,320,240,320x240,BlowDryHair,BlowDryHair
v_BlowDryHair_g07_c02,BlowDryHair\v_BlowDryHair_g07_c02.avi,BlowDryHair,73,2.92,25.0,320,240,320x240,BlowDryHair,BlowDryHair
v_BlowDryHair_g07_c03,BlowDryHair\v_BlowDryHair_g07_c03.avi,BlowDryHair,78,3.12,25.0,320,240,320x240,BlowDryHair,Haircut
v_BlowDryHair_g07_c04,BlowDryHair\v_BlowDryHair_g07_c04.avi,BlowDryHair,78,3.12,25.0,320,240,320x240,BlowDryHair,BlowDryHair
v_BlowDryHair_g07_c05,BlowDryHair\v_BlowDryHair_g07_c05.avi,BlowDryHair,80,3.2,25.0,320,240,320x240,BlowDryHair,Haircut
v_BlowDryHair_g07_c06,BlowDryHair\v_BlowDryHair_g07_c06.avi,BlowDryHair,86,3.44,25.0,320,240,320x240,BlowDryHair,BlowDryHair
v_BlowDryHair_g07_c07,BlowDryHair\v_BlowDryHair_g07_c07.avi,BlowDryHair,85,3.4,25.0,320,240,320x240,BlowDryHair,BlowDryHair
v_BlowingCandles_g01_c01,BlowingCandles\v_BlowingCandles_g01_c01.avi,BlowingCandles,60,2.4,25.0,320,240,320x240,BlowingCandles,BlowingCandles
v_BlowingCandles_g01_c02,BlowingCandles\v_BlowingCandles_g01_c02.avi,BlowingCandles,75,3.0,25.0,320,240,320x240,BlowingCandles,BlowingCandles
v_BlowingCandles_g01_c03,BlowingCandles\v_BlowingCandles_g01_c03.avi,BlowingCandles,125,5.0,25.0,320,240,320x240,BlowingCandles,BlowingCandles
v_BlowingCandles_g01_c04,BlowingCandles\v_BlowingCandles_g01_c04.avi,BlowingCandles,68,2.72,25.0,320,240,320x240,BlowingCandles,BlowingCandles
v_BlowingCandles_g02_c01,BlowingCandles\v_BlowingCandles_g02_c01.avi,BlowingCandles,75,3.0,25.0,320,240,320x240,BlowingCandles,BlowingCandles
v_BlowingCandles_g02_c02,BlowingCandles\v_BlowingCandles_g02_c02.avi,BlowingCandles,115,4.6,25.0,320,240,320x240,BlowingCandles,BlowingCandles
v_BlowingCandles_g02_c03,BlowingCandles\v_BlowingCandles_g02_c03.avi,BlowingCandles,120,4.8,25.0,320,240,320x240,BlowingCandles,BlowingCandles
v_BlowingCandles_g02_c04,BlowingCandles\v_BlowingCandles_g02_c04.avi,BlowingCandles,76,3.04,25.0,320,240,320x240,BlowingCandles,BlowingCandles
v_BlowingCandles_g03_c01,BlowingCandles\v_BlowingCandles_g03_c01.avi,BlowingCandles,75,3.0,25.0,320,240,320x240,BlowingCandles,BlowingCandles
v_BlowingCandles_g03_c02,BlowingCandles\v_BlowingCandles_g03_c02.avi,BlowingCandles,52,2.08,25.0,320,240,320x240,BlowingCandles,BlowingCandles
v_BlowingCandles_g03_c03,BlowingCandles\v_BlowingCandles_g03_c03.avi,BlowingCandles,186,7.44,25.0,320,240,320x240,BlowingCandles,BlowingCandles
v_BlowingCandles_g03_c04,BlowingCandles\v_BlowingCandles_g03_c04.avi,BlowingCandles,52,2.08,25.0,320,240,320x240,BlowingCandles,BlowingCandles
v_BlowingCandles_g04_c01,BlowingCandles\v_BlowingCandles_g04_c01.avi,BlowingCandles,145,5.8,25.0,320,240,320x240,BlowingCandles,BlowingCandles
v_BlowingCandles_g04_c02,BlowingCandles\v_BlowingCandles_g04_c02.avi,BlowingCandles,93,3.72,25.0,320,240,320x240,BlowingCandles,BlowingCandles
v_BlowingCandles_g04_c03,BlowingCandles\v_BlowingCandles_g04_c03.avi,BlowingCandles,56,2.24,25.0,320,240,320x240,BlowingCandles,BlowingCandles
v_BlowingCandles_g04_c04,BlowingCandles\v_BlowingCandles_g04_c04.avi,BlowingCandles,101,4.04,25.0,320,240,320x240,BlowingCandles,BlowingCandles
v_BlowingCandles_g04_c05,BlowingCandles\v_BlowingCandles_g04_c05.avi,BlowingCandles,125,5.0,25.0,320,240,320x240,BlowingCandles,BlowingCandles
v_BlowingCandles_g05_c01,BlowingCandles\v_BlowingCandles_g05_c01.avi,BlowingCandles,93,3.72,25.0,320,240,320x240,BlowingCandles,BlowingCandles
v_BlowingCandles_g05_c02,BlowingCandles\v_BlowingCandles_g05_c02.avi,BlowingCandles,75,3.0,25.0,320,240,320x240,BlowingCandles,BlowingCandles
v_BlowingCandles_g05_c03,BlowingCandles\v_BlowingCandles_g05_c03.avi,BlowingCandles,30,1.2,25.0,320,240,320x240,BlowingCandles,BlowingCandles
v_BlowingCandles_g05_c04,BlowingCandles\v_BlowingCandles_g05_c04.avi,BlowingCandles,82,3.28,25.0,320,240,320x240,BlowingCandles,BlowingCandles
v_BlowingCandles_g05_c05,BlowingCandles\v_BlowingCandles_g05_c05.avi,BlowingCandles,96,3.84,25.0,320,240,320x240,BlowingCandles,BlowingCandles
v_BlowingCandles_g06_c01,BlowingCandles\v_BlowingCandles_g06_c01.avi,BlowingCandles,85,3.4,25.0,320,240,320x240,BlowingCandles,BlowingCandles
v_BlowingCandles_g06_c02,BlowingCandles\v_BlowingCandles_g06_c02.avi,BlowingCandles,141,5.64,25.0,320,240,320x240,BlowingCandles,BlowingCandles
v_BlowingCandles_g06_c03,BlowingCandles\v_BlowingCandles_g06_c03.avi,BlowingCandles,150,6.0,25.0,320,240,320x240,BlowingCandles,BlowingCandles
v_BlowingCandles_g06_c04,BlowingCandles\v_BlowingCandles_g06_c04.avi,BlowingCandles,115,4.6,25.0,320,240,320x240,BlowingCandles,BlowingCandles
v_BlowingCandles_g06_c05,BlowingCandles\v_BlowingCandles_g06_c05.avi,BlowingCandles,150,6.0,25.0,320,240,320x240,BlowingCandles,BlowingCandles
v_BlowingCandles_g06_c06,BlowingCandles\v_BlowingCandles_g06_c06.avi,BlowingCandles,136,5.44,25.0,320,240,320x240,BlowingCandles,BlowingCandles
v_BlowingCandles_g06_c07,BlowingCandles\v_BlowingCandles_g06_c07.avi,BlowingCandles,134,5.36,25.0,320,240,320x240,BlowingCandles,BlowingCandles
v_BlowingCandles_g07_c01,BlowingCandles\v_BlowingCandles_g07_c01.avi,BlowingCandles,50,2.0,25.0,320,240,320x240,BlowingCandles,BlowingCandles
v_BlowingCandles_g07_c02,BlowingCandles\v_BlowingCandles_g07_c02.avi,BlowingCandles,55,2.2,25.0,320,240,320x240,BlowingCandles,BlowingCandles
v_BlowingCandles_g07_c03,BlowingCandles\v_BlowingCandles_g07_c03.avi,BlowingCandles,125,5.0,25.0,320,240,320x240,BlowingCandles,BlowingCandles
v_BlowingCandles_g07_c04,BlowingCandles\v_BlowingCandles_g07_c04.avi,BlowingCandles,75,3.0,25.0,320,240,320x240,BlowingCandles,BlowingCandles
v_BodyWeightSquats_g01_c01,BodyWeightSquats\v_BodyWeightSquats_g01_c01.avi,BodyWeightSquats,267,10.68,25.0,320,240,320x240,Lunges,Lunges
v_BodyWeightSquats_g01_c02,BodyWeightSquats\v_BodyWeightSquats_g01_c02.avi,BodyWeightSquats,252,10.08,25.0,320,240,320x240,Lunges,Lunges
v_BodyWeightSquats_g01_c03,BodyWeightSquats\v_BodyWeightSquats_g01_c03.avi,BodyWeightSquats,250,10.0,25.0,320,240,320x240,Lunges,Lunges
v_BodyWeightSquats_g01_c04,BodyWeightSquats\v_BodyWeightSquats_g01_c04.avi,BodyWeightSquats,174,6.96,25.0,320,240,320x240,Lunges,Lunges
v_BodyWeightSquats_g02_c01,BodyWeightSquats\v_BodyWeightSquats_g02_c01.avi,BodyWeightSquats,102,4.08,25.0,320,240,320x240,CleanAndJerk,CleanAndJerk
v_BodyWeightSquats_g02_c02,BodyWeightSquats\v_BodyWeightSquats_g02_c02.avi,BodyWeightSquats,57,2.28,25.0,320,240,320x240,CleanAndJerk,CleanAndJerk
v_BodyWeightSquats_g02_c03,BodyWeightSquats\v_BodyWeightSquats_g02_c03.avi,BodyWeightSquats,117,4.68,25.0,320,240,320x240,CleanAndJerk,CleanAndJerk
v_BodyWeightSquats_g02_c04,BodyWeightSquats\v_BodyWeightSquats_g02_c04.avi,BodyWeightSquats,121,4.84,25.0,320,240,320x240,PullUps,CleanAndJerk
v_BodyWeightSquats_g03_c01,BodyWeightSquats\v_BodyWeightSquats_g03_c01.avi,BodyWeightSquats,132,5.28,25.0,320,240,320x240,HulaHoop,YoYo
v_BodyWeightSquats_g03_c02,BodyWeightSquats\v_BodyWeightSquats_g03_c02.avi,BodyWeightSquats,52,2.08,25.0,320,240,320x240,HulaHoop,YoYo
v_BodyWeightSquats_g03_c03,BodyWeightSquats\v_BodyWeightSquats_g03_c03.avi,BodyWeightSquats,48,1.92,25.0,320,240,320x240,HulaHoop,YoYo
v_BodyWeightSquats_g03_c04,BodyWeightSquats\v_BodyWeightSquats_g03_c04.avi,BodyWeightSquats,101,4.04,25.0,320,240,320x240,HulaHoop,YoYo
v_BodyWeightSquats_g03_c05,BodyWeightSquats\v_BodyWeightSquats_g03_c05.avi,BodyWeightSquats,75,3.0,25.0,320,240,320x240,JumpRope,YoYo
v_BodyWeightSquats_g04_c01,BodyWeightSquats\v_BodyWeightSquats_g04_c01.avi,BodyWeightSquats,130,5.2,25.0,320,240,320x240,Lunges,Lunges
v_BodyWeightSquats_g04_c02,BodyWeightSquats\v_BodyWeightSquats_g04_c02.avi,BodyWeightSquats,59,2.36,25.0,320,240,320x240,Lunges,BodyWeightSquats
v_BodyWeightSquats_g04_c03,BodyWeightSquats\v_BodyWeightSquats_g04_c03.avi,BodyWeightSquats,88,3.52,25.0,320,240,320x240,Lunges,Lunges
v_BodyWeightSquats_g04_c04,BodyWeightSquats\v_BodyWeightSquats_g04_c04.avi,BodyWeightSquats,63,2.52,25.0,320,240,320x240,Lunges,Lunges
v_BodyWeightSquats_g05_c01,BodyWeightSquats\v_BodyWeightSquats_g05_c01.avi,BodyWeightSquats,71,2.84,25.0,320,240,320x240,CleanAndJerk,Lunges
v_BodyWeightSquats_g05_c02,BodyWeightSquats\v_BodyWeightSquats_g05_c02.avi,BodyWeightSquats,135,5.4,25.0,320,240,320x240,CleanAndJerk,CleanAndJerk
v_BodyWeightSquats_g05_c03,BodyWeightSquats\v_BodyWeightSquats_g05_c03.avi,BodyWeightSquats,54,2.16,25.0,320,240,320x240,Lunges,Lunges
v_BodyWeightSquats_g05_c04,BodyWeightSquats\v_BodyWeightSquats_g05_c04.avi,BodyWeightSquats,260,10.4,25.0,320,240,320x240,Lunges,CleanAndJerk
v_BodyWeightSquats_g06_c01,BodyWeightSquats\v_BodyWeightSquats_g06_c01.avi,BodyWeightSquats,179,7.16,25.0,320,240,320x240,BodyWeightSquats,Nunchucks
v_BodyWeightSquats_g06_c02,BodyWeightSquats\v_BodyWeightSquats_g06_c02.avi,BodyWeightSquats,122,4.88,25.0,320,240,320x240,BodyWeightSquats,Nunchucks
v_BodyWeightSquats_g06_c03,BodyWeightSquats\v_BodyWeightSquats_g06_c03.avi,BodyWeightSquats,152,6.08,25.0,320,240,320x240,BodyWeightSquats,TaiChi
v_BodyWeightSquats_g06_c04,BodyWeightSquats\v_BodyWeightSquats_g06_c04.avi,BodyWeightSquats,95,3.8,25.0,320,240,320x240,BodyWeightSquats,TaiChi
v_BodyWeightSquats_g06_c05,BodyWeightSquats\v_BodyWeightSquats_g06_c05.avi,BodyWeightSquats,177,7.08,25.0,320,240,320x240,BodyWeightSquats,JumpingJack
v_BodyWeightSquats_g07_c01,BodyWeightSquats\v_BodyWeightSquats_g07_c01.avi,BodyWeightSquats,123,4.92,25.0,320,240,320x240,Lunges,Lunges
v_BodyWeightSquats_g07_c02,BodyWeightSquats\v_BodyWeightSquats_g07_c02.avi,BodyWeightSquats,103,4.12,25.0,320,240,320x240,Lunges,Lunges
v_BodyWeightSquats_g07_c03,BodyWeightSquats\v_BodyWeightSquats_g07_c03.avi,BodyWeightSquats,83,3.32,25.0,320,240,320x240,Lunges,Lunges
v_BodyWeightSquats_g07_c04,BodyWeightSquats\v_BodyWeightSquats_g07_c04.avi,BodyWeightSquats,54,2.16,25.0,320,240,320x240,Lunges,Lunges
v_Bowling_g01_c01,Bowling\v_Bowling_g01_c01.avi,Bowling,159,6.36,25.0,320,240,320x240,Bowling,Bowling
v_Bowling_g01_c02,Bowling\v_Bowling_g01_c02.avi,Bowling,125,5.0,25.0,320,240,320x240,Bowling,Bowling
v_Bowling_g01_c03,Bowling\v_Bowling_g01_c03.avi,Bowling,130,5.2,25.0,320,240,320x240,Bowling,Bowling
v_Bowling_g01_c04,Bowling\v_Bowling_g01_c04.avi,Bowling,155,6.2,25.0,320,240,320x240,Bowling,Bowling
v_Bowling_g01_c05,Bowling\v_Bowling_g01_c05.avi,Bowling,185,7.4,25.0,320,240,320x240,Bowling,Bowling
v_Bowling_g01_c06,Bowling\v_Bowling_g01_c06.avi,Bowling,148,5.92,25.0,320,240,320x240,Bowling,Bowling
v_Bowling_g01_c07,Bowling\v_Bowling_g01_c07.avi,Bowling,131,5.24,25.0,320,240,320x240,Bowling,Bowling
v_Bowling_g02_c01,Bowling\v_Bowling_g02_c01.avi,Bowling,82,3.28,25.0,320,240,320x240,Bowling,Bowling
v_Bowling_g02_c02,Bowling\v_Bowling_g02_c02.avi,Bowling,148,5.92,25.0,320,240,320x240,Bowling,Bowling
v_Bowling_g02_c03,Bowling\v_Bowling_g02_c03.avi,Bowling,119,4.76,25.0,320,240,320x240,Bowling,Bowling
v_Bowling_g02_c04,Bowling\v_Bowling_g02_c04.avi,Bowling,117,4.68,25.0,320,240,320x240,Bowling,Bowling
v_Bowling_g03_c01,Bowling\v_Bowling_g03_c01.avi,Bowling,159,6.36,25.0,320,240,320x240,Bowling,Bowling
v_Bowling_g03_c02,Bowling\v_Bowling_g03_c02.avi,Bowling,139,5.56,25.0,320,240,320x240,Bowling,Bowling
v_Bowling_g03_c03,Bowling\v_Bowling_g03_c03.avi,Bowling,138,5.52,25.0,320,240,320x240,Bowling,Bowling
v_Bowling_g03_c04,Bowling\v_Bowling_g03_c04.avi,Bowling,139,5.56,25.0,320,240,320x240,Bowling,Bowling
v_Bowling_g03_c05,Bowling\v_Bowling_g03_c05.avi,Bowling,145,5.8,25.0,320,240,320x240,Bowling,Bowling
v_Bowling_g03_c06,Bowling\v_Bowling_g03_c06.avi,Bowling,141,5.64,25.0,320,240,320x240,Bowling,Bowling
v_Bowling_g03_c07,Bowling\v_Bowling_g03_c07.avi,Bowling,109,4.36,25.0,320,240,320x240,Bowling,Bowling
v_Bowling_g04_c01,Bowling\v_Bowling_g04_c01.avi,Bowling,122,4.88,25.0,320,240,320x240,Bowling,Bowling
v_Bowling_g04_c02,Bowling\v_Bowling_g04_c02.avi,Bowling,139,5.56,25.0,320,240,320x240,Bowling,Bowling
v_Bowling_g04_c03,Bowling\v_Bowling_g04_c03.avi,Bowling,137,5.48,25.0,320,240,320x240,Bowling,Bowling
v_Bowling_g04_c04,Bowling\v_Bowling_g04_c04.avi,Bowling,50,2.0,25.0,320,240,320x240,Bowling,Bowling
v_Bowling_g05_c01,Bowling\v_Bowling_g05_c01.avi,Bowling,115,4.6,25.0,320,240,320x240,Bowling,Bowling
v_Bowling_g05_c02,Bowling\v_Bowling_g05_c02.avi,Bowling,128,5.12,25.0,320,240,320x240,Bowling,Bowling
v_Bowling_g05_c03,Bowling\v_Bowling_g05_c03.avi,Bowling,150,6.0,25.0,320,240,320x240,Bowling,Bowling
v_Bowling_g05_c04,Bowling\v_Bowling_g05_c04.avi,Bowling,121,4.84,25.0,320,240,320x240,Bowling,Bowling
v_Bowling_g05_c05,Bowling\v_Bowling_g05_c05.avi,Bowling,118,4.72,25.0,320,240,320x240,Bowling,Bowling
v_Bowling_g05_c06,Bowling\v_Bowling_g05_c06.avi,Bowling,150,6.0,25.0,320,240,320x240,Bowling,Bowling
v_Bowling_g05_c07,Bowling\v_Bowling_g05_c07.avi,Bowling,112,4.48,25.0,320,240,320x240,Bowling,Bowling
v_Bowling_g06_c01,Bowling\v_Bowling_g06_c01.avi,Bowling,138,5.52,25.0,320,240,320x240,Bowling,Bowling
v_Bowling_g06_c02,Bowling\v_Bowling_g06_c02.avi,Bowling,132,5.28,25.0,320,240,320x240,Bowling,Bowling
v_Bowling_g06_c03,Bowling\v_Bowling_g06_c03.avi,Bowling,70,2.8,25.0,320,240,320x240,Bowling,Bowling
v_Bowling_g06_c04,Bowling\v_Bowling_g06_c04.avi,Bowling,72,2.88,25.0,320,240,320x240,Bowling,Bowling
v_Bowling_g06_c05,Bowling\v_Bowling_g06_c05.avi,Bowling,130,5.2,25.0,320,240,320x240,Bowling,Bowling
v_Bowling_g06_c06,Bowling\v_Bowling_g06_c06.avi,Bowling,65,2.6,25.0,320,240,320x240,Bowling,Bowling
v_Bowling_g06_c07,Bowling\v_Bowling_g06_c07.avi,Bowling,139,5.56,25.0,320,240,320x240,Bowling,Bowling
v_Bowling_g07_c01,Bowling\v_Bowling_g07_c01.avi,Bowling,144,5.76,25.0,320,240,320x240,Bowling,Bowling
v_Bowling_g07_c02,Bowling\v_Bowling_g07_c02.avi,Bowling,100,4.0,25.0,320,240,320x240,Bowling,Bowling
v_Bowling_g07_c03,Bowling\v_Bowling_g07_c03.avi,Bowling,150,6.0,25.0,320,240,320x240,Bowling,Bowling
v_Bowling_g07_c04,Bowling\v_Bowling_g07_c04.avi,Bowling,125,5.0,25.0,320,240,320x240,Bowling,Bowling
v_Bowling_g07_c05,Bowling\v_Bowling_g07_c05.avi,Bowling,141,5.64,25.0,320,240,320x240,Bowling,Bowling
v_Bowling_g07_c06,Bowling\v_Bowling_g07_c06.avi,Bowling,121,4.84,25.0,320,240,320x240,Bowling,Bowling
v_Bowling_g07_c07,Bowling\v_Bowling_g07_c07.avi,Bowling,130,5.2,25.0,320,240,320x240,Bowling,Bowling
v_BoxingPunchingBag_g01_c01,BoxingPunchingBag\v_BoxingPunchingBag_g01_c01.avi,BoxingPunchingBag,129,5.16,25.0,320,240,320x240,BoxingPunchingBag,BoxingPunchingBag
v_BoxingPunchingBag_g01_c02,BoxingPunchingBag\v_BoxingPunchingBag_g01_c02.avi,BoxingPunchingBag,159,6.36,25.0,320,240,320x240,BoxingPunchingBag,BoxingPunchingBag
v_BoxingPunchingBag_g01_c03,BoxingPunchingBag\v_BoxingPunchingBag_g01_c03.avi,BoxingPunchingBag,148,5.92,25.0,320,240,320x240,BoxingPunchingBag,BoxingPunchingBag
v_BoxingPunchingBag_g01_c04,BoxingPunchingBag\v_BoxingPunchingBag_g01_c04.avi,BoxingPunchingBag,169,6.76,25.0,320,240,320x240,BoxingPunchingBag,BoxingPunchingBag
v_BoxingPunchingBag_g01_c05,BoxingPunchingBag\v_BoxingPunchingBag_g01_c05.avi,BoxingPunchingBag,169,6.76,25.0,320,240,320x240,BoxingPunchingBag,BoxingPunchingBag
v_BoxingPunchingBag_g01_c06,BoxingPunchingBag\v_BoxingPunchingBag_g01_c06.avi,BoxingPunchingBag,164,6.56,25.0,320,240,320x240,BoxingPunchingBag,BoxingPunchingBag
v_BoxingPunchingBag_g01_c07,BoxingPunchingBag\v_BoxingPunchingBag_g01_c07.avi,BoxingPunchingBag,153,6.12,25.0,320,240,320x240,BoxingPunchingBag,BoxingPunchingBag
v_BoxingPunchingBag_g02_c01,BoxingPunchingBag\v_BoxingPunchingBag_g02_c01.avi,BoxingPunchingBag,131,5.24,25.0,320,240,320x240,BoxingSpeedBag,BoxingSpeedBag
v_BoxingPunchingBag_g02_c02,BoxingPunchingBag\v_BoxingPunchingBag_g02_c02.avi,BoxingPunchingBag,281,11.24,25.0,320,240,320x240,BoxingPunchingBag,BoxingSpeedBag
v_BoxingPunchingBag_g02_c03,BoxingPunchingBag\v_BoxingPunchingBag_g02_c03.avi,BoxingPunchingBag,229,9.16,25.0,320,240,320x240,BoxingPunchingBag,BoxingSpeedBag
v_BoxingPunchingBag_g02_c04,BoxingPunchingBag\v_BoxingPunchingBag_g02_c04.avi,BoxingPunchingBag,223,8.92,25.0,320,240,320x240,BoxingPunchingBag,BoxingSpeedBag
v_BoxingPunchingBag_g02_c05,BoxingPunchingBag\v_BoxingPunchingBag_g02_c05.avi,BoxingPunchingBag,169,6.76,25.0,320,240,320x240,BoxingPunchingBag,BoxingSpeedBag
v_BoxingPunchingBag_g02_c06,BoxingPunchingBag\v_BoxingPunchingBag_g02_c06.avi,BoxingPunchingBag,179,7.16,25.0,320,240,320x240,BoxingPunchingBag,BoxingSpeedBag
v_BoxingPunchingBag_g02_c07,BoxingPunchingBag\v_BoxingPunchingBag_g02_c07.avi,BoxingPunchingBag,285,11.4,25.0,320,240,320x240,BoxingSpeedBag,BoxingSpeedBag
v_BoxingPunchingBag_g03_c01,BoxingPunchingBag\v_BoxingPunchingBag_g03_c01.avi,BoxingPunchingBag,176,7.04,25.0,320,240,320x240,BoxingSpeedBag,BoxingSpeedBag
v_BoxingPunchingBag_g03_c02,BoxingPunchingBag\v_BoxingPunchingBag_g03_c02.avi,BoxingPunchingBag,152,6.08,25.0,320,240,320x240,BoxingSpeedBag,BoxingSpeedBag
v_BoxingPunchingBag_g03_c03,BoxingPunchingBag\v_BoxingPunchingBag_g03_c03.avi,BoxingPunchingBag,185,7.4,25.0,320,240,320x240,BoxingSpeedBag,BoxingSpeedBag
v_BoxingPunchingBag_g03_c04,BoxingPunchingBag\v_BoxingPunchingBag_g03_c04.avi,BoxingPunchingBag,273,10.92,25.0,320,240,320x240,BoxingSpeedBag,BoxingSpeedBag
v_BoxingPunchingBag_g03_c05,BoxingPunchingBag\v_BoxingPunchingBag_g03_c05.avi,BoxingPunchingBag,170,6.8,25.0,320,240,320x240,BoxingSpeedBag,BoxingSpeedBag
v_BoxingPunchingBag_g03_c06,BoxingPunchingBag\v_BoxingPunchingBag_g03_c06.avi,BoxingPunchingBag,140,5.6,25.0,320,240,320x240,BoxingSpeedBag,BoxingSpeedBag
v_BoxingPunchingBag_g03_c07,BoxingPunchingBag\v_BoxingPunchingBag_g03_c07.avi,BoxingPunchingBag,227,9.08,25.0,320,240,320x240,BoxingSpeedBag,BoxingSpeedBag
v_BoxingPunchingBag_g04_c01,BoxingPunchingBag\v_BoxingPunchingBag_g04_c01.avi,BoxingPunchingBag,245,9.8,25.0,320,240,320x240,BoxingPunchingBag,BoxingPunchingBag
v_BoxingPunchingBag_g04_c02,BoxingPunchingBag\v_BoxingPunchingBag_g04_c02.avi,BoxingPunchingBag,271,10.84,25.0,320,240,320x240,BoxingPunchingBag,BoxingPunchingBag
v_BoxingPunchingBag_g04_c03,BoxingPunchingBag\v_BoxingPunchingBag_g04_c03.avi,BoxingPunchingBag,212,8.48,25.0,320,240,320x240,BoxingPunchingBag,BoxingPunchingBag
v_BoxingPunchingBag_g04_c04,BoxingPunchingBag\v_BoxingPunchingBag_g04_c04.avi,BoxingPunchingBag,206,8.24,25.0,320,240,320x240,BoxingPunchingBag,BoxingPunchingBag
v_BoxingPunchingBag_g04_c05,BoxingPunchingBag\v_BoxingPunchingBag_g04_c05.avi,BoxingPunchingBag,258,10.32,25.0,320,240,320x240,BoxingPunchingBag,BoxingPunchingBag
v_BoxingPunchingBag_g04_c06,BoxingPunchingBag\v_BoxingPunchingBag_g04_c06.avi,BoxingPunchingBag,205,8.2,25.0,320,240,320x240,BoxingPunchingBag,BoxingPunchingBag
v_BoxingPunchingBag_g04_c07,BoxingPunchingBag\v_BoxingPunchingBag_g04_c07.avi,BoxingPunchingBag,226,9.04,25.0,320,240,320x240,BoxingPunchingBag,BoxingPunchingBag
v_BoxingPunchingBag_g05_c01,BoxingPunchingBag\v_BoxingPunchingBag_g05_c01.avi,BoxingPunchingBag,296,11.84,25.0,320,240,320x240,BoxingPunchingBag,BoxingSpeedBag
v_BoxingPunchingBag_g05_c02,BoxingPunchingBag\v_BoxingPunchingBag_g05_c02.avi,BoxingPunchingBag,219,8.76,25.0,320,240,320x240,BoxingPunchingBag,BoxingSpeedBag
v_BoxingPunchingBag_g05_c03,BoxingPunchingBag\v_BoxingPunchingBag_g05_c03.avi,BoxingPunchingBag,232,9.28,25.0,320,240,320x240,BoxingPunchingBag,BoxingSpeedBag
v_BoxingPunchingBag_g05_c04,BoxingPunchingBag\v_BoxingPunchingBag_g05_c04.avi,BoxingPunchingBag,238,9.52,25.0,320,240,320x240,BoxingPunchingBag,BoxingSpeedBag
v_BoxingPunchingBag_g05_c05,BoxingPunchingBag\v_BoxingPunchingBag_g05_c05.avi,BoxingPunchingBag,246,9.84,25.0,320,240,320x240,BoxingPunchingBag,BoxingSpeedBag
v_BoxingPunchingBag_g05_c06,BoxingPunchingBag\v_BoxingPunchingBag_g05_c06.avi,BoxingPunchingBag,246,9.84,25.0,320,240,320x240,BoxingPunchingBag,BoxingSpeedBag
v_BoxingPunchingBag_g05_c07,BoxingPunchingBag\v_BoxingPunchingBag_g05_c07.avi,BoxingPunchingBag,200,8.0,25.0,320,240,320x240,BoxingPunchingBag,BoxingSpeedBag
v_BoxingPunchingBag_g06_c01,BoxingPunchingBag\v_BoxingPunchingBag_g06_c01.avi,BoxingPunchingBag,132,5.28,25.0,320,240,320x240,BoxingSpeedBag,BoxingSpeedBag
v_BoxingPunchingBag_g06_c02,BoxingPunchingBag\v_BoxingPunchingBag_g06_c02.avi,BoxingPunchingBag,128,5.12,25.0,320,240,320x240,BoxingSpeedBag,BoxingSpeedBag
v_BoxingPunchingBag_g06_c03,BoxingPunchingBag\v_BoxingPunchingBag_g06_c03.avi,BoxingPunchingBag,131,5.24,25.0,320,240,320x240,BoxingSpeedBag,BoxingSpeedBag
v_BoxingPunchingBag_g06_c04,BoxingPunchingBag\v_BoxingPunchingBag_g06_c04.avi,BoxingPunchingBag,127,5.08,25.0,320,240,320x240,BoxingSpeedBag,BoxingSpeedBag
v_BoxingPunchingBag_g06_c05,BoxingPunchingBag\v_BoxingPunchingBag_g06_c05.avi,BoxingPunchingBag,65,2.6,25.0,320,240,320x240,BoxingSpeedBag,BoxingSpeedBag
v_BoxingPunchingBag_g06_c06,BoxingPunchingBag\v_BoxingPunchingBag_g06_c06.avi,BoxingPunchingBag,135,5.4,25.0,320,240,320x240,BoxingSpeedBag,BoxingPunchingBag
v_BoxingPunchingBag_g06_c07,BoxingPunchingBag\v_BoxingPunchingBag_g06_c07.avi,BoxingPunchingBag,161,6.44,25.0,320,240,320x240,BoxingSpeedBag,BoxingSpeedBag
v_BoxingPunchingBag_g07_c01,BoxingPunchingBag\v_BoxingPunchingBag_g07_c01.avi,BoxingPunchingBag,252,10.08,25.0,320,240,320x240,BoxingSpeedBag,BoxingPunchingBag
v_BoxingPunchingBag_g07_c02,BoxingPunchingBag\v_BoxingPunchingBag_g07_c02.avi,BoxingPunchingBag,275,11.0,25.0,320,240,320x240,BoxingSpeedBag,BoxingPunchingBag
v_BoxingPunchingBag_g07_c03,BoxingPunchingBag\v_BoxingPunchingBag_g07_c03.avi,BoxingPunchingBag,287,11.48,25.0,320,240,320x240,BoxingSpeedBag,BoxingPunchingBag
v_BoxingPunchingBag_g07_c04,BoxingPunchingBag\v_BoxingPunchingBag_g07_c04.avi,BoxingPunchingBag,285,11.4,25.0,320,240,320x240,BoxingSpeedBag,BoxingPunchingBag
v_BoxingPunchingBag_g07_c05,BoxingPunchingBag\v_BoxingPunchingBag_g07_c05.avi,BoxingPunchingBag,311,12.44,25.0,320,240,320x240,BoxingSpeedBag,BoxingPunchingBag
v_BoxingPunchingBag_g07_c06,BoxingPunchingBag\v_BoxingPunchingBag_g07_c06.avi,BoxingPunchingBag,279,11.16,25.0,320,240,320x240,BoxingSpeedBag,BoxingSpeedBag
v_BoxingPunchingBag_g07_c07,BoxingPunchingBag\v_BoxingPunchingBag_g07_c07.avi,BoxingPunchingBag,253,10.12,25.0,320,240,320x240,BoxingSpeedBag,BoxingPunchingBag
v_BoxingSpeedBag_g01_c01,BoxingSpeedBag\v_BoxingSpeedBag_g01_c01.avi,BoxingSpeedBag,131,5.24,25.0,320,240,320x240,BoxingSpeedBag,BoxingPunchingBag
v_BoxingSpeedBag_g01_c02,BoxingSpeedBag\v_BoxingSpeedBag_g01_c02.avi,BoxingSpeedBag,124,4.96,25.0,320,240,320x240,BoxingPunchingBag,BoxingPunchingBag
v_BoxingSpeedBag_g01_c03,BoxingSpeedBag\v_BoxingSpeedBag_g01_c03.avi,BoxingSpeedBag,99,3.96,25.0,320,240,320x240,BoxingPunchingBag,BoxingPunchingBag
v_BoxingSpeedBag_g01_c04,BoxingSpeedBag\v_BoxingSpeedBag_g01_c04.avi,BoxingSpeedBag,71,2.84,25.0,320,240,320x240,BoxingPunchingBag,BoxingPunchingBag
v_BoxingSpeedBag_g02_c01,BoxingSpeedBag\v_BoxingSpeedBag_g02_c01.avi,BoxingSpeedBag,171,6.84,25.0,320,240,320x240,Drumming,PizzaTossing
v_BoxingSpeedBag_g02_c02,BoxingSpeedBag\v_BoxingSpeedBag_g02_c02.avi,BoxingSpeedBag,199,7.96,25.0,320,240,320x240,Drumming,PizzaTossing
v_BoxingSpeedBag_g02_c03,BoxingSpeedBag\v_BoxingSpeedBag_g02_c03.avi,BoxingSpeedBag,178,7.12,25.0,320,240,320x240,Drumming,PizzaTossing
v_BoxingSpeedBag_g02_c04,BoxingSpeedBag\v_BoxingSpeedBag_g02_c04.avi,BoxingSpeedBag,136,5.44,25.0,320,240,320x240,Drumming,Drumming
v_BoxingSpeedBag_g03_c01,BoxingSpeedBag\v_BoxingSpeedBag_g03_c01.avi,BoxingSpeedBag,120,4.8,25.0,320,240,320x240,BoxingSpeedBag,BoxingSpeedBag
v_BoxingSpeedBag_g03_c02,BoxingSpeedBag\v_BoxingSpeedBag_g03_c02.avi,BoxingSpeedBag,138,5.52,25.0,320,240,320x240,BoxingSpeedBag,BoxingSpeedBag
v_BoxingSpeedBag_g03_c03,BoxingSpeedBag\v_BoxingSpeedBag_g03_c03.avi,BoxingSpeedBag,132,5.28,25.0,320,240,320x240,BoxingSpeedBag,BoxingSpeedBag
v_BoxingSpeedBag_g03_c04,BoxingSpeedBag\v_BoxingSpeedBag_g03_c04.avi,BoxingSpeedBag,147,5.88,25.0,320,240,320x240,BoxingSpeedBag,BoxingSpeedBag
v_BoxingSpeedBag_g03_c05,BoxingSpeedBag\v_BoxingSpeedBag_g03_c05.avi,BoxingSpeedBag,153,6.12,25.0,320,240,320x240,BoxingSpeedBag,BoxingSpeedBag
v_BoxingSpeedBag_g04_c01,BoxingSpeedBag\v_BoxingSpeedBag_g04_c01.avi,BoxingSpeedBag,111,4.44,25.0,320,240,320x240,BoxingSpeedBag,Hammering
v_BoxingSpeedBag_g04_c02,BoxingSpeedBag\v_BoxingSpeedBag_g04_c02.avi,BoxingSpeedBag,132,5.28,25.0,320,240,320x240,BoxingSpeedBag,Hammering
v_BoxingSpeedBag_g04_c03,BoxingSpeedBag\v_BoxingSpeedBag_g04_c03.avi,BoxingSpeedBag,209,8.36,25.0,320,240,320x240,BoxingSpeedBag,Hammering
v_BoxingSpeedBag_g04_c04,BoxingSpeedBag\v_BoxingSpeedBag_g04_c04.avi,BoxingSpeedBag,203,8.12,25.0,320,240,320x240,MoppingFloor,Hammering
v_BoxingSpeedBag_g04_c05,BoxingSpeedBag\v_BoxingSpeedBag_g04_c05.avi,BoxingSpeedBag,224,8.96,25.0,320,240,320x240,BoxingSpeedBag,Hammering
v_BoxingSpeedBag_g04_c06,BoxingSpeedBag\v_BoxingSpeedBag_g04_c06.avi,BoxingSpeedBag,252,10.08,25.0,320,240,320x240,BoxingSpeedBag,Hammering
v_BoxingSpeedBag_g04_c07,BoxingSpeedBag\v_BoxingSpeedBag_g04_c07.avi,BoxingSpeedBag,299,11.96,25.0,320,240,320x240,BoxingSpeedBag,Hammering
v_BoxingSpeedBag_g05_c01,BoxingSpeedBag\v_BoxingSpeedBag_g05_c01.avi,BoxingSpeedBag,135,5.4,25.0,320,240,320x240,Hammering,Hammering
v_BoxingSpeedBag_g05_c02,BoxingSpeedBag\v_BoxingSpeedBag_g05_c02.avi,BoxingSpeedBag,164,6.56,25.0,320,240,320x240,Hammering,Hammering
v_BoxingSpeedBag_g05_c03,BoxingSpeedBag\v_BoxingSpeedBag_g05_c03.avi,BoxingSpeedBag,190,7.6,25.0,320,240,320x240,Hammering,Hammering
v_BoxingSpeedBag_g05_c04,BoxingSpeedBag\v_BoxingSpeedBag_g05_c04.avi,BoxingSpeedBag,136,5.44,25.0,320,240,320x240,Hammering,Hammering
v_BoxingSpeedBag_g05_c05,BoxingSpeedBag\v_BoxingSpeedBag_g05_c05.avi,BoxingSpeedBag,183,7.32,25.0,320,240,320x240,Hammering,Hammering
v_BoxingSpeedBag_g06_c01,BoxingSpeedBag\v_BoxingSpeedBag_g06_c01.avi,BoxingSpeedBag,222,8.88,25.0,320,240,320x240,BoxingPunchingBag,PizzaTossing
v_BoxingSpeedBag_g06_c02,BoxingSpeedBag\v_BoxingSpeedBag_g06_c02.avi,BoxingSpeedBag,244,9.76,25.0,320,240,320x240,BoxingPunchingBag,PizzaTossing
v_BoxingSpeedBag_g06_c03,BoxingSpeedBag\v_BoxingSpeedBag_g06_c03.avi,BoxingSpeedBag,250,10.0,25.0,320,240,320x240,BoxingPunchingBag,PizzaTossing
v_BoxingSpeedBag_g06_c04,BoxingSpeedBag\v_BoxingSpeedBag_g06_c04.avi,BoxingSpeedBag,223,8.92,25.0,320,240,320x240,BoxingPunchingBag,PizzaTossing
v_BoxingSpeedBag_g06_c05,BoxingSpeedBag\v_BoxingSpeedBag_g06_c05.avi,BoxingSpeedBag,125,5.0,25.0,320,240,320x240,BoxingPunchingBag,PizzaTossing
v_BoxingSpeedBag_g07_c01,BoxingSpeedBag\v_BoxingSpeedBag_g07_c01.avi,BoxingSpeedBag,482,19.28,25.0,320,240,320x240,BoxingSpeedBag,BoxingSpeedBag
v_BoxingSpeedBag_g07_c02,BoxingSpeedBag\v_BoxingSpeedBag_g07_c02.avi,BoxingSpeedBag,504,20.16,25.0,320,240,320x240,PullUps,BoxingSpeedBag
v_BoxingSpeedBag_g07_c03,BoxingSpeedBag\v_BoxingSpeedBag_g07_c03.avi,BoxingSpeedBag,451,18.04,25.0,320,240,320x240,PullUps,PullUps
v_BoxingSpeedBag_g07_c04,BoxingSpeedBag\v_BoxingSpeedBag_g07_c04.avi,BoxingSpeedBag,466,18.64,25.0,320,240,320x240,PullUps,PullUps
v_BoxingSpeedBag_g07_c05,BoxingSpeedBag\v_BoxingSpeedBag_g07_c05.avi,BoxingSpeedBag,453,18.12,25.0,320,240,320x240,PullUps,PullUps
v_BoxingSpeedBag_g07_c06,BoxingSpeedBag\v_BoxingSpeedBag_g07_c06.avi,BoxingSpeedBag,437,17.48,25.0,320,240,320x240,PullUps,BoxingSpeedBag
v_BoxingSpeedBag_g07_c07,BoxingSpeedBag\v_BoxingSpeedBag_g07_c07.avi,BoxingSpeedBag,452,18.08,25.0,320,240,320x240,BoxingSpeedBag,BoxingSpeedBag
v_BreastStroke_g01_c01,BreastStroke\v_BreastStroke_g01_c01.avi,BreastStroke,96,3.84,25.0,320,240,320x240,BreastStroke,BreastStroke
v_BreastStroke_g01_c02,BreastStroke\v_BreastStroke_g01_c02.avi,BreastStroke,96,3.84,25.0,320,240,320x240,BreastStroke,BreastStroke
v_BreastStroke_g01_c03,BreastStroke\v_BreastStroke_g01_c03.avi,BreastStroke,96,3.84,25.0,320,240,320x240,BreastStroke,BreastStroke
v_BreastStroke_g01_c04,BreastStroke\v_BreastStroke_g01_c04.avi,BreastStroke,96,3.84,25.0,320,240,320x240,BreastStroke,BreastStroke
v_BreastStroke_g02_c01,BreastStroke\v_BreastStroke_g02_c01.avi,BreastStroke,227,9.08,25.0,320,240,320x240,BreastStroke,BreastStroke
v_BreastStroke_g02_c02,BreastStroke\v_BreastStroke_g02_c02.avi,BreastStroke,302,12.08,25.0,320,240,320x240,BreastStroke,BreastStroke
v_BreastStroke_g02_c03,BreastStroke\v_BreastStroke_g02_c03.avi,BreastStroke,97,3.88,25.0,320,240,320x240,BreastStroke,BreastStroke
v_BreastStroke_g02_c04,BreastStroke\v_BreastStroke_g02_c04.avi,BreastStroke,261,10.44,25.0,320,240,320x240,BreastStroke,BreastStroke
v_BreastStroke_g03_c01,BreastStroke\v_BreastStroke_g03_c01.avi,BreastStroke,176,7.04,25.0,320,240,320x240,BreastStroke,BreastStroke
v_BreastStroke_g03_c02,BreastStroke\v_BreastStroke_g03_c02.avi,BreastStroke,179,7.16,25.0,320,240,320x240,BreastStroke,BreastStroke
v_BreastStroke_g03_c03,BreastStroke\v_BreastStroke_g03_c03.avi,BreastStroke,184,7.36,25.0,320,240,320x240,BreastStroke,BreastStroke
v_BreastStroke_g03_c04,BreastStroke\v_BreastStroke_g03_c04.avi,BreastStroke,187,7.48,25.0,320,240,320x240,BreastStroke,BreastStroke
v_BreastStroke_g04_c01,BreastStroke\v_BreastStroke_g04_c01.avi,BreastStroke,192,7.68,25.0,320,240,320x240,BreastStroke,BreastStroke
v_BreastStroke_g04_c02,BreastStroke\v_BreastStroke_g04_c02.avi,BreastStroke,183,7.32,25.0,320,240,320x240,BreastStroke,BreastStroke
v_BreastStroke_g04_c03,BreastStroke\v_BreastStroke_g04_c03.avi,BreastStroke,192,7.68,25.0,320,240,320x240,BreastStroke,BreastStroke
v_BreastStroke_g04_c04,BreastStroke\v_BreastStroke_g04_c04.avi,BreastStroke,217,8.68,25.0,320,240,320x240,BreastStroke,BreastStroke
v_BreastStroke_g05_c01,BreastStroke\v_BreastStroke_g05_c01.avi,BreastStroke,150,6.0,25.0,320,240,320x240,BreastStroke,BreastStroke
v_BreastStroke_g05_c02,BreastStroke\v_BreastStroke_g05_c02.avi,BreastStroke,225,9.0,25.0,320,240,320x240,BreastStroke,BreastStroke
v_BreastStroke_g05_c03,BreastStroke\v_BreastStroke_g05_c03.avi,BreastStroke,289,11.56,25.0,320,240,320x240,BreastStroke,BreastStroke
v_BreastStroke_g05_c04,BreastStroke\v_BreastStroke_g05_c04.avi,BreastStroke,333,13.32,25.0,320,240,320x240,BreastStroke,BreastStroke
v_BreastStroke_g06_c01,BreastStroke\v_BreastStroke_g06_c01.avi,BreastStroke,116,4.64,25.0,320,240,320x240,FrontCrawl,BreastStroke
v_BreastStroke_g06_c02,BreastStroke\v_BreastStroke_g06_c02.avi,BreastStroke,100,4.0,25.0,320,240,320x240,BreastStroke,BreastStroke
v_BreastStroke_g06_c03,BreastStroke\v_BreastStroke_g06_c03.avi,BreastStroke,100,4.0,25.0,320,240,320x240,BreastStroke,BreastStroke
v_BreastStroke_g06_c04,BreastStroke\v_BreastStroke_g06_c04.avi,BreastStroke,114,4.56,25.0,320,240,320x240,BreastStroke,BreastStroke
v_BreastStroke_g07_c01,BreastStroke\v_BreastStroke_g07_c01.avi,BreastStroke,260,10.4,25.0,320,240,320x240,BreastStroke,BreastStroke
v_BreastStroke_g07_c02,BreastStroke\v_BreastStroke_g07_c02.avi,BreastStroke,305,12.2,25.0,320,240,320x240,BreastStroke,BreastStroke
v_BreastStroke_g07_c03,BreastStroke\v_BreastStroke_g07_c03.avi,BreastStroke,127,5.08,25.0,320,240,320x240,BreastStroke,BreastStroke
v_BreastStroke_g07_c04,BreastStroke\v_BreastStroke_g07_c04.avi,BreastStroke,198,7.92,25.0,320,240,320x240,BreastStroke,BreastStroke
v_BrushingTeeth_g01_c01,BrushingTeeth\v_BrushingTeeth_g01_c01.avi,BrushingTeeth,103,4.12,25.0,320,240,320x240,BrushingTeeth,BrushingTeeth
v_BrushingTeeth_g01_c02,BrushingTeeth\v_BrushingTeeth_g01_c02.avi,BrushingTeeth,109,4.36,25.0,320,240,320x240,BrushingTeeth,BrushingTeeth
v_BrushingTeeth_g01_c03,BrushingTeeth\v_BrushingTeeth_g01_c03.avi,BrushingTeeth,122,4.88,25.0,320,240,320x240,BrushingTeeth,BrushingTeeth
v_BrushingTeeth_g01_c04,BrushingTeeth\v_BrushingTeeth_g01_c04.avi,BrushingTeeth,101,4.04,25.0,320,240,320x240,BrushingTeeth,BrushingTeeth
v_BrushingTeeth_g02_c01,BrushingTeeth\v_BrushingTeeth_g02_c01.avi,BrushingTeeth,716,28.64,25.0,320,240,320x240,BrushingTeeth,ShavingBeard
v_BrushingTeeth_g02_c02,BrushingTeeth\v_BrushingTeeth_g02_c02.avi,BrushingTeeth,732,29.28,25.0,320,240,320x240,BrushingTeeth,ShavingBeard
v_BrushingTeeth_g02_c03,BrushingTeeth\v_BrushingTeeth_g02_c03.avi,BrushingTeeth,732,29.28,25.0,320,240,320x240,BrushingTeeth,ShavingBeard
v_BrushingTeeth_g02_c04,BrushingTeeth\v_BrushingTeeth_g02_c04.avi,BrushingTeeth,715,28.6,25.0,320,240,320x240,BrushingTeeth,ShavingBeard
v_BrushingTeeth_g02_c05,BrushingTeeth\v_BrushingTeeth_g02_c05.avi,BrushingTeeth,748,29.92,25.0,320,240,320x240,BrushingTeeth,ShavingBeard
v_BrushingTeeth_g02_c06,BrushingTeeth\v_BrushingTeeth_g02_c06.avi,BrushingTeeth,716,28.64,25.0,320,240,320x240,BrushingTeeth,ShavingBeard
v_BrushingTeeth_g02_c07,BrushingTeeth\v_BrushingTeeth_g02_c07.avi,BrushingTeeth,793,31.72,25.0,320,240,320x240,BrushingTeeth,ShavingBeard
v_BrushingTeeth_g03_c01,BrushingTeeth\v_BrushingTeeth_g03_c01.avi,BrushingTeeth,241,9.64,25.0,320,240,320x240,BrushingTeeth,BrushingTeeth
v_BrushingTeeth_g03_c02,BrushingTeeth\v_BrushingTeeth_g03_c02.avi,BrushingTeeth,239,9.56,25.0,320,240,320x240,BrushingTeeth,BrushingTeeth
v_BrushingTeeth_g03_c03,BrushingTeeth\v_BrushingTeeth_g03_c03.avi,BrushingTeeth,226,9.04,25.0,320,240,320x240,BrushingTeeth,BrushingTeeth
v_BrushingTeeth_g03_c04,BrushingTeeth\v_BrushingTeeth_g03_c04.avi,BrushingTeeth,205,8.2,25.0,320,240,320x240,BrushingTeeth,BrushingTeeth
v_BrushingTeeth_g03_c05,BrushingTeeth\v_BrushingTeeth_g03_c05.avi,BrushingTeeth,231,9.24,25.0,320,240,320x240,BrushingTeeth,BrushingTeeth
v_BrushingTeeth_g04_c01,BrushingTeeth\v_BrushingTeeth_g04_c01.avi,BrushingTeeth,193,7.72,25.0,320,240,320x240,BrushingTeeth,BrushingTeeth
v_BrushingTeeth_g04_c02,BrushingTeeth\v_BrushingTeeth_g04_c02.avi,BrushingTeeth,128,5.12,25.0,320,240,320x240,BrushingTeeth,BrushingTeeth
v_BrushingTeeth_g04_c03,BrushingTeeth\v_BrushingTeeth_g04_c03.avi,BrushingTeeth,100,4.0,25.0,320,240,320x240,ShavingBeard,ShavingBeard
v_BrushingTeeth_g04_c04,BrushingTeeth\v_BrushingTeeth_g04_c04.avi,BrushingTeeth,80,3.2,25.0,320,240,320x240,ShavingBeard,ShavingBeard
v_BrushingTeeth_g05_c01,BrushingTeeth\v_BrushingTeeth_g05_c01.avi,BrushingTeeth,170,6.8,25.0,320,240,320x240,BlowDryHair,BlowDryHair
v_BrushingTeeth_g05_c02,BrushingTeeth\v_BrushingTeeth_g05_c02.avi,BrushingTeeth,195,7.8,25.0,320,240,320x240,BrushingTeeth,BrushingTeeth
v_BrushingTeeth_g05_c03,BrushingTeeth\v_BrushingTeeth_g05_c03.avi,BrushingTeeth,210,8.4,25.0,320,240,320x240,BrushingTeeth,BrushingTeeth
v_BrushingTeeth_g05_c04,BrushingTeeth\v_BrushingTeeth_g05_c04.avi,BrushingTeeth,161,6.44,25.0,320,240,320x240,BrushingTeeth,HeadMassage
v_BrushingTeeth_g05_c05,BrushingTeeth\v_BrushingTeeth_g05_c05.avi,BrushingTeeth,229,9.16,25.0,320,240,320x240,BrushingTeeth,BrushingTeeth
v_BrushingTeeth_g06_c01,BrushingTeeth\v_BrushingTeeth_g06_c01.avi,BrushingTeeth,287,11.48,25.0,320,240,320x240,BrushingTeeth,BrushingTeeth
v_BrushingTeeth_g06_c02,BrushingTeeth\v_BrushingTeeth_g06_c02.avi,BrushingTeeth,249,9.96,25.0,320,240,320x240,BrushingTeeth,BrushingTeeth
v_BrushingTeeth_g06_c03,BrushingTeeth\v_BrushingTeeth_g06_c03.avi,BrushingTeeth,309,12.36,25.0,320,240,320x240,BrushingTeeth,BrushingTeeth
v_BrushingTeeth_g06_c04,BrushingTeeth\v_BrushingTeeth_g06_c04.avi,BrushingTeeth,337,13.48,25.0,320,240,320x240,BrushingTeeth,BrushingTeeth
v_BrushingTeeth_g06_c05,BrushingTeeth\v_BrushingTeeth_g06_c05.avi,BrushingTeeth,227,9.08,25.0,320,240,320x240,BrushingTeeth,BrushingTeeth
v_BrushingTeeth_g07_c01,BrushingTeeth\v_BrushingTeeth_g07_c01.avi,BrushingTeeth,171,6.84,25.0,320,240,320x240,BrushingTeeth,BrushingTeeth
v_BrushingTeeth_g07_c02,BrushingTeeth\v_BrushingTeeth_g07_c02.avi,BrushingTeeth,229,9.16,25.0,320,240,320x240,BrushingTeeth,BrushingTeeth
v_BrushingTeeth_g07_c03,BrushingTeeth\v_BrushingTeeth_g07_c03.avi,BrushingTeeth,158,6.32,25.0,320,240,320x240,BrushingTeeth,BrushingTeeth
v_BrushingTeeth_g07_c04,BrushingTeeth\v_BrushingTeeth_g07_c04.avi,BrushingTeeth,175,7.0,25.0,320,240,320x240,BrushingTeeth,BrushingTeeth
v_BrushingTeeth_g07_c05,BrushingTeeth\v_BrushingTeeth_g07_c05.avi,BrushingTeeth,249,9.96,25.0,320,240,320x240,BrushingTeeth,ApplyLipstick
v_BrushingTeeth_g07_c06,BrushingTeeth\v_BrushingTeeth_g07_c06.avi,BrushingTeeth,225,9.0,25.0,320,240,320x240,BrushingTeeth,BrushingTeeth
v_CleanAndJerk_g01_c01,CleanAndJerk\v_CleanAndJerk_g01_c01.avi,CleanAndJerk,100,4.0,25.0,320,240,320x240,CleanAndJerk,CleanAndJerk
v_CleanAndJerk_g01_c02,CleanAndJerk\v_CleanAndJerk_g01_c02.avi,CleanAndJerk,113,4.52,25.0,320,240,320x240,CleanAndJerk,CleanAndJerk
v_CleanAndJerk_g01_c03,CleanAndJerk\v_CleanAndJerk_g01_c03.avi,CleanAndJerk,124,4.96,25.0,320,240,320x240,CleanAndJerk,CleanAndJerk
v_CleanAndJerk_g01_c04,CleanAndJerk\v_CleanAndJerk_g01_c04.avi,CleanAndJerk,119,4.76,25.0,320,240,320x240,CleanAndJerk,CleanAndJerk
v_CleanAndJerk_g01_c05,CleanAndJerk\v_CleanAndJerk_g01_c05.avi,CleanAndJerk,121,4.84,25.0,320,240,320x240,CleanAndJerk,CleanAndJerk
v_CleanAndJerk_g02_c01,CleanAndJerk\v_CleanAndJerk_g02_c01.avi,CleanAndJerk,103,4.12,25.0,320,240,320x240,CleanAndJerk,CleanAndJerk
v_CleanAndJerk_g02_c02,CleanAndJerk\v_CleanAndJerk_g02_c02.avi,CleanAndJerk,245,9.8,25.0,320,240,320x240,CleanAndJerk,CleanAndJerk
v_CleanAndJerk_g02_c03,CleanAndJerk\v_CleanAndJerk_g02_c03.avi,CleanAndJerk,211,8.44,25.0,320,240,320x240,CleanAndJerk,CleanAndJerk
v_CleanAndJerk_g02_c04,CleanAndJerk\v_CleanAndJerk_g02_c04.avi,CleanAndJerk,293,11.72,25.0,320,240,320x240,CleanAndJerk,CleanAndJerk
v_CleanAndJerk_g03_c01,CleanAndJerk\v_CleanAndJerk_g03_c01.avi,CleanAndJerk,172,6.88,25.0,320,240,320x240,CleanAndJerk,CleanAndJerk
v_CleanAndJerk_g03_c02,CleanAndJerk\v_CleanAndJerk_g03_c02.avi,CleanAndJerk,254,10.16,25.0,320,240,320x240,CleanAndJerk,CleanAndJerk
v_CleanAndJerk_g03_c03,CleanAndJerk\v_CleanAndJerk_g03_c03.avi,CleanAndJerk,276,11.04,25.0,320,240,320x240,CleanAndJerk,CleanAndJerk
v_CleanAndJerk_g03_c04,CleanAndJerk\v_CleanAndJerk_g03_c04.avi,CleanAndJerk,293,11.72,25.0,320,240,320x240,CleanAndJerk,CleanAndJerk
v_CleanAndJerk_g03_c05,CleanAndJerk\v_CleanAndJerk_g03_c05.avi,CleanAndJerk,238,9.52,25.0,320,240,320x240,CleanAndJerk,CleanAndJerk
v_CleanAndJerk_g03_c06,CleanAndJerk\v_CleanAndJerk_g03_c06.avi,CleanAndJerk,246,9.84,25.0,320,240,320x240,CleanAndJerk,CleanAndJerk
v_CleanAndJerk_g04_c01,CleanAndJerk\v_CleanAndJerk_g04_c01.avi,CleanAndJerk,143,5.72,25.0,320,240,320x240,CleanAndJerk,CleanAndJerk
v_CleanAndJerk_g04_c02,CleanAndJerk\v_CleanAndJerk_g04_c02.avi,CleanAndJerk,237,9.48,25.0,320,240,320x240,CleanAndJerk,CleanAndJerk
v_CleanAndJerk_g04_c03,CleanAndJerk\v_CleanAndJerk_g04_c03.avi,CleanAndJerk,146,5.84,25.0,320,240,320x240,CleanAndJerk,CleanAndJerk
v_CleanAndJerk_g04_c04,CleanAndJerk\v_CleanAndJerk_g04_c04.avi,CleanAndJerk,152,6.08,25.0,320,240,320x240,CleanAndJerk,CleanAndJerk
v_CleanAndJerk_g04_c05,CleanAndJerk\v_CleanAndJerk_g04_c05.avi,CleanAndJerk,237,9.48,25.0,320,240,320x240,CleanAndJerk,CleanAndJerk
v_CleanAndJerk_g05_c01,CleanAndJerk\v_CleanAndJerk_g05_c01.avi,CleanAndJerk,91,3.64,25.0,320,240,320x240,CleanAndJerk,CleanAndJerk
v_CleanAndJerk_g05_c02,CleanAndJerk\v_CleanAndJerk_g05_c02.avi,CleanAndJerk,146,5.84,25.0,320,240,320x240,CleanAndJerk,CleanAndJerk
v_CleanAndJerk_g05_c03,CleanAndJerk\v_CleanAndJerk_g05_c03.avi,CleanAndJerk,146,5.84,25.0,320,240,320x240,CleanAndJerk,CleanAndJerk
v_CleanAndJerk_g05_c04,CleanAndJerk\v_CleanAndJerk_g05_c04.avi,CleanAndJerk,206,8.24,25.0,320,240,320x240,CleanAndJerk,CleanAndJerk
v_CleanAndJerk_g06_c01,CleanAndJerk\v_CleanAndJerk_g06_c01.avi,CleanAndJerk,190,7.6,25.0,320,240,320x240,CleanAndJerk,CleanAndJerk
v_CleanAndJerk_g06_c02,CleanAndJerk\v_CleanAndJerk_g06_c02.avi,CleanAndJerk,194,7.76,25.0,320,240,320x240,CleanAndJerk,CleanAndJerk
v_CleanAndJerk_g06_c03,CleanAndJerk\v_CleanAndJerk_g06_c03.avi,CleanAndJerk,101,4.04,25.0,320,240,320x240,CleanAndJerk,CleanAndJerk
v_CleanAndJerk_g06_c04,CleanAndJerk\v_CleanAndJerk_g06_c04.avi,CleanAndJerk,246,9.84,25.0,320,240,320x240,CleanAndJerk,CleanAndJerk
v_CleanAndJerk_g07_c01,CleanAndJerk\v_CleanAndJerk_g07_c01.avi,CleanAndJerk,228,9.12,25.0,320,240,320x240,CleanAndJerk,CleanAndJerk
v_CleanAndJerk_g07_c02,CleanAndJerk\v_CleanAndJerk_g07_c02.avi,CleanAndJerk,304,12.16,25.0,320,240,320x240,CleanAndJerk,CleanAndJerk
v_CleanAndJerk_g07_c03,CleanAndJerk\v_CleanAndJerk_g07_c03.avi,CleanAndJerk,228,9.12,25.0,320,240,320x240,CleanAndJerk,CleanAndJerk
v_CleanAndJerk_g07_c04,CleanAndJerk\v_CleanAndJerk_g07_c04.avi,CleanAndJerk,285,11.4,25.0,320,240,320x240,CleanAndJerk,CleanAndJerk
v_CleanAndJerk_g07_c05,CleanAndJerk\v_CleanAndJerk_g07_c05.avi,CleanAndJerk,190,7.6,25.0,320,240,320x240,CleanAndJerk,CleanAndJerk
v_CliffDiving_g01_c01,CliffDiving\v_CliffDiving_g01_c01.avi,CliffDiving,90,3.6,25.0,320,240,320x240,CliffDiving,CliffDiving
v_CliffDiving_g01_c02,CliffDiving\v_CliffDiving_g01_c02.avi,CliffDiving,114,4.56,25.0,320,240,320x240,CliffDiving,CliffDiving
v_CliffDiving_g01_c03,CliffDiving\v_CliffDiving_g01_c03.avi,CliffDiving,72,2.88,25.0,320,240,320x240,CliffDiving,CliffDiving
v_CliffDiving_g01_c04,CliffDiving\v_CliffDiving_g01_c04.avi,CliffDiving,81,3.24,25.0,320,240,320x240,CliffDiving,CliffDiving
v_CliffDiving_g01_c05,CliffDiving\v_CliffDiving_g01_c05.avi,CliffDiving,82,3.28,25.0,320,240,320x240,CliffDiving,CliffDiving
v_CliffDiving_g01_c06,CliffDiving\v_CliffDiving_g01_c06.avi,CliffDiving,76,3.04,25.0,320,240,320x240,CliffDiving,CliffDiving
v_CliffDiving_g02_c01,CliffDiving\v_CliffDiving_g02_c01.avi,CliffDiving,78,3.12,25.0,320,240,320x240,CliffDiving,CliffDiving
v_CliffDiving_g02_c02,CliffDiving\v_CliffDiving_g02_c02.avi,CliffDiving,97,3.88,25.0,320,240,320x240,CliffDiving,CliffDiving
v_CliffDiving_g02_c03,CliffDiving\v_CliffDiving_g02_c03.avi,CliffDiving,94,3.76,25.0,320,240,320x240,CliffDiving,CliffDiving
v_CliffDiving_g02_c04,CliffDiving\v_CliffDiving_g02_c04.avi,CliffDiving,82,3.28,25.0,320,240,320x240,CliffDiving,CliffDiving
v_CliffDiving_g03_c01,CliffDiving\v_CliffDiving_g03_c01.avi,CliffDiving,92,3.68,25.0,320,240,320x240,CliffDiving,CliffDiving
v_CliffDiving_g03_c02,CliffDiving\v_CliffDiving_g03_c02.avi,CliffDiving,96,3.84,25.0,320,240,320x240,CliffDiving,CliffDiving
v_CliffDiving_g03_c03,CliffDiving\v_CliffDiving_g03_c03.avi,CliffDiving,100,4.0,25.0,320,240,320x240,CliffDiving,CliffDiving
v_CliffDiving_g03_c04,CliffDiving\v_CliffDiving_g03_c04.avi,CliffDiving,104,4.16,25.0,320,240,320x240,CliffDiving,CliffDiving
v_CliffDiving_g03_c05,CliffDiving\v_CliffDiving_g03_c05.avi,CliffDiving,93,3.72,25.0,320,240,320x240,CliffDiving,CliffDiving
v_CliffDiving_g04_c01,CliffDiving\v_CliffDiving_g04_c01.avi,CliffDiving,101,4.04,25.0,320,240,320x240,CliffDiving,CliffDiving
v_CliffDiving_g04_c02,CliffDiving\v_CliffDiving_g04_c02.avi,CliffDiving,107,4.28,25.0,320,240,320x240,CliffDiving,CliffDiving
v_CliffDiving_g04_c03,CliffDiving\v_CliffDiving_g04_c03.avi,CliffDiving,111,4.44,25.0,320,240,320x240,CliffDiving,CliffDiving
v_CliffDiving_g04_c04,CliffDiving\v_CliffDiving_g04_c04.avi,CliffDiving,102,4.08,25.0,320,240,320x240,CliffDiving,CliffDiving
v_CliffDiving_g05_c01,CliffDiving\v_CliffDiving_g05_c01.avi,CliffDiving,80,3.2,25.0,320,240,320x240,CliffDiving,HighJump
v_CliffDiving_g05_c02,CliffDiving\v_CliffDiving_g05_c02.avi,CliffDiving,76,3.04,25.0,320,240,320x240,CliffDiving,CliffDiving
v_CliffDiving_g05_c03,CliffDiving\v_CliffDiving_g05_c03.avi,CliffDiving,98,3.92,25.0,320,240,320x240,CliffDiving,CliffDiving
v_CliffDiving_g05_c04,CliffDiving\v_CliffDiving_g05_c04.avi,CliffDiving,68,2.72,25.0,320,240,320x240,CliffDiving,CliffDiving
v_CliffDiving_g05_c05,CliffDiving\v_CliffDiving_g05_c05.avi,CliffDiving,86,3.44,25.0,320,240,320x240,CliffDiving,CliffDiving
v_CliffDiving_g05_c06,CliffDiving\v_CliffDiving_g05_c06.avi,CliffDiving,97,3.88,25.0,320,240,320x240,CliffDiving,CliffDiving
v_CliffDiving_g05_c07,CliffDiving\v_CliffDiving_g05_c07.avi,CliffDiving,94,3.76,25.0,320,240,320x240,CliffDiving,CliffDiving
v_CliffDiving_g06_c01,CliffDiving\v_CliffDiving_g06_c01.avi,CliffDiving,81,3.24,25.0,320,240,320x240,CliffDiving,CliffDiving
v_CliffDiving_g06_c02,CliffDiving\v_CliffDiving_g06_c02.avi,CliffDiving,71,2.84,25.0,320,240,320x240,CliffDiving,CliffDiving
v_CliffDiving_g06_c03,CliffDiving\v_CliffDiving_g06_c03.avi,CliffDiving,96,3.84,25.0,320,240,320x240,CliffDiving,CliffDiving
v_CliffDiving_g06_c04,CliffDiving\v_CliffDiving_g06_c04.avi,CliffDiving,89,3.56,25.0,320,240,320x240,CliffDiving,Skijet
v_CliffDiving_g06_c05,CliffDiving\v_CliffDiving_g06_c05.avi,CliffDiving,85,3.4,25.0,320,240,320x240,CliffDiving,CliffDiving
v_CliffDiving_g06_c06,CliffDiving\v_CliffDiving_g06_c06.avi,CliffDiving,72,2.88,25.0,320,240,320x240,CliffDiving,CliffDiving
v_CliffDiving_g06_c07,CliffDiving\v_CliffDiving_g06_c07.avi,CliffDiving,88,3.52,25.0,320,240,320x240,CliffDiving,CliffDiving
v_CliffDiving_g07_c01,CliffDiving\v_CliffDiving_g07_c01.avi,CliffDiving,58,2.32,25.0,320,240,320x240,CliffDiving,CliffDiving
v_CliffDiving_g07_c02,CliffDiving\v_CliffDiving_g07_c02.avi,CliffDiving,60,2.4,25.0,320,240,320x240,CliffDiving,CliffDiving
v_CliffDiving_g07_c03,CliffDiving\v_CliffDiving_g07_c03.avi,CliffDiving,83,3.32,25.0,320,240,320x240,CliffDiving,CliffDiving
v_CliffDiving_g07_c04,CliffDiving\v_CliffDiving_g07_c04.avi,CliffDiving,84,3.36,25.0,320,240,320x240,CliffDiving,CliffDiving
v_CliffDiving_g07_c05,CliffDiving\v_CliffDiving_g07_c05.avi,CliffDiving,72,2.88,25.0,320,240,320x240,CliffDiving,CliffDiving
v_CliffDiving_g07_c06,CliffDiving\v_CliffDiving_g07_c06.avi,CliffDiving,75,3.0,25.0,320,240,320x240,CliffDiving,CliffDiving
v_CricketBowling_g01_c01,CricketBowling\v_CricketBowling_g01_c01.avi,CricketBowling,69,2.76,25.0,320,240,320x240,CricketBowling,CricketBowling
v_CricketBowling_g01_c02,CricketBowling\v_CricketBowling_g01_c02.avi,CricketBowling,61,2.44,25.0,320,240,320x240,CricketBowling,CricketBowling
v_CricketBowling_g01_c03,CricketBowling\v_CricketBowling_g01_c03.avi,CricketBowling,66,2.64,25.0,320,240,320x240,CricketBowling,CricketBowling
v_CricketBowling_g01_c04,CricketBowling\v_CricketBowling_g01_c04.avi,CricketBowling,133,5.32,25.0,320,240,320x240,CricketBowling,CricketBowling
v_CricketBowling_g01_c05,CricketBowling\v_CricketBowling_g01_c05.avi,CricketBowling,60,2.4,25.0,320,240,320x240,CricketBowling,CricketBowling
v_CricketBowling_g01_c06,CricketBowling\v_CricketBowling_g01_c06.avi,CricketBowling,170,6.8,25.0,320,240,320x240,CricketBowling,CricketBowling
v_CricketBowling_g01_c07,CricketBowling\v_CricketBowling_g01_c07.avi,CricketBowling,120,4.8,25.0,320,240,320x240,CricketBowling,CricketBowling
v_CricketBowling_g02_c01,CricketBowling\v_CricketBowling_g02_c01.avi,CricketBowling,123,4.92,25.0,320,240,320x240,CricketBowling,CricketShot
v_CricketBowling_g02_c02,CricketBowling\v_CricketBowling_g02_c02.avi,CricketBowling,100,4.0,25.0,320,240,320x240,CricketBowling,CricketShot
v_CricketBowling_g02_c03,CricketBowling\v_CricketBowling_g02_c03.avi,CricketBowling,115,4.6,25.0,320,240,320x240,CricketBowling,CricketShot
v_CricketBowling_g02_c04,CricketBowling\v_CricketBowling_g02_c04.avi,CricketBowling,159,6.36,25.0,320,240,320x240,CricketBowling,CricketShot
v_CricketBowling_g02_c05,CricketBowling\v_CricketBowling_g02_c05.avi,CricketBowling,133,5.32,25.0,320,240,320x240,CricketBowling,CricketShot
v_CricketBowling_g02_c06,CricketBowling\v_CricketBowling_g02_c06.avi,CricketBowling,130,5.2,25.0,320,240,320x240,CricketBowling,CricketBowling
v_CricketBowling_g02_c07,CricketBowling\v_CricketBowling_g02_c07.avi,CricketBowling,123,4.92,25.0,320,240,320x240,CricketBowling,CricketShot
v_CricketBowling_g03_c01,CricketBowling\v_CricketBowling_g03_c01.avi,CricketBowling,100,4.0,25.0,320,240,320x240,SoccerPenalty,FrisbeeCatch
v_CricketBowling_g03_c02,CricketBowling\v_CricketBowling_g03_c02.avi,CricketBowling,117,4.68,25.0,320,240,320x240,CricketBowling,CricketShot
v_CricketBowling_g03_c03,CricketBowling\v_CricketBowling_g03_c03.avi,CricketBowling,60,2.4,25.0,320,240,320x240,HammerThrow,LongJump
v_CricketBowling_g03_c04,CricketBowling\v_CricketBowling_g03_c04.avi,CricketBowling,101,4.04,25.0,320,240,320x240,SoccerPenalty,LongJump
v_CricketBowling_g04_c01,CricketBowling\v_CricketBowling_g04_c01.avi,CricketBowling,95,3.8,25.0,320,240,320x240,SkateBoarding,SkateBoarding
v_CricketBowling_g04_c02,CricketBowling\v_CricketBowling_g04_c02.avi,CricketBowling,101,4.04,25.0,320,240,320x240,SkateBoarding,SkateBoarding
v_CricketBowling_g04_c03,CricketBowling\v_CricketBowling_g04_c03.avi,CricketBowling,87,3.48,25.0,320,240,320x240,SkateBoarding,SkateBoarding
v_CricketBowling_g04_c04,CricketBowling\v_CricketBowling_g04_c04.avi,CricketBowling,103,4.12,25.0,320,240,320x240,JumpRope,JumpingJack
v_CricketBowling_g04_c05,CricketBowling\v_CricketBowling_g04_c05.avi,CricketBowling,110,4.4,25.0,320,240,320x240,SkateBoarding,SkateBoarding
v_CricketBowling_g05_c01,CricketBowling\v_CricketBowling_g05_c01.avi,CricketBowling,129,5.16,25.0,320,240,320x240,CricketBowling,CricketBowling
v_CricketBowling_g05_c02,CricketBowling\v_CricketBowling_g05_c02.avi,CricketBowling,111,4.44,25.0,320,240,320x240,CricketBowling,CricketShot
v_CricketBowling_g05_c03,CricketBowling\v_CricketBowling_g05_c03.avi,CricketBowling,98,3.92,25.0,320,240,320x240,CricketBowling,CricketShot
v_CricketBowling_g05_c04,CricketBowling\v_CricketBowling_g05_c04.avi,CricketBowling,107,4.28,25.0,320,240,320x240,CricketBowling,CricketShot
v_CricketBowling_g06_c01,CricketBowling\v_CricketBowling_g06_c01.avi,CricketBowling,160,6.4,25.0,320,240,320x240,CricketBowling,CricketBowling
v_CricketBowling_g06_c02,CricketBowling\v_CricketBowling_g06_c02.avi,CricketBowling,175,7.0,25.0,320,240,320x240,CricketBowling,CricketBowling
v_CricketBowling_g06_c03,CricketBowling\v_CricketBowling_g06_c03.avi,CricketBowling,153,6.12,25.0,320,240,320x240,CricketBowling,CricketBowling
v_CricketBowling_g06_c04,CricketBowling\v_CricketBowling_g06_c04.avi,CricketBowling,150,6.0,25.0,320,240,320x240,CricketBowling,CricketBowling
v_CricketBowling_g06_c05,CricketBowling\v_CricketBowling_g06_c05.avi,CricketBowling,157,6.28,25.0,320,240,320x240,SkateBoarding,ThrowDiscus
v_CricketBowling_g07_c01,CricketBowling\v_CricketBowling_g07_c01.avi,CricketBowling,65,2.6,25.0,320,240,320x240,CricketBowling,CricketShot
v_CricketBowling_g07_c02,CricketBowling\v_CricketBowling_g07_c02.avi,CricketBowling,75,3.0,25.0,320,240,320x240,CricketBowling,CricketShot
v_CricketBowling_g07_c03,CricketBowling\v_CricketBowling_g07_c03.avi,CricketBowling,74,2.96,25.0,320,240,320x240,TennisSwing,TennisSwing
v_CricketBowling_g07_c04,CricketBowling\v_CricketBowling_g07_c04.avi,CricketBowling,84,3.36,25.0,320,240,320x240,CricketBowling,CricketShot
v_CricketShot_g01_c01,CricketShot\v_CricketShot_g01_c01.avi,CricketShot,84,3.36,25.0,320,240,320x240,CricketBowling,CricketBowling
v_CricketShot_g01_c02,CricketShot\v_CricketShot_g01_c02.avi,CricketShot,91,3.64,25.0,320,240,320x240,CricketBowling,CricketBowling
v_CricketShot_g01_c03,CricketShot\v_CricketShot_g01_c03.avi,CricketShot,95,3.8,25.0,320,240,320x240,CricketBowling,CricketBowling
v_CricketShot_g01_c04,CricketShot\v_CricketShot_g01_c04.avi,CricketShot,72,2.88,25.0,320,240,320x240,CricketBowling,CricketBowling
v_CricketShot_g01_c05,CricketShot\v_CricketShot_g01_c05.avi,CricketShot,95,3.8,25.0,320,240,320x240,CricketBowling,CricketBowling
v_CricketShot_g01_c06,CricketShot\v_CricketShot_g01_c06.avi,CricketShot,76,3.04,25.0,320,240,320x240,CricketBowling,CricketBowling
v_CricketShot_g01_c07,CricketShot\v_CricketShot_g01_c07.avi,CricketShot,71,2.84,25.0,320,240,320x240,CricketBowling,CricketBowling
v_CricketShot_g02_c01,CricketShot\v_CricketShot_g02_c01.avi,CricketShot,105,4.2,25.0,320,240,320x240,CricketBowling,CricketShot
v_CricketShot_g02_c02,CricketShot\v_CricketShot_g02_c02.avi,CricketShot,93,3.72,25.0,320,240,320x240,TennisSwing,CricketShot
v_CricketShot_g02_c03,CricketShot\v_CricketShot_g02_c03.avi,CricketShot,97,3.88,25.0,320,240,320x240,CricketBowling,CricketShot
v_CricketShot_g02_c04,CricketShot\v_CricketShot_g02_c04.avi,CricketShot,94,3.76,25.0,320,240,320x240,CricketBowling,CricketShot
v_CricketShot_g02_c05,CricketShot\v_CricketShot_g02_c05.avi,CricketShot,127,5.08,25.0,320,240,320x240,BaseballPitch,CricketShot
v_CricketShot_g02_c06,CricketShot\v_CricketShot_g02_c06.avi,CricketShot,96,3.84,25.0,320,240,320x240,TennisSwing,CricketShot
v_CricketShot_g02_c07,CricketShot\v_CricketShot_g02_c07.avi,CricketShot,94,3.76,25.0,320,240,320x240,CricketBowling,CricketShot
v_CricketShot_g03_c01,CricketShot\v_CricketShot_g03_c01.avi,CricketShot,92,3.68,25.0,320,240,320x240,FieldHockeyPenalty,CricketShot
v_CricketShot_g03_c02,CricketShot\v_CricketShot_g03_c02.avi,CricketShot,104,4.16,25.0,320,240,320x240,FieldHockeyPenalty,CricketShot
v_CricketShot_g03_c03,CricketShot\v_CricketShot_g03_c03.avi,CricketShot,93,3.72,25.0,320,240,320x240,FieldHockeyPenalty,CricketShot
v_CricketShot_g03_c04,CricketShot\v_CricketShot_g03_c04.avi,CricketShot,101,4.04,25.0,320,240,320x240,FieldHockeyPenalty,FieldHockeyPenalty
v_CricketShot_g03_c05,CricketShot\v_CricketShot_g03_c05.avi,CricketShot,105,4.2,25.0,320,240,320x240,CricketBowling,CricketShot
v_CricketShot_g03_c06,CricketShot\v_CricketShot_g03_c06.avi,CricketShot,142,5.68,25.0,320,240,320x240,CricketBowling,CricketShot
v_CricketShot_g03_c07,CricketShot\v_CricketShot_g03_c07.avi,CricketShot,103,4.12,25.0,320,240,320x240,CricketBowling,CricketShot
v_CricketShot_g04_c01,CricketShot\v_CricketShot_g04_c01.avi,CricketShot,80,3.2,25.0,320,240,320x240,CricketBowling,CricketBowling
v_CricketShot_g04_c02,CricketShot\v_CricketShot_g04_c02.avi,CricketShot,116,4.64,25.0,320,240,320x240,CricketBowling,CricketBowling
v_CricketShot_g04_c03,CricketShot\v_CricketShot_g04_c03.avi,CricketShot,99,3.96,25.0,320,240,320x240,CricketBowling,CricketBowling
v_CricketShot_g04_c04,CricketShot\v_CricketShot_g04_c04.avi,CricketShot,75,3.0,25.0,320,240,320x240,CricketBowling,CricketBowling
v_CricketShot_g04_c05,CricketShot\v_CricketShot_g04_c05.avi,CricketShot,84,3.36,25.0,320,240,320x240,CricketBowling,CricketBowling
v_CricketShot_g04_c06,CricketShot\v_CricketShot_g04_c06.avi,CricketShot,77,3.08,25.0,320,240,320x240,CricketBowling,CricketBowling
v_CricketShot_g04_c07,CricketShot\v_CricketShot_g04_c07.avi,CricketShot,88,3.52,25.0,320,240,320x240,CricketBowling,CricketBowling
v_CricketShot_g05_c01,CricketShot\v_CricketShot_g05_c01.avi,CricketShot,56,2.24,25.0,320,240,320x240,CricketBowling,CricketShot
v_CricketShot_g05_c02,CricketShot\v_CricketShot_g05_c02.avi,CricketShot,64,2.56,25.0,320,240,320x240,CricketBowling,CricketShot
v_CricketShot_g05_c03,CricketShot\v_CricketShot_g05_c03.avi,CricketShot,77,3.08,25.0,320,240,320x240,CricketBowling,CricketShot
v_CricketShot_g05_c04,CricketShot\v_CricketShot_g05_c04.avi,CricketShot,57,2.28,25.0,320,240,320x240,CricketBowling,CricketShot
v_CricketShot_g05_c05,CricketShot\v_CricketShot_g05_c05.avi,CricketShot,56,2.24,25.0,320,240,320x240,CricketBowling,CricketShot
v_CricketShot_g05_c06,CricketShot\v_CricketShot_g05_c06.avi,CricketShot,65,2.6,25.0,320,240,320x240,CricketBowling,CricketShot
v_CricketShot_g05_c07,CricketShot\v_CricketShot_g05_c07.avi,CricketShot,66,2.64,25.0,320,240,320x240,CricketBowling,CricketShot
v_CricketShot_g06_c01,CricketShot\v_CricketShot_g06_c01.avi,CricketShot,122,4.88,25.0,320,240,320x240,CricketBowling,CricketShot
v_CricketShot_g06_c02,CricketShot\v_CricketShot_g06_c02.avi,CricketShot,127,5.08,25.0,320,240,320x240,CricketBowling,CricketShot
v_CricketShot_g06_c03,CricketShot\v_CricketShot_g06_c03.avi,CricketShot,118,4.72,25.0,320,240,320x240,CricketBowling,CricketShot
v_CricketShot_g06_c04,CricketShot\v_CricketShot_g06_c04.avi,CricketShot,135,5.4,25.0,320,240,320x240,CricketBowling,CricketShot
v_CricketShot_g06_c05,CricketShot\v_CricketShot_g06_c05.avi,CricketShot,122,4.88,25.0,320,240,320x240,CricketBowling,CricketShot
v_CricketShot_g06_c06,CricketShot\v_CricketShot_g06_c06.avi,CricketShot,169,6.76,25.0,320,240,320x240,CricketBowling,CricketShot
v_CricketShot_g06_c07,CricketShot\v_CricketShot_g06_c07.avi,CricketShot,100,4.0,25.0,320,240,320x240,BaseballPitch,CricketShot
v_CricketShot_g07_c01,CricketShot\v_CricketShot_g07_c01.avi,CricketShot,100,4.0,25.0,320,240,320x240,CricketBowling,CricketShot
v_CricketShot_g07_c02,CricketShot\v_CricketShot_g07_c02.avi,CricketShot,126,5.04,25.0,320,240,320x240,CricketShot,CricketShot
v_CricketShot_g07_c03,CricketShot\v_CricketShot_g07_c03.avi,CricketShot,134,5.36,25.0,320,240,320x240,CricketBowling,CricketShot
v_CricketShot_g07_c04,CricketShot\v_CricketShot_g07_c04.avi,CricketShot,118,4.72,25.0,320,240,320x240,CricketBowling,CricketShot
v_CricketShot_g07_c05,CricketShot\v_CricketShot_g07_c05.avi,CricketShot,119,4.76,25.0,320,240,320x240,CricketBowling,CricketShot
v_CricketShot_g07_c06,CricketShot\v_CricketShot_g07_c06.avi,CricketShot,99,3.96,25.0,320,240,320x240,TennisSwing,CricketShot
v_CricketShot_g07_c07,CricketShot\v_CricketShot_g07_c07.avi,CricketShot,102,4.08,25.0,320,240,320x240,CricketBowling,CricketShot
v_CuttingInKitchen_g01_c01,CuttingInKitchen\v_CuttingInKitchen_g01_c01.avi,CuttingInKitchen,301,12.04,25.0,320,240,320x240,CuttingInKitchen,CuttingInKitchen
v_CuttingInKitchen_g01_c02,CuttingInKitchen\v_CuttingInKitchen_g01_c02.avi,CuttingInKitchen,105,4.2,25.0,320,240,320x240,CuttingInKitchen,CuttingInKitchen
v_CuttingInKitchen_g01_c03,CuttingInKitchen\v_CuttingInKitchen_g01_c03.avi,CuttingInKitchen,162,6.48,25.0,320,240,320x240,CuttingInKitchen,CuttingInKitchen
v_CuttingInKitchen_g01_c04,CuttingInKitchen\v_CuttingInKitchen_g01_c04.avi,CuttingInKitchen,169,6.76,25.0,320,240,320x240,CuttingInKitchen,CuttingInKitchen
v_CuttingInKitchen_g01_c05,CuttingInKitchen\v_CuttingInKitchen_g01_c05.avi,CuttingInKitchen,219,8.76,25.0,320,240,320x240,CuttingInKitchen,CuttingInKitchen
v_CuttingInKitchen_g02_c01,CuttingInKitchen\v_CuttingInKitchen_g02_c01.avi,CuttingInKitchen,80,3.2,25.0,320,240,320x240,CuttingInKitchen,CuttingInKitchen
v_CuttingInKitchen_g02_c02,CuttingInKitchen\v_CuttingInKitchen_g02_c02.avi,CuttingInKitchen,89,3.56,25.0,320,240,320x240,CuttingInKitchen,CuttingInKitchen
v_CuttingInKitchen_g02_c03,CuttingInKitchen\v_CuttingInKitchen_g02_c03.avi,CuttingInKitchen,123,4.92,25.0,320,240,320x240,CuttingInKitchen,CuttingInKitchen
v_CuttingInKitchen_g02_c04,CuttingInKitchen\v_CuttingInKitchen_g02_c04.avi,CuttingInKitchen,147,5.88,25.0,320,240,320x240,CuttingInKitchen,CuttingInKitchen
v_CuttingInKitchen_g03_c01,CuttingInKitchen\v_CuttingInKitchen_g03_c01.avi,CuttingInKitchen,266,10.64,25.0,320,240,320x240,CuttingInKitchen,CuttingInKitchen
v_CuttingInKitchen_g03_c02,CuttingInKitchen\v_CuttingInKitchen_g03_c02.avi,CuttingInKitchen,201,8.04,25.0,320,240,320x240,CuttingInKitchen,CuttingInKitchen
v_CuttingInKitchen_g03_c03,CuttingInKitchen\v_CuttingInKitchen_g03_c03.avi,CuttingInKitchen,266,10.64,25.0,320,240,320x240,CuttingInKitchen,PizzaTossing
v_CuttingInKitchen_g03_c04,CuttingInKitchen\v_CuttingInKitchen_g03_c04.avi,CuttingInKitchen,260,10.4,25.0,320,240,320x240,CuttingInKitchen,CuttingInKitchen
v_CuttingInKitchen_g04_c01,CuttingInKitchen\v_CuttingInKitchen_g04_c01.avi,CuttingInKitchen,97,3.88,25.0,320,240,320x240,CuttingInKitchen,CuttingInKitchen
v_CuttingInKitchen_g04_c02,CuttingInKitchen\v_CuttingInKitchen_g04_c02.avi,CuttingInKitchen,152,6.08,25.0,320,240,320x240,CuttingInKitchen,CuttingInKitchen
v_CuttingInKitchen_g04_c03,CuttingInKitchen\v_CuttingInKitchen_g04_c03.avi,CuttingInKitchen,141,5.64,25.0,320,240,320x240,CuttingInKitchen,CuttingInKitchen
v_CuttingInKitchen_g04_c04,CuttingInKitchen\v_CuttingInKitchen_g04_c04.avi,CuttingInKitchen,182,7.28,25.0,320,240,320x240,CuttingInKitchen,CuttingInKitchen
v_CuttingInKitchen_g04_c05,CuttingInKitchen\v_CuttingInKitchen_g04_c05.avi,CuttingInKitchen,208,8.32,25.0,320,240,320x240,CuttingInKitchen,CuttingInKitchen
v_CuttingInKitchen_g05_c01,CuttingInKitchen\v_CuttingInKitchen_g05_c01.avi,CuttingInKitchen,237,9.48,25.0,320,240,320x240,CuttingInKitchen,CuttingInKitchen
v_CuttingInKitchen_g05_c02,CuttingInKitchen\v_CuttingInKitchen_g05_c02.avi,CuttingInKitchen,234,9.36,25.0,320,240,320x240,CuttingInKitchen,PizzaTossing
v_CuttingInKitchen_g05_c03,CuttingInKitchen\v_CuttingInKitchen_g05_c03.avi,CuttingInKitchen,251,10.04,25.0,320,240,320x240,CuttingInKitchen,CuttingInKitchen
v_CuttingInKitchen_g05_c04,CuttingInKitchen\v_CuttingInKitchen_g05_c04.avi,CuttingInKitchen,232,9.28,25.0,320,240,320x240,CuttingInKitchen,CuttingInKitchen
v_CuttingInKitchen_g05_c05,CuttingInKitchen\v_CuttingInKitchen_g05_c05.avi,CuttingInKitchen,238,9.52,25.0,320,240,320x240,CuttingInKitchen,CuttingInKitchen
v_CuttingInKitchen_g05_c06,CuttingInKitchen\v_CuttingInKitchen_g05_c06.avi,CuttingInKitchen,141,5.64,25.0,320,240,320x240,CuttingInKitchen,CuttingInKitchen
v_CuttingInKitchen_g06_c01,CuttingInKitchen\v_CuttingInKitchen_g06_c01.avi,CuttingInKitchen,243,9.72,25.0,320,240,320x240,CuttingInKitchen,CuttingInKitchen
v_CuttingInKitchen_g06_c02,CuttingInKitchen\v_CuttingInKitchen_g06_c02.avi,CuttingInKitchen,273,10.92,25.0,320,240,320x240,CuttingInKitchen,CuttingInKitchen
v_CuttingInKitchen_g06_c03,CuttingInKitchen\v_CuttingInKitchen_g06_c03.avi,CuttingInKitchen,226,9.04,25.0,320,240,320x240,PommelHorse,CuttingInKitchen
v_CuttingInKitchen_g06_c04,CuttingInKitchen\v_CuttingInKitchen_g06_c04.avi,CuttingInKitchen,168,6.72,25.0,320,240,320x240,CuttingInKitchen,CuttingInKitchen
v_CuttingInKitchen_g06_c05,CuttingInKitchen\v_CuttingInKitchen_g06_c05.avi,CuttingInKitchen,151,6.04,25.0,320,240,320x240,CuttingInKitchen,CuttingInKitchen
v_CuttingInKitchen_g07_c01,CuttingInKitchen\v_CuttingInKitchen_g07_c01.avi,CuttingInKitchen,81,3.24,25.0,320,240,320x240,CuttingInKitchen,CuttingInKitchen
v_CuttingInKitchen_g07_c02,CuttingInKitchen\v_CuttingInKitchen_g07_c02.avi,CuttingInKitchen,64,2.56,25.0,320,240,320x240,CuttingInKitchen,CuttingInKitchen
v_CuttingInKitchen_g07_c03,CuttingInKitchen\v_CuttingInKitchen_g07_c03.avi,CuttingInKitchen,62,2.48,25.0,320,240,320x240,CuttingInKitchen,CuttingInKitchen
v_CuttingInKitchen_g07_c04,CuttingInKitchen\v_CuttingInKitchen_g07_c04.avi,CuttingInKitchen,98,3.92,25.0,320,240,320x240,CuttingInKitchen,CuttingInKitchen
v_Diving_g01_c01,Diving\v_Diving_g01_c01.avi,Diving,259,8.641966666666667,29.97002997002997,320,240,320x240,Diving,Diving
v_Diving_g01_c02,Diving\v_Diving_g01_c02.avi,Diving,282,9.4094,29.97002997002997,320,240,320x240,Diving,Diving
v_Diving_g01_c03,Diving\v_Diving_g01_c03.avi,Diving,214,7.140466666666667,29.97002997002997,320,240,320x240,Diving,Diving
v_Diving_g01_c04,Diving\v_Diving_g01_c04.avi,Diving,232,7.741066666666667,29.97002997002997,320,240,320x240,Diving,Diving
v_Diving_g01_c05,Diving\v_Diving_g01_c05.avi,Diving,234,7.8078,29.97002997002997,320,240,320x240,Diving,Diving
v_Diving_g01_c06,Diving\v_Diving_g01_c06.avi,Diving,255,8.5085,29.97002997002997,320,240,320x240,Diving,Diving
v_Diving_g01_c07,Diving\v_Diving_g01_c07.avi,Diving,243,8.1081,29.97002997002997,320,240,320x240,Diving,Diving
v_Diving_g02_c01,Diving\v_Diving_g02_c01.avi,Diving,134,4.471133333333333,29.97002997002997,320,240,320x240,Diving,Diving
v_Diving_g02_c02,Diving\v_Diving_g02_c02.avi,Diving,151,5.038366666666667,29.97002997002997,320,240,320x240,Diving,Diving
v_Diving_g02_c03,Diving\v_Diving_g02_c03.avi,Diving,128,4.270933333333334,29.97002997002997,320,240,320x240,BreastStroke,Diving
v_Diving_g02_c04,Diving\v_Diving_g02_c04.avi,Diving,160,5.338666666666667,29.97002997002997,320,240,320x240,BreastStroke,BreastStroke
v_Diving_g02_c05,Diving\v_Diving_g02_c05.avi,Diving,200,6.673333333333334,29.97002997002997,320,240,320x240,BreastStroke,Diving
v_Diving_g02_c06,Diving\v_Diving_g02_c06.avi,Diving,152,5.071733333333333,29.97002997002997,320,240,320x240,BreastStroke,BreastStroke
v_Diving_g02_c07,Diving\v_Diving_g02_c07.avi,Diving,123,4.1041,29.97002997002997,320,240,320x240,BreastStroke,Diving
v_Diving_g03_c01,Diving\v_Diving_g03_c01.avi,Diving,192,6.4064000000000005,29.97002997002997,320,240,320x240,Diving,Diving
v_Diving_g03_c02,Diving\v_Diving_g03_c02.avi,Diving,192,6.4064000000000005,29.97002997002997,320,240,320x240,Diving,Diving
v_Diving_g03_c03,Diving\v_Diving_g03_c03.avi,Diving,188,6.2729333333333335,29.97002997002997,320,240,320x240,Diving,Diving
v_Diving_g03_c04,Diving\v_Diving_g03_c04.avi,Diving,198,6.6066,29.97002997002997,320,240,320x240,Diving,Diving
v_Diving_g03_c05,Diving\v_Diving_g03_c05.avi,Diving,248,8.274933333333333,29.97002997002997,320,240,320x240,Diving,Diving
v_Diving_g03_c06,Diving\v_Diving_g03_c06.avi,Diving,115,3.8371666666666666,29.97002997002997,320,240,320x240,Diving,Diving
v_Diving_g03_c07,Diving\v_Diving_g03_c07.avi,Diving,103,3.4367666666666667,29.97002997002997,320,240,320x240,Diving,Diving
v_Diving_g04_c01,Diving\v_Diving_g04_c01.avi,Diving,106,3.5368666666666666,29.97002997002997,320,240,320x240,Diving,Diving
v_Diving_g04_c02,Diving\v_Diving_g04_c02.avi,Diving,98,3.2699333333333334,29.97002997002997,320,240,320x240,Diving,Diving
v_Diving_g04_c03,Diving\v_Diving_g04_c03.avi,Diving,146,4.871533333333334,29.97002997002997,320,240,320x240,BreastStroke,Diving
v_Diving_g04_c04,Diving\v_Diving_g04_c04.avi,Diving,285,9.5095,29.97002997002997,320,240,320x240,Diving,Diving
v_Diving_g04_c05,Diving\v_Diving_g04_c05.avi,Diving,150,5.005,29.97002997002997,320,240,320x240,Diving,Diving
v_Diving_g04_c06,Diving\v_Diving_g04_c06.avi,Diving,120,4.004,29.97002997002997,320,240,320x240,Diving,Diving
v_Diving_g04_c07,Diving\v_Diving_g04_c07.avi,Diving,150,5.005,29.97002997002997,320,240,320x240,Diving,Diving
v_Diving_g05_c01,Diving\v_Diving_g05_c01.avi,Diving,110,3.670333333333333,29.97002997002997,320,240,320x240,BreastStroke,Diving
v_Diving_g05_c02,Diving\v_Diving_g05_c02.avi,Diving,158,5.271933333333333,29.97002997002997,320,240,320x240,BreastStroke,Diving
v_Diving_g05_c03,Diving\v_Diving_g05_c03.avi,Diving,106,3.5368666666666666,29.97002997002997,320,240,320x240,Diving,Diving
v_Diving_g05_c04,Diving\v_Diving_g05_c04.avi,Diving,130,4.337666666666666,29.97002997002997,320,240,320x240,Diving,Diving
v_Diving_g05_c05,Diving\v_Diving_g05_c05.avi,Diving,101,3.370033333333333,29.97002997002997,320,240,320x240,BreastStroke,Diving
v_Diving_g05_c06,Diving\v_Diving_g05_c06.avi,Diving,60,2.002,29.97002997002997,320,240,320x240,Diving,Diving
v_Diving_g06_c01,Diving\v_Diving_g06_c01.avi,Diving,212,7.073733333333333,29.97002997002997,320,240,320x240,Diving,Diving
v_Diving_g06_c02,Diving\v_Diving_g06_c02.avi,Diving,209,6.973633333333334,29.97002997002997,320,240,320x240,Diving,Diving
v_Diving_g06_c03,Diving\v_Diving_g06_c03.avi,Diving,236,7.874533333333334,29.97002997002997,320,240,320x240,Diving,Diving
v_Diving_g06_c04,Diving\v_Diving_g06_c04.avi,Diving,216,7.2072,29.97002997002997,320,240,320x240,Diving,Diving
v_Diving_g06_c05,Diving\v_Diving_g06_c05.avi,Diving,125,4.170833333333333,29.97002997002997,320,240,320x240,Diving,Diving
v_Diving_g06_c06,Diving\v_Diving_g06_c06.avi,Diving,219,7.307300000000001,29.97002997002997,320,240,320x240,Diving,Diving
v_Diving_g06_c07,Diving\v_Diving_g06_c07.avi,Diving,242,8.074733333333333,29.97002997002997,320,240,320x240,Diving,Diving
v_Diving_g07_c01,Diving\v_Diving_g07_c01.avi,Diving,179,5.9726333333333335,29.97002997002997,320,240,320x240,Diving,Diving
v_Diving_g07_c02,Diving\v_Diving_g07_c02.avi,Diving,158,5.271933333333333,29.97002997002997,320,240,320x240,Diving,Diving
v_Diving_g07_c03,Diving\v_Diving_g07_c03.avi,Diving,216,7.2072,29.97002997002997,320,240,320x240,Diving,Diving
v_Diving_g07_c04,Diving\v_Diving_g07_c04.avi,Diving,173,5.772433333333334,29.97002997002997,320,240,320x240,Diving,Diving
v_Drumming_g01_c01,Drumming\v_Drumming_g01_c01.avi,Drumming,300,12.0,25.0,320,240,320x240,Drumming,Drumming
v_Drumming_g01_c02,Drumming\v_Drumming_g01_c02.avi,Drumming,300,12.0,25.0,320,240,320x240,Drumming,Drumming
v_Drumming_g01_c03,Drumming\v_Drumming_g01_c03.avi,Drumming,300,12.0,25.0,320,240,320x240,Drumming,Drumming
v_Drumming_g01_c04,Drumming\v_Drumming_g01_c04.avi,Drumming,300,12.0,25.0,320,240,320x240,Drumming,Drumming
v_Drumming_g01_c05,Drumming\v_Drumming_g01_c05.avi,Drumming,300,12.0,25.0,320,240,320x240,Drumming,Drumming
v_Drumming_g01_c06,Drumming\v_Drumming_g01_c06.avi,Drumming,300,12.0,25.0,320,240,320x240,Drumming,Drumming
v_Drumming_g01_c07,Drumming\v_Drumming_g01_c07.avi,Drumming,300,12.0,25.0,320,240,320x240,Drumming,Drumming
v_Drumming_g02_c01,Drumming\v_Drumming_g02_c01.avi,Drumming,300,12.0,25.0,320,240,320x240,Drumming,Drumming
v_Drumming_g02_c02,Drumming\v_Drumming_g02_c02.avi,Drumming,300,12.0,25.0,320,240,320x240,Drumming,Drumming
v_Drumming_g02_c03,Drumming\v_Drumming_g02_c03.avi,Drumming,300,12.0,25.0,320,240,320x240,Drumming,Drumming
v_Drumming_g02_c04,Drumming\v_Drumming_g02_c04.avi,Drumming,300,12.0,25.0,320,240,320x240,Drumming,Drumming
v_Drumming_g02_c05,Drumming\v_Drumming_g02_c05.avi,Drumming,300,12.0,25.0,320,240,320x240,Drumming,Drumming
v_Drumming_g02_c06,Drumming\v_Drumming_g02_c06.avi,Drumming,300,12.0,25.0,320,240,320x240,Drumming,Drumming
v_Drumming_g02_c07,Drumming\v_Drumming_g02_c07.avi,Drumming,300,12.0,25.0,320,240,320x240,Drumming,Drumming
v_Drumming_g03_c01,Drumming\v_Drumming_g03_c01.avi,Drumming,177,7.08,25.0,320,240,320x240,Drumming,Drumming
v_Drumming_g03_c02,Drumming\v_Drumming_g03_c02.avi,Drumming,231,9.24,25.0,320,240,320x240,Drumming,Drumming
v_Drumming_g03_c03,Drumming\v_Drumming_g03_c03.avi,Drumming,111,4.44,25.0,320,240,320x240,Drumming,Drumming
v_Drumming_g03_c04,Drumming\v_Drumming_g03_c04.avi,Drumming,174,6.96,25.0,320,240,320x240,Drumming,Drumming
v_Drumming_g03_c05,Drumming\v_Drumming_g03_c05.avi,Drumming,153,6.12,25.0,320,240,320x240,Drumming,Drumming
v_Drumming_g04_c01,Drumming\v_Drumming_g04_c01.avi,Drumming,300,12.0,25.0,320,240,320x240,Drumming,Drumming
v_Drumming_g04_c02,Drumming\v_Drumming_g04_c02.avi,Drumming,300,12.0,25.0,320,240,320x240,Drumming,Drumming
v_Drumming_g04_c03,Drumming\v_Drumming_g04_c03.avi,Drumming,300,12.0,25.0,320,240,320x240,Drumming,Drumming
v_Drumming_g04_c04,Drumming\v_Drumming_g04_c04.avi,Drumming,300,12.0,25.0,320,240,320x240,Drumming,Drumming
v_Drumming_g04_c05,Drumming\v_Drumming_g04_c05.avi,Drumming,300,12.0,25.0,320,240,320x240,Drumming,Drumming
v_Drumming_g04_c06,Drumming\v_Drumming_g04_c06.avi,Drumming,300,12.0,25.0,320,240,320x240,Drumming,Drumming
v_Drumming_g04_c07,Drumming\v_Drumming_g04_c07.avi,Drumming,300,12.0,25.0,320,240,320x240,Drumming,Drumming
v_Drumming_g05_c01,Drumming\v_Drumming_g05_c01.avi,Drumming,170,6.8,25.0,320,240,320x240,Drumming,Drumming
v_Drumming_g05_c02,Drumming\v_Drumming_g05_c02.avi,Drumming,177,7.08,25.0,320,240,320x240,Drumming,Drumming
v_Drumming_g05_c03,Drumming\v_Drumming_g05_c03.avi,Drumming,176,7.04,25.0,320,240,320x240,Drumming,Drumming
v_Drumming_g05_c04,Drumming\v_Drumming_g05_c04.avi,Drumming,208,8.32,25.0,320,240,320x240,Drumming,Drumming
v_Drumming_g05_c05,Drumming\v_Drumming_g05_c05.avi,Drumming,195,7.8,25.0,320,240,320x240,Drumming,Drumming
v_Drumming_g05_c06,Drumming\v_Drumming_g05_c06.avi,Drumming,211,8.44,25.0,320,240,320x240,Drumming,Drumming
v_Drumming_g06_c01,Drumming\v_Drumming_g06_c01.avi,Drumming,300,12.0,25.0,320,240,320x240,PlayingPiano,PizzaTossing
v_Drumming_g06_c02,Drumming\v_Drumming_g06_c02.avi,Drumming,300,12.0,25.0,320,240,320x240,PlayingPiano,Typing
v_Drumming_g06_c03,Drumming\v_Drumming_g06_c03.avi,Drumming,300,12.0,25.0,320,240,320x240,PlayingPiano,Typing
v_Drumming_g06_c04,Drumming\v_Drumming_g06_c04.avi,Drumming,300,12.0,25.0,320,240,320x240,PlayingPiano,Typing
v_Drumming_g06_c05,Drumming\v_Drumming_g06_c05.avi,Drumming,300,12.0,25.0,320,240,320x240,PlayingPiano,Typing
v_Drumming_g06_c06,Drumming\v_Drumming_g06_c06.avi,Drumming,300,12.0,25.0,320,240,320x240,PlayingPiano,Typing
v_Drumming_g07_c01,Drumming\v_Drumming_g07_c01.avi,Drumming,300,12.0,25.0,320,240,320x240,Drumming,Drumming
v_Drumming_g07_c02,Drumming\v_Drumming_g07_c02.avi,Drumming,300,12.0,25.0,320,240,320x240,Drumming,Drumming
v_Drumming_g07_c03,Drumming\v_Drumming_g07_c03.avi,Drumming,300,12.0,25.0,320,240,320x240,Drumming,Drumming
v_Drumming_g07_c04,Drumming\v_Drumming_g07_c04.avi,Drumming,300,12.0,25.0,320,240,320x240,Drumming,Drumming
v_Drumming_g07_c05,Drumming\v_Drumming_g07_c05.avi,Drumming,300,12.0,25.0,320,240,320x240,Drumming,Drumming
v_Drumming_g07_c06,Drumming\v_Drumming_g07_c06.avi,Drumming,300,12.0,25.0,320,240,320x240,Drumming,Drumming
v_Drumming_g07_c07,Drumming\v_Drumming_g07_c07.avi,Drumming,300,12.0,25.0,320,240,320x240,Drumming,Drumming
v_Fencing_g01_c01,Fencing\v_Fencing_g01_c01.avi,Fencing,147,5.88,25.0,320,240,320x240,Fencing,Fencing
v_Fencing_g01_c02,Fencing\v_Fencing_g01_c02.avi,Fencing,161,6.44,25.0,320,240,320x240,Fencing,Fencing
v_Fencing_g01_c03,Fencing\v_Fencing_g01_c03.avi,Fencing,147,5.88,25.0,320,240,320x240,Fencing,Fencing
v_Fencing_g01_c04,Fencing\v_Fencing_g01_c04.avi,Fencing,147,5.88,25.0,320,240,320x240,Fencing,Fencing
v_Fencing_g01_c05,Fencing\v_Fencing_g01_c05.avi,Fencing,136,5.44,25.0,320,240,320x240,Fencing,Fencing
v_Fencing_g01_c06,Fencing\v_Fencing_g01_c06.avi,Fencing,174,6.96,25.0,320,240,320x240,Fencing,Fencing
v_Fencing_g02_c01,Fencing\v_Fencing_g02_c01.avi,Fencing,142,5.68,25.0,320,240,320x240,Fencing,Fencing
v_Fencing_g02_c02,Fencing\v_Fencing_g02_c02.avi,Fencing,132,5.28,25.0,320,240,320x240,Fencing,Fencing
v_Fencing_g02_c03,Fencing\v_Fencing_g02_c03.avi,Fencing,115,4.6,25.0,320,240,320x240,Fencing,Fencing
v_Fencing_g02_c04,Fencing\v_Fencing_g02_c04.avi,Fencing,119,4.76,25.0,320,240,320x240,Fencing,Fencing
v_Fencing_g02_c05,Fencing\v_Fencing_g02_c05.avi,Fencing,136,5.44,25.0,320,240,320x240,Fencing,Fencing
v_Fencing_g03_c01,Fencing\v_Fencing_g03_c01.avi,Fencing,120,4.8,25.0,320,240,320x240,Fencing,Fencing
v_Fencing_g03_c02,Fencing\v_Fencing_g03_c02.avi,Fencing,114,4.56,25.0,320,240,320x240,Fencing,Fencing
v_Fencing_g03_c03,Fencing\v_Fencing_g03_c03.avi,Fencing,111,4.44,25.0,320,240,320x240,Fencing,Fencing
v_Fencing_g03_c04,Fencing\v_Fencing_g03_c04.avi,Fencing,94,3.76,25.0,320,240,320x240,Fencing,Fencing
v_Fencing_g03_c05,Fencing\v_Fencing_g03_c05.avi,Fencing,138,5.52,25.0,320,240,320x240,Fencing,Fencing
v_Fencing_g04_c01,Fencing\v_Fencing_g04_c01.avi,Fencing,170,6.8,25.0,320,240,320x240,Fencing,Fencing
v_Fencing_g04_c02,Fencing\v_Fencing_g04_c02.avi,Fencing,136,5.44,25.0,320,240,320x240,Fencing,Fencing
v_Fencing_g04_c03,Fencing\v_Fencing_g04_c03.avi,Fencing,152,6.08,25.0,320,240,320x240,Fencing,Fencing
v_Fencing_g04_c04,Fencing\v_Fencing_g04_c04.avi,Fencing,127,5.08,25.0,320,240,320x240,Fencing,Fencing
v_Fencing_g04_c05,Fencing\v_Fencing_g04_c05.avi,Fencing,110,4.4,25.0,320,240,320x240,Fencing,Fencing
v_Fencing_g05_c01,Fencing\v_Fencing_g05_c01.avi,Fencing,139,5.56,25.0,320,240,320x240,Fencing,Fencing
v_Fencing_g05_c02,Fencing\v_Fencing_g05_c02.avi,Fencing,120,4.8,25.0,320,240,320x240,Fencing,Fencing
v_Fencing_g05_c03,Fencing\v_Fencing_g05_c03.avi,Fencing,129,5.16,25.0,320,240,320x240,Fencing,Fencing
v_Fencing_g05_c04,Fencing\v_Fencing_g05_c04.avi,Fencing,130,5.2,25.0,320,240,320x240,Fencing,Fencing
v_Fencing_g05_c05,Fencing\v_Fencing_g05_c05.avi,Fencing,130,5.2,25.0,320,240,320x240,HammerThrow,Fencing
v_Fencing_g06_c01,Fencing\v_Fencing_g06_c01.avi,Fencing,142,5.68,25.0,320,240,320x240,Fencing,Fencing
v_Fencing_g06_c02,Fencing\v_Fencing_g06_c02.avi,Fencing,151,6.04,25.0,320,240,320x240,Fencing,Fencing
v_Fencing_g06_c03,Fencing\v_Fencing_g06_c03.avi,Fencing,126,5.04,25.0,320,240,320x240,Fencing,Fencing
v_Fencing_g06_c04,Fencing\v_Fencing_g06_c04.avi,Fencing,125,5.0,25.0,320,240,320x240,Fencing,Fencing
v_Fencing_g07_c01,Fencing\v_Fencing_g07_c01.avi,Fencing,147,5.88,25.0,320,240,320x240,Fencing,Fencing
v_Fencing_g07_c02,Fencing\v_Fencing_g07_c02.avi,Fencing,110,4.4,25.0,320,240,320x240,HammerThrow,Fencing
v_Fencing_g07_c03,Fencing\v_Fencing_g07_c03.avi,Fencing,111,4.44,25.0,320,240,320x240,Fencing,Fencing
v_Fencing_g07_c04,Fencing\v_Fencing_g07_c04.avi,Fencing,123,4.92,25.0,320,240,320x240,Fencing,Fencing
v_FieldHockeyPenalty_g01_c01,FieldHockeyPenalty\v_FieldHockeyPenalty_g01_c01.avi,FieldHockeyPenalty,131,5.24,25.0,320,240,320x240,FieldHockeyPenalty,FieldHockeyPenalty
v_FieldHockeyPenalty_g01_c02,FieldHockeyPenalty\v_FieldHockeyPenalty_g01_c02.avi,FieldHockeyPenalty,180,7.2,25.0,320,240,320x240,FieldHockeyPenalty,FieldHockeyPenalty
v_FieldHockeyPenalty_g01_c03,FieldHockeyPenalty\v_FieldHockeyPenalty_g01_c03.avi,FieldHockeyPenalty,101,4.04,25.0,320,240,320x240,FieldHockeyPenalty,FieldHockeyPenalty
v_FieldHockeyPenalty_g01_c04,FieldHockeyPenalty\v_FieldHockeyPenalty_g01_c04.avi,FieldHockeyPenalty,154,6.16,25.0,320,240,320x240,FieldHockeyPenalty,FieldHockeyPenalty
v_FieldHockeyPenalty_g01_c05,FieldHockeyPenalty\v_FieldHockeyPenalty_g01_c05.avi,FieldHockeyPenalty,144,5.76,25.0,320,240,320x240,FieldHockeyPenalty,FieldHockeyPenalty
v_FieldHockeyPenalty_g02_c01,FieldHockeyPenalty\v_FieldHockeyPenalty_g02_c01.avi,FieldHockeyPenalty,105,4.2,25.0,320,240,320x240,FieldHockeyPenalty,FieldHockeyPenalty
v_FieldHockeyPenalty_g02_c02,FieldHockeyPenalty\v_FieldHockeyPenalty_g02_c02.avi,FieldHockeyPenalty,141,5.64,25.0,320,240,320x240,FieldHockeyPenalty,FieldHockeyPenalty
v_FieldHockeyPenalty_g02_c03,FieldHockeyPenalty\v_FieldHockeyPenalty_g02_c03.avi,FieldHockeyPenalty,151,6.04,25.0,320,240,320x240,FieldHockeyPenalty,FieldHockeyPenalty
v_FieldHockeyPenalty_g02_c04,FieldHockeyPenalty\v_FieldHockeyPenalty_g02_c04.avi,FieldHockeyPenalty,196,7.84,25.0,320,240,320x240,FieldHockeyPenalty,FieldHockeyPenalty
v_FieldHockeyPenalty_g02_c05,FieldHockeyPenalty\v_FieldHockeyPenalty_g02_c05.avi,FieldHockeyPenalty,169,6.76,25.0,320,240,320x240,FieldHockeyPenalty,FieldHockeyPenalty
v_FieldHockeyPenalty_g02_c06,FieldHockeyPenalty\v_FieldHockeyPenalty_g02_c06.avi,FieldHockeyPenalty,151,6.04,25.0,320,240,320x240,FieldHockeyPenalty,FieldHockeyPenalty
v_FieldHockeyPenalty_g03_c01,FieldHockeyPenalty\v_FieldHockeyPenalty_g03_c01.avi,FieldHockeyPenalty,82,3.28,25.0,320,240,320x240,FieldHockeyPenalty,FieldHockeyPenalty
v_FieldHockeyPenalty_g03_c02,FieldHockeyPenalty\v_FieldHockeyPenalty_g03_c02.avi,FieldHockeyPenalty,82,3.28,25.0,320,240,320x240,FieldHockeyPenalty,FieldHockeyPenalty
v_FieldHockeyPenalty_g03_c03,FieldHockeyPenalty\v_FieldHockeyPenalty_g03_c03.avi,FieldHockeyPenalty,34,1.36,25.0,320,240,320x240,FieldHockeyPenalty,FieldHockeyPenalty
v_FieldHockeyPenalty_g03_c04,FieldHockeyPenalty\v_FieldHockeyPenalty_g03_c04.avi,FieldHockeyPenalty,70,2.8,25.0,320,240,320x240,FieldHockeyPenalty,FieldHockeyPenalty
v_FieldHockeyPenalty_g04_c01,FieldHockeyPenalty\v_FieldHockeyPenalty_g04_c01.avi,FieldHockeyPenalty,66,2.64,25.0,320,240,320x240,FieldHockeyPenalty,FieldHockeyPenalty
v_FieldHockeyPenalty_g04_c02,FieldHockeyPenalty\v_FieldHockeyPenalty_g04_c02.avi,FieldHockeyPenalty,65,2.6,25.0,320,240,320x240,FieldHockeyPenalty,FieldHockeyPenalty
v_FieldHockeyPenalty_g04_c03,FieldHockeyPenalty\v_FieldHockeyPenalty_g04_c03.avi,FieldHockeyPenalty,82,3.28,25.0,320,240,320x240,FieldHockeyPenalty,FieldHockeyPenalty
v_FieldHockeyPenalty_g04_c04,FieldHockeyPenalty\v_FieldHockeyPenalty_g04_c04.avi,FieldHockeyPenalty,75,3.0,25.0,320,240,320x240,FieldHockeyPenalty,FieldHockeyPenalty
v_FieldHockeyPenalty_g04_c05,FieldHockeyPenalty\v_FieldHockeyPenalty_g04_c05.avi,FieldHockeyPenalty,85,3.4,25.0,320,240,320x240,FieldHockeyPenalty,FieldHockeyPenalty
v_FieldHockeyPenalty_g04_c06,FieldHockeyPenalty\v_FieldHockeyPenalty_g04_c06.avi,FieldHockeyPenalty,86,3.44,25.0,320,240,320x240,FieldHockeyPenalty,FieldHockeyPenalty
v_FieldHockeyPenalty_g04_c07,FieldHockeyPenalty\v_FieldHockeyPenalty_g04_c07.avi,FieldHockeyPenalty,57,2.28,25.0,320,240,320x240,FieldHockeyPenalty,FieldHockeyPenalty
v_FieldHockeyPenalty_g05_c01,FieldHockeyPenalty\v_FieldHockeyPenalty_g05_c01.avi,FieldHockeyPenalty,100,4.0,25.0,320,240,320x240,FieldHockeyPenalty,FieldHockeyPenalty
v_FieldHockeyPenalty_g05_c02,FieldHockeyPenalty\v_FieldHockeyPenalty_g05_c02.avi,FieldHockeyPenalty,77,3.08,25.0,320,240,320x240,FieldHockeyPenalty,FieldHockeyPenalty
v_FieldHockeyPenalty_g05_c03,FieldHockeyPenalty\v_FieldHockeyPenalty_g05_c03.avi,FieldHockeyPenalty,112,4.48,25.0,320,240,320x240,FieldHockeyPenalty,FieldHockeyPenalty
v_FieldHockeyPenalty_g05_c04,FieldHockeyPenalty\v_FieldHockeyPenalty_g05_c04.avi,FieldHockeyPenalty,67,2.68,25.0,320,240,320x240,FieldHockeyPenalty,FieldHockeyPenalty
v_FieldHockeyPenalty_g05_c05,FieldHockeyPenalty\v_FieldHockeyPenalty_g05_c05.avi,FieldHockeyPenalty,72,2.88,25.0,320,240,320x240,FieldHockeyPenalty,FieldHockeyPenalty
v_FieldHockeyPenalty_g05_c06,FieldHockeyPenalty\v_FieldHockeyPenalty_g05_c06.avi,FieldHockeyPenalty,137,5.48,25.0,320,240,320x240,FieldHockeyPenalty,FieldHockeyPenalty
v_FieldHockeyPenalty_g05_c07,FieldHockeyPenalty\v_FieldHockeyPenalty_g05_c07.avi,FieldHockeyPenalty,107,4.28,25.0,320,240,320x240,FieldHockeyPenalty,FieldHockeyPenalty
v_FieldHockeyPenalty_g06_c01,FieldHockeyPenalty\v_FieldHockeyPenalty_g06_c01.avi,FieldHockeyPenalty,115,4.6,25.0,320,240,320x240,FieldHockeyPenalty,FieldHockeyPenalty
v_FieldHockeyPenalty_g06_c02,FieldHockeyPenalty\v_FieldHockeyPenalty_g06_c02.avi,FieldHockeyPenalty,171,6.84,25.0,320,240,320x240,FieldHockeyPenalty,SoccerJuggling
v_FieldHockeyPenalty_g06_c03,FieldHockeyPenalty\v_FieldHockeyPenalty_g06_c03.avi,FieldHockeyPenalty,170,6.8,25.0,320,240,320x240,FieldHockeyPenalty,FieldHockeyPenalty
v_FieldHockeyPenalty_g06_c04,FieldHockeyPenalty\v_FieldHockeyPenalty_g06_c04.avi,FieldHockeyPenalty,148,5.92,25.0,320,240,320x240,SoccerJuggling,SoccerJuggling
v_FieldHockeyPenalty_g06_c05,FieldHockeyPenalty\v_FieldHockeyPenalty_g06_c05.avi,FieldHockeyPenalty,128,5.12,25.0,320,240,320x240,FieldHockeyPenalty,FieldHockeyPenalty
v_FieldHockeyPenalty_g06_c06,FieldHockeyPenalty\v_FieldHockeyPenalty_g06_c06.avi,FieldHockeyPenalty,131,5.24,25.0,320,240,320x240,FieldHockeyPenalty,SoccerPenalty
v_FieldHockeyPenalty_g06_c07,FieldHockeyPenalty\v_FieldHockeyPenalty_g06_c07.avi,FieldHockeyPenalty,140,5.6,25.0,320,240,320x240,FieldHockeyPenalty,FieldHockeyPenalty
v_FieldHockeyPenalty_g07_c01,FieldHockeyPenalty\v_FieldHockeyPenalty_g07_c01.avi,FieldHockeyPenalty,72,2.88,25.0,320,240,320x240,FieldHockeyPenalty,CricketShot
v_FieldHockeyPenalty_g07_c02,FieldHockeyPenalty\v_FieldHockeyPenalty_g07_c02.avi,FieldHockeyPenalty,81,3.24,25.0,320,240,320x240,FieldHockeyPenalty,FieldHockeyPenalty
v_FieldHockeyPenalty_g07_c03,FieldHockeyPenalty\v_FieldHockeyPenalty_g07_c03.avi,FieldHockeyPenalty,114,4.56,25.0,320,240,320x240,FieldHockeyPenalty,SoccerPenalty
v_FieldHockeyPenalty_g07_c04,FieldHockeyPenalty\v_FieldHockeyPenalty_g07_c04.avi,FieldHockeyPenalty,53,2.12,25.0,320,240,320x240,FieldHockeyPenalty,FieldHockeyPenalty
v_FloorGymnastics_g01_c01,FloorGymnastics\v_FloorGymnastics_g01_c01.avi,FloorGymnastics,97,3.88,25.0,320,240,320x240,FloorGymnastics,FloorGymnastics
v_FloorGymnastics_g01_c02,FloorGymnastics\v_FloorGymnastics_g01_c02.avi,FloorGymnastics,194,7.76,25.0,320,240,320x240,FloorGymnastics,FloorGymnastics
v_FloorGymnastics_g01_c03,FloorGymnastics\v_FloorGymnastics_g01_c03.avi,FloorGymnastics,186,7.44,25.0,320,240,320x240,FloorGymnastics,FloorGymnastics
v_FloorGymnastics_g01_c04,FloorGymnastics\v_FloorGymnastics_g01_c04.avi,FloorGymnastics,136,5.44,25.0,320,240,320x240,FloorGymnastics,FloorGymnastics
v_FloorGymnastics_g01_c05,FloorGymnastics\v_FloorGymnastics_g01_c05.avi,FloorGymnastics,130,5.2,25.0,320,240,320x240,FloorGymnastics,FloorGymnastics
v_FloorGymnastics_g02_c01,FloorGymnastics\v_FloorGymnastics_g02_c01.avi,FloorGymnastics,137,5.48,25.0,320,240,320x240,FloorGymnastics,FloorGymnastics
v_FloorGymnastics_g02_c02,FloorGymnastics\v_FloorGymnastics_g02_c02.avi,FloorGymnastics,145,5.8,25.0,320,240,320x240,FloorGymnastics,FloorGymnastics
v_FloorGymnastics_g02_c03,FloorGymnastics\v_FloorGymnastics_g02_c03.avi,FloorGymnastics,119,4.76,25.0,320,240,320x240,FloorGymnastics,FloorGymnastics
v_FloorGymnastics_g02_c04,FloorGymnastics\v_FloorGymnastics_g02_c04.avi,FloorGymnastics,125,5.0,25.0,320,240,320x240,FloorGymnastics,FloorGymnastics
v_FloorGymnastics_g03_c01,FloorGymnastics\v_FloorGymnastics_g03_c01.avi,FloorGymnastics,141,5.64,25.0,320,240,320x240,FloorGymnastics,FloorGymnastics
v_FloorGymnastics_g03_c02,FloorGymnastics\v_FloorGymnastics_g03_c02.avi,FloorGymnastics,143,5.72,25.0,320,240,320x240,FloorGymnastics,FloorGymnastics
v_FloorGymnastics_g03_c03,FloorGymnastics\v_FloorGymnastics_g03_c03.avi,FloorGymnastics,153,6.12,25.0,320,240,320x240,FloorGymnastics,FloorGymnastics
v_FloorGymnastics_g03_c04,FloorGymnastics\v_FloorGymnastics_g03_c04.avi,FloorGymnastics,161,6.44,25.0,320,240,320x240,FloorGymnastics,FloorGymnastics
v_FloorGymnastics_g04_c01,FloorGymnastics\v_FloorGymnastics_g04_c01.avi,FloorGymnastics,95,3.8,25.0,320,240,320x240,HighJump,FloorGymnastics
v_FloorGymnastics_g04_c02,FloorGymnastics\v_FloorGymnastics_g04_c02.avi,FloorGymnastics,98,3.92,25.0,320,240,320x240,FloorGymnastics,FloorGymnastics
v_FloorGymnastics_g04_c03,FloorGymnastics\v_FloorGymnastics_g04_c03.avi,FloorGymnastics,271,10.84,25.0,320,240,320x240,FloorGymnastics,FloorGymnastics
v_FloorGymnastics_g04_c04,FloorGymnastics\v_FloorGymnastics_g04_c04.avi,FloorGymnastics,139,5.56,25.0,320,240,320x240,HighJump,FloorGymnastics
v_FloorGymnastics_g04_c05,FloorGymnastics\v_FloorGymnastics_g04_c05.avi,FloorGymnastics,163,6.52,25.0,320,240,320x240,HighJump,FloorGymnastics
v_FloorGymnastics_g05_c01,FloorGymnastics\v_FloorGymnastics_g05_c01.avi,FloorGymnastics,180,7.2,25.0,320,240,320x240,FloorGymnastics,FloorGymnastics
v_FloorGymnastics_g05_c02,FloorGymnastics\v_FloorGymnastics_g05_c02.avi,FloorGymnastics,211,8.44,25.0,320,240,320x240,FloorGymnastics,FloorGymnastics
v_FloorGymnastics_g05_c03,FloorGymnastics\v_FloorGymnastics_g05_c03.avi,FloorGymnastics,162,6.48,25.0,320,240,320x240,FloorGymnastics,FloorGymnastics
v_FloorGymnastics_g05_c04,FloorGymnastics\v_FloorGymnastics_g05_c04.avi,FloorGymnastics,115,4.6,25.0,320,240,320x240,FloorGymnastics,FloorGymnastics
v_FloorGymnastics_g06_c01,FloorGymnastics\v_FloorGymnastics_g06_c01.avi,FloorGymnastics,155,6.2,25.0,320,240,320x240,FloorGymnastics,FloorGymnastics
v_FloorGymnastics_g06_c02,FloorGymnastics\v_FloorGymnastics_g06_c02.avi,FloorGymnastics,182,7.28,25.0,320,240,320x240,FloorGymnastics,FloorGymnastics
v_FloorGymnastics_g06_c03,FloorGymnastics\v_FloorGymnastics_g06_c03.avi,FloorGymnastics,184,7.36,25.0,320,240,320x240,FloorGymnastics,FloorGymnastics
v_FloorGymnastics_g06_c04,FloorGymnastics\v_FloorGymnastics_g06_c04.avi,FloorGymnastics,177,7.08,25.0,320,240,320x240,FloorGymnastics,FloorGymnastics
v_FloorGymnastics_g06_c05,FloorGymnastics\v_FloorGymnastics_g06_c05.avi,FloorGymnastics,175,7.0,25.0,320,240,320x240,FloorGymnastics,FloorGymnastics
v_FloorGymnastics_g06_c06,FloorGymnastics\v_FloorGymnastics_g06_c06.avi,FloorGymnastics,196,7.84,25.0,320,240,320x240,FloorGymnastics,FloorGymnastics
v_FloorGymnastics_g06_c07,FloorGymnastics\v_FloorGymnastics_g06_c07.avi,FloorGymnastics,196,7.84,25.0,320,240,320x240,FloorGymnastics,FloorGymnastics
v_FloorGymnastics_g07_c01,FloorGymnastics\v_FloorGymnastics_g07_c01.avi,FloorGymnastics,142,5.68,25.0,320,240,320x240,HighJump,HighJump
v_FloorGymnastics_g07_c02,FloorGymnastics\v_FloorGymnastics_g07_c02.avi,FloorGymnastics,126,5.04,25.0,320,240,320x240,PoleVault,UnevenBars
v_FloorGymnastics_g07_c03,FloorGymnastics\v_FloorGymnastics_g07_c03.avi,FloorGymnastics,122,4.88,25.0,320,240,320x240,LongJump,HighJump
v_FloorGymnastics_g07_c04,FloorGymnastics\v_FloorGymnastics_g07_c04.avi,FloorGymnastics,133,5.32,25.0,320,240,320x240,HighJump,UnevenBars
v_FloorGymnastics_g07_c05,FloorGymnastics\v_FloorGymnastics_g07_c05.avi,FloorGymnastics,174,6.96,25.0,320,240,320x240,HighJump,UnevenBars
v_FloorGymnastics_g07_c06,FloorGymnastics\v_FloorGymnastics_g07_c06.avi,FloorGymnastics,113,4.52,25.0,320,240,320x240,HighJump,PommelHorse
v_FloorGymnastics_g07_c07,FloorGymnastics\v_FloorGymnastics_g07_c07.avi,FloorGymnastics,137,5.48,25.0,320,240,320x240,PoleVault,UnevenBars
v_FrisbeeCatch_g01_c01,FrisbeeCatch\v_FrisbeeCatch_g01_c01.avi,FrisbeeCatch,103,4.12,25.0,320,240,320x240,ThrowDiscus,LongJump
v_FrisbeeCatch_g01_c02,FrisbeeCatch\v_FrisbeeCatch_g01_c02.avi,FrisbeeCatch,64,2.56,25.0,320,240,320x240,FieldHockeyPenalty,FrisbeeCatch
v_FrisbeeCatch_g01_c03,FrisbeeCatch\v_FrisbeeCatch_g01_c03.avi,FrisbeeCatch,100,4.0,25.0,320,240,320x240,ThrowDiscus,FrisbeeCatch
v_FrisbeeCatch_g01_c04,FrisbeeCatch\v_FrisbeeCatch_g01_c04.avi,FrisbeeCatch,91,3.64,25.0,320,240,320x240,JavelinThrow,FrisbeeCatch
v_FrisbeeCatch_g01_c05,FrisbeeCatch\v_FrisbeeCatch_g01_c05.avi,FrisbeeCatch,85,3.4,25.0,320,240,320x240,ThrowDiscus,FrisbeeCatch
v_FrisbeeCatch_g01_c06,FrisbeeCatch\v_FrisbeeCatch_g01_c06.avi,FrisbeeCatch,102,4.08,25.0,320,240,320x240,JavelinThrow,FrisbeeCatch
v_FrisbeeCatch_g02_c01,FrisbeeCatch\v_FrisbeeCatch_g02_c01.avi,FrisbeeCatch,108,4.32,25.0,320,240,320x240,FieldHockeyPenalty,FrisbeeCatch
v_FrisbeeCatch_g02_c02,FrisbeeCatch\v_FrisbeeCatch_g02_c02.avi,FrisbeeCatch,86,3.44,25.0,320,240,320x240,FieldHockeyPenalty,FrisbeeCatch
v_FrisbeeCatch_g02_c03,FrisbeeCatch\v_FrisbeeCatch_g02_c03.avi,FrisbeeCatch,99,3.96,25.0,320,240,320x240,FieldHockeyPenalty,FieldHockeyPenalty
v_FrisbeeCatch_g02_c04,FrisbeeCatch\v_FrisbeeCatch_g02_c04.avi,FrisbeeCatch,106,4.24,25.0,320,240,320x240,FieldHockeyPenalty,FrisbeeCatch
v_FrisbeeCatch_g02_c05,FrisbeeCatch\v_FrisbeeCatch_g02_c05.avi,FrisbeeCatch,90,3.6,25.0,320,240,320x240,FieldHockeyPenalty,FrisbeeCatch
v_FrisbeeCatch_g03_c01,FrisbeeCatch\v_FrisbeeCatch_g03_c01.avi,FrisbeeCatch,69,2.76,25.0,320,240,320x240,ThrowDiscus,FrisbeeCatch
v_FrisbeeCatch_g03_c02,FrisbeeCatch\v_FrisbeeCatch_g03_c02.avi,FrisbeeCatch,99,3.96,25.0,320,240,320x240,ThrowDiscus,FrisbeeCatch
v_FrisbeeCatch_g03_c03,FrisbeeCatch\v_FrisbeeCatch_g03_c03.avi,FrisbeeCatch,57,2.28,25.0,320,240,320x240,ThrowDiscus,FrisbeeCatch
v_FrisbeeCatch_g03_c04,FrisbeeCatch\v_FrisbeeCatch_g03_c04.avi,FrisbeeCatch,95,3.8,25.0,320,240,320x240,FieldHockeyPenalty,FrisbeeCatch
v_FrisbeeCatch_g03_c05,FrisbeeCatch\v_FrisbeeCatch_g03_c05.avi,FrisbeeCatch,57,2.28,25.0,320,240,320x240,FieldHockeyPenalty,FieldHockeyPenalty
v_FrisbeeCatch_g04_c01,FrisbeeCatch\v_FrisbeeCatch_g04_c01.avi,FrisbeeCatch,77,3.08,25.0,320,240,320x240,FieldHockeyPenalty,FieldHockeyPenalty
v_FrisbeeCatch_g04_c02,FrisbeeCatch\v_FrisbeeCatch_g04_c02.avi,FrisbeeCatch,69,2.76,25.0,320,240,320x240,ThrowDiscus,ThrowDiscus
v_FrisbeeCatch_g04_c03,FrisbeeCatch\v_FrisbeeCatch_g04_c03.avi,FrisbeeCatch,68,2.72,25.0,320,240,320x240,FieldHockeyPenalty,FieldHockeyPenalty
v_FrisbeeCatch_g04_c04,FrisbeeCatch\v_FrisbeeCatch_g04_c04.avi,FrisbeeCatch,63,2.52,25.0,320,240,320x240,FieldHockeyPenalty,FrisbeeCatch
v_FrisbeeCatch_g04_c05,FrisbeeCatch\v_FrisbeeCatch_g04_c05.avi,FrisbeeCatch,83,3.32,25.0,320,240,320x240,FieldHockeyPenalty,FrisbeeCatch
v_FrisbeeCatch_g05_c01,FrisbeeCatch\v_FrisbeeCatch_g05_c01.avi,FrisbeeCatch,70,2.8,25.0,320,240,320x240,ThrowDiscus,FrisbeeCatch
v_FrisbeeCatch_g05_c02,FrisbeeCatch\v_FrisbeeCatch_g05_c02.avi,FrisbeeCatch,89,3.56,25.0,320,240,320x240,FrisbeeCatch,FrisbeeCatch
v_FrisbeeCatch_g05_c03,FrisbeeCatch\v_FrisbeeCatch_g05_c03.avi,FrisbeeCatch,57,2.28,25.0,320,240,320x240,FrisbeeCatch,FrisbeeCatch
v_FrisbeeCatch_g05_c04,FrisbeeCatch\v_FrisbeeCatch_g05_c04.avi,FrisbeeCatch,71,2.84,25.0,320,240,320x240,ThrowDiscus,FrisbeeCatch
v_FrisbeeCatch_g05_c05,FrisbeeCatch\v_FrisbeeCatch_g05_c05.avi,FrisbeeCatch,74,2.96,25.0,320,240,320x240,FrisbeeCatch,FrisbeeCatch
v_FrisbeeCatch_g06_c01,FrisbeeCatch\v_FrisbeeCatch_g06_c01.avi,FrisbeeCatch,74,2.96,25.0,320,240,320x240,FieldHockeyPenalty,FrisbeeCatch
v_FrisbeeCatch_g06_c02,FrisbeeCatch\v_FrisbeeCatch_g06_c02.avi,FrisbeeCatch,101,4.04,25.0,320,240,320x240,FieldHockeyPenalty,FrisbeeCatch
v_FrisbeeCatch_g06_c03,FrisbeeCatch\v_FrisbeeCatch_g06_c03.avi,FrisbeeCatch,85,3.4,25.0,320,240,320x240,SoccerJuggling,FrisbeeCatch
v_FrisbeeCatch_g06_c04,FrisbeeCatch\v_FrisbeeCatch_g06_c04.avi,FrisbeeCatch,111,4.44,25.0,320,240,320x240,FieldHockeyPenalty,FieldHockeyPenalty
v_FrisbeeCatch_g06_c05,FrisbeeCatch\v_FrisbeeCatch_g06_c05.avi,FrisbeeCatch,90,3.6,25.0,320,240,320x240,FieldHockeyPenalty,FieldHockeyPenalty
v_FrisbeeCatch_g07_c01,FrisbeeCatch\v_FrisbeeCatch_g07_c01.avi,FrisbeeCatch,111,4.44,25.0,320,240,320x240,FieldHockeyPenalty,FrisbeeCatch
v_FrisbeeCatch_g07_c02,FrisbeeCatch\v_FrisbeeCatch_g07_c02.avi,FrisbeeCatch,121,4.84,25.0,320,240,320x240,FieldHockeyPenalty,FieldHockeyPenalty
v_FrisbeeCatch_g07_c03,FrisbeeCatch\v_FrisbeeCatch_g07_c03.avi,FrisbeeCatch,140,5.6,25.0,320,240,320x240,FieldHockeyPenalty,FieldHockeyPenalty
v_FrisbeeCatch_g07_c04,FrisbeeCatch\v_FrisbeeCatch_g07_c04.avi,FrisbeeCatch,66,2.64,25.0,320,240,320x240,FieldHockeyPenalty,FrisbeeCatch
v_FrisbeeCatch_g07_c05,FrisbeeCatch\v_FrisbeeCatch_g07_c05.avi,FrisbeeCatch,79,3.16,25.0,320,240,320x240,FieldHockeyPenalty,FrisbeeCatch
v_FrisbeeCatch_g07_c06,FrisbeeCatch\v_FrisbeeCatch_g07_c06.avi,FrisbeeCatch,126,5.04,25.0,320,240,320x240,FieldHockeyPenalty,FieldHockeyPenalty
v_FrontCrawl_g01_c01,FrontCrawl\v_FrontCrawl_g01_c01.avi,FrontCrawl,138,5.52,25.0,320,240,320x240,BreastStroke,BreastStroke
v_FrontCrawl_g01_c02,FrontCrawl\v_FrontCrawl_g01_c02.avi,FrontCrawl,139,5.56,25.0,320,240,320x240,BreastStroke,FrontCrawl
v_FrontCrawl_g01_c03,FrontCrawl\v_FrontCrawl_g01_c03.avi,FrontCrawl,133,5.32,25.0,320,240,320x240,BreastStroke,BreastStroke
v_FrontCrawl_g01_c04,FrontCrawl\v_FrontCrawl_g01_c04.avi,FrontCrawl,151,6.04,25.0,320,240,320x240,BreastStroke,BreastStroke
v_FrontCrawl_g02_c01,FrontCrawl\v_FrontCrawl_g02_c01.avi,FrontCrawl,99,3.96,25.0,320,240,320x240,BreastStroke,FrontCrawl
v_FrontCrawl_g02_c02,FrontCrawl\v_FrontCrawl_g02_c02.avi,FrontCrawl,89,3.56,25.0,320,240,320x240,BreastStroke,FrontCrawl
v_FrontCrawl_g02_c03,FrontCrawl\v_FrontCrawl_g02_c03.avi,FrontCrawl,92,3.68,25.0,320,240,320x240,BreastStroke,FrontCrawl
v_FrontCrawl_g02_c04,FrontCrawl\v_FrontCrawl_g02_c04.avi,FrontCrawl,134,5.36,25.0,320,240,320x240,BreastStroke,BreastStroke
v_FrontCrawl_g03_c01,FrontCrawl\v_FrontCrawl_g03_c01.avi,FrontCrawl,229,9.16,25.0,320,240,320x240,BreastStroke,BreastStroke
v_FrontCrawl_g03_c02,FrontCrawl\v_FrontCrawl_g03_c02.avi,FrontCrawl,209,8.36,25.0,320,240,320x240,BreastStroke,BreastStroke
v_FrontCrawl_g03_c03,FrontCrawl\v_FrontCrawl_g03_c03.avi,FrontCrawl,239,9.56,25.0,320,240,320x240,BreastStroke,BreastStroke
v_FrontCrawl_g03_c04,FrontCrawl\v_FrontCrawl_g03_c04.avi,FrontCrawl,256,10.24,25.0,320,240,320x240,BreastStroke,BreastStroke
v_FrontCrawl_g03_c05,FrontCrawl\v_FrontCrawl_g03_c05.avi,FrontCrawl,193,7.72,25.0,320,240,320x240,BreastStroke,BreastStroke
v_FrontCrawl_g03_c06,FrontCrawl\v_FrontCrawl_g03_c06.avi,FrontCrawl,200,8.0,25.0,320,240,320x240,BreastStroke,BreastStroke
v_FrontCrawl_g04_c01,FrontCrawl\v_FrontCrawl_g04_c01.avi,FrontCrawl,354,14.16,25.0,320,240,320x240,FrontCrawl,FrontCrawl
v_FrontCrawl_g04_c02,FrontCrawl\v_FrontCrawl_g04_c02.avi,FrontCrawl,262,10.48,25.0,320,240,320x240,FrontCrawl,FrontCrawl
v_FrontCrawl_g04_c03,FrontCrawl\v_FrontCrawl_g04_c03.avi,FrontCrawl,267,10.68,25.0,320,240,320x240,BreastStroke,FrontCrawl
v_FrontCrawl_g04_c04,FrontCrawl\v_FrontCrawl_g04_c04.avi,FrontCrawl,329,13.16,25.0,320,240,320x240,BreastStroke,FrontCrawl
v_FrontCrawl_g04_c05,FrontCrawl\v_FrontCrawl_g04_c05.avi,FrontCrawl,392,15.68,25.0,320,240,320x240,BreastStroke,FrontCrawl
v_FrontCrawl_g04_c06,FrontCrawl\v_FrontCrawl_g04_c06.avi,FrontCrawl,311,12.44,25.0,320,240,320x240,FrontCrawl,FrontCrawl
v_FrontCrawl_g04_c07,FrontCrawl\v_FrontCrawl_g04_c07.avi,FrontCrawl,384,15.36,25.0,320,240,320x240,FrontCrawl,FrontCrawl
v_FrontCrawl_g05_c01,FrontCrawl\v_FrontCrawl_g05_c01.avi,FrontCrawl,100,4.0,25.0,320,240,320x240,BreastStroke,BreastStroke
v_FrontCrawl_g05_c02,FrontCrawl\v_FrontCrawl_g05_c02.avi,FrontCrawl,103,4.12,25.0,320,240,320x240,BreastStroke,BreastStroke
v_FrontCrawl_g05_c03,FrontCrawl\v_FrontCrawl_g05_c03.avi,FrontCrawl,100,4.0,25.0,320,240,320x240,BreastStroke,BreastStroke
v_FrontCrawl_g05_c04,FrontCrawl\v_FrontCrawl_g05_c04.avi,FrontCrawl,146,5.84,25.0,320,240,320x240,BreastStroke,BreastStroke
v_FrontCrawl_g06_c01,FrontCrawl\v_FrontCrawl_g06_c01.avi,FrontCrawl,150,6.0,25.0,320,240,320x240,BreastStroke,BreastStroke
v_FrontCrawl_g06_c02,FrontCrawl\v_FrontCrawl_g06_c02.avi,FrontCrawl,108,4.32,25.0,320,240,320x240,BreastStroke,FrontCrawl
v_FrontCrawl_g06_c03,FrontCrawl\v_FrontCrawl_g06_c03.avi,FrontCrawl,100,4.0,25.0,320,240,320x240,BreastStroke,BreastStroke
v_FrontCrawl_g06_c04,FrontCrawl\v_FrontCrawl_g06_c04.avi,FrontCrawl,126,5.04,25.0,320,240,320x240,FrontCrawl,BreastStroke
v_FrontCrawl_g06_c05,FrontCrawl\v_FrontCrawl_g06_c05.avi,FrontCrawl,143,5.72,25.0,320,240,320x240,BreastStroke,BreastStroke
v_FrontCrawl_g07_c01,FrontCrawl\v_FrontCrawl_g07_c01.avi,FrontCrawl,268,10.72,25.0,320,240,320x240,BreastStroke,BreastStroke
v_FrontCrawl_g07_c02,FrontCrawl\v_FrontCrawl_g07_c02.avi,FrontCrawl,200,8.0,25.0,320,240,320x240,BreastStroke,BreastStroke
v_FrontCrawl_g07_c03,FrontCrawl\v_FrontCrawl_g07_c03.avi,FrontCrawl,182,7.28,25.0,320,240,320x240,BreastStroke,BreastStroke
v_FrontCrawl_g07_c04,FrontCrawl\v_FrontCrawl_g07_c04.avi,FrontCrawl,219,8.76,25.0,320,240,320x240,BreastStroke,BreastStroke
v_FrontCrawl_g07_c05,FrontCrawl\v_FrontCrawl_g07_c05.avi,FrontCrawl,175,7.0,25.0,320,240,320x240,Diving,Diving
v_FrontCrawl_g07_c06,FrontCrawl\v_FrontCrawl_g07_c06.avi,FrontCrawl,283,11.32,25.0,320,240,320x240,BreastStroke,BreastStroke
v_FrontCrawl_g07_c07,FrontCrawl\v_FrontCrawl_g07_c07.avi,FrontCrawl,157,6.28,25.0,320,240,320x240,BreastStroke,BreastStroke
v_GolfSwing_g01_c01,GolfSwing\v_GolfSwing_g01_c01.avi,GolfSwing,172,5.739066666666667,29.97002997002997,320,240,320x240,GolfSwing,GolfSwing
v_GolfSwing_g01_c02,GolfSwing\v_GolfSwing_g01_c02.avi,GolfSwing,96,3.2032000000000003,29.97002997002997,320,240,320x240,GolfSwing,GolfSwing
v_GolfSwing_g01_c03,GolfSwing\v_GolfSwing_g01_c03.avi,GolfSwing,191,6.373033333333334,29.97002997002997,320,240,320x240,GolfSwing,GolfSwing
v_GolfSwing_g01_c04,GolfSwing\v_GolfSwing_g01_c04.avi,GolfSwing,76,2.5358666666666667,29.97002997002997,320,240,320x240,GolfSwing,GolfSwing
v_GolfSwing_g01_c05,GolfSwing\v_GolfSwing_g01_c05.avi,GolfSwing,621,20.7207,29.97002997002997,320,240,320x240,GolfSwing,GolfSwing
v_GolfSwing_g01_c06,GolfSwing\v_GolfSwing_g01_c06.avi,GolfSwing,518,17.283933333333334,29.97002997002997,320,240,320x240,GolfSwing,GolfSwing
v_GolfSwing_g02_c01,GolfSwing\v_GolfSwing_g02_c01.avi,GolfSwing,140,4.671333333333333,29.97002997002997,320,240,320x240,HighJump,PoleVault
v_GolfSwing_g02_c02,GolfSwing\v_GolfSwing_g02_c02.avi,GolfSwing,117,3.9039,29.97002997002997,320,240,320x240,GolfSwing,FrisbeeCatch
v_GolfSwing_g02_c03,GolfSwing\v_GolfSwing_g02_c03.avi,GolfSwing,92,3.069733333333333,29.97002997002997,320,240,320x240,GolfSwing,FrisbeeCatch
v_GolfSwing_g02_c04,GolfSwing\v_GolfSwing_g02_c04.avi,GolfSwing,122,4.070733333333333,29.97002997002997,320,240,320x240,SoccerJuggling,FrisbeeCatch
v_GolfSwing_g03_c01,GolfSwing\v_GolfSwing_g03_c01.avi,GolfSwing,132,4.4044,29.97002997002997,320,240,320x240,GolfSwing,GolfSwing
v_GolfSwing_g03_c02,GolfSwing\v_GolfSwing_g03_c02.avi,GolfSwing,113,3.7704333333333335,29.97002997002997,320,240,320x240,GolfSwing,GolfSwing
v_GolfSwing_g03_c03,GolfSwing\v_GolfSwing_g03_c03.avi,GolfSwing,180,6.006,29.97002997002997,320,240,320x240,GolfSwing,GolfSwing
v_GolfSwing_g03_c04,GolfSwing\v_GolfSwing_g03_c04.avi,GolfSwing,145,4.838166666666667,29.97002997002997,320,240,320x240,GolfSwing,GolfSwing
v_GolfSwing_g03_c05,GolfSwing\v_GolfSwing_g03_c05.avi,GolfSwing,146,4.871533333333334,29.97002997002997,320,240,320x240,GolfSwing,GolfSwing
v_GolfSwing_g03_c06,GolfSwing\v_GolfSwing_g03_c06.avi,GolfSwing,252,8.4084,29.97002997002997,320,240,320x240,GolfSwing,GolfSwing
v_GolfSwing_g03_c07,GolfSwing\v_GolfSwing_g03_c07.avi,GolfSwing,173,5.772433333333334,29.97002997002997,320,240,320x240,GolfSwing,GolfSwing
v_GolfSwing_g04_c01,GolfSwing\v_GolfSwing_g04_c01.avi,GolfSwing,125,4.170833333333333,29.97002997002997,320,240,320x240,HammerThrow,FrisbeeCatch
v_GolfSwing_g04_c02,GolfSwing\v_GolfSwing_g04_c02.avi,GolfSwing,122,4.070733333333333,29.97002997002997,320,240,320x240,GolfSwing,FrisbeeCatch
v_GolfSwing_g04_c03,GolfSwing\v_GolfSwing_g04_c03.avi,GolfSwing,171,5.7057,29.97002997002997,320,240,320x240,GolfSwing,GolfSwing
v_GolfSwing_g04_c04,GolfSwing\v_GolfSwing_g04_c04.avi,GolfSwing,183,6.1061000000000005,29.97002997002997,320,240,320x240,GolfSwing,GolfSwing
v_GolfSwing_g04_c05,GolfSwing\v_GolfSwing_g04_c05.avi,GolfSwing,345,11.5115,29.97002997002997,320,240,320x240,GolfSwing,GolfSwing
v_GolfSwing_g04_c06,GolfSwing\v_GolfSwing_g04_c06.avi,GolfSwing,233,7.774433333333333,29.97002997002997,320,240,320x240,GolfSwing,GolfSwing
v_GolfSwing_g05_c01,GolfSwing\v_GolfSwing_g05_c01.avi,GolfSwing,114,3.8038,29.97002997002997,320,240,320x240,GolfSwing,GolfSwing
v_GolfSwing_g05_c02,GolfSwing\v_GolfSwing_g05_c02.avi,GolfSwing,96,3.2032000000000003,29.97002997002997,320,240,320x240,GolfSwing,GolfSwing
v_GolfSwing_g05_c03,GolfSwing\v_GolfSwing_g05_c03.avi,GolfSwing,101,3.370033333333333,29.97002997002997,320,240,320x240,GolfSwing,GolfSwing
v_GolfSwing_g05_c04,GolfSwing\v_GolfSwing_g05_c04.avi,GolfSwing,162,5.4054,29.97002997002997,320,240,320x240,GolfSwing,GolfSwing
v_GolfSwing_g05_c05,GolfSwing\v_GolfSwing_g05_c05.avi,GolfSwing,120,4.004,29.97002997002997,320,240,320x240,GolfSwing,GolfSwing
v_GolfSwing_g05_c06,GolfSwing\v_GolfSwing_g05_c06.avi,GolfSwing,181,6.039366666666667,29.97002997002997,320,240,320x240,GolfSwing,GolfSwing
v_GolfSwing_g05_c07,GolfSwing\v_GolfSwing_g05_c07.avi,GolfSwing,132,4.4044,29.97002997002997,320,240,320x240,GolfSwing,GolfSwing
v_GolfSwing_g06_c01,GolfSwing\v_GolfSwing_g06_c01.avi,GolfSwing,157,5.238566666666666,29.97002997002997,320,240,320x240,GolfSwing,GolfSwing
v_GolfSwing_g06_c02,GolfSwing\v_GolfSwing_g06_c02.avi,GolfSwing,109,3.636966666666667,29.97002997002997,320,240,320x240,GolfSwing,GolfSwing
v_GolfSwing_g06_c03,GolfSwing\v_GolfSwing_g06_c03.avi,GolfSwing,91,3.036366666666667,29.97002997002997,320,240,320x240,GolfSwing,GolfSwing
v_GolfSwing_g06_c04,GolfSwing\v_GolfSwing_g06_c04.avi,GolfSwing,127,4.237566666666667,29.97002997002997,320,240,320x240,GolfSwing,GolfSwing
v_GolfSwing_g07_c01,GolfSwing\v_GolfSwing_g07_c01.avi,GolfSwing,152,5.071733333333333,29.97002997002997,320,240,320x240,GolfSwing,GolfSwing
v_GolfSwing_g07_c02,GolfSwing\v_GolfSwing_g07_c02.avi,GolfSwing,101,3.370033333333333,29.97002997002997,320,240,320x240,GolfSwing,GolfSwing
v_GolfSwing_g07_c03,GolfSwing\v_GolfSwing_g07_c03.avi,GolfSwing,127,4.237566666666667,29.97002997002997,320,240,320x240,GolfSwing,GolfSwing
v_GolfSwing_g07_c04,GolfSwing\v_GolfSwing_g07_c04.avi,GolfSwing,111,3.7037,29.97002997002997,320,240,320x240,GolfSwing,GolfSwing
v_GolfSwing_g07_c05,GolfSwing\v_GolfSwing_g07_c05.avi,GolfSwing,135,4.5045,29.97002997002997,320,240,320x240,GolfSwing,GolfSwing
v_Haircut_g01_c01,Haircut\v_Haircut_g01_c01.avi,Haircut,135,5.4,25.0,320,240,320x240,Haircut,Haircut
v_Haircut_g01_c02,Haircut\v_Haircut_g01_c02.avi,Haircut,123,4.92,25.0,320,240,320x240,HeadMassage,Haircut
v_Haircut_g01_c03,Haircut\v_Haircut_g01_c03.avi,Haircut,110,4.4,25.0,320,240,320x240,BlowDryHair,Haircut
v_Haircut_g01_c04,Haircut\v_Haircut_g01_c04.avi,Haircut,105,4.2,25.0,320,240,320x240,BlowDryHair,Haircut
v_Haircut_g02_c01,Haircut\v_Haircut_g02_c01.avi,Haircut,89,3.56,25.0,320,240,320x240,BlowDryHair,BlowDryHair
v_Haircut_g02_c02,Haircut\v_Haircut_g02_c02.avi,Haircut,83,3.32,25.0,320,240,320x240,HeadMassage,HeadMassage
v_Haircut_g02_c03,Haircut\v_Haircut_g02_c03.avi,Haircut,77,3.08,25.0,320,240,320x240,HeadMassage,HeadMassage
v_Haircut_g02_c04,Haircut\v_Haircut_g02_c04.avi,Haircut,104,4.16,25.0,320,240,320x240,HeadMassage,HeadMassage
v_Haircut_g03_c01,Haircut\v_Haircut_g03_c01.avi,Haircut,101,4.04,25.0,320,240,320x240,BlowDryHair,BlowDryHair
v_Haircut_g03_c02,Haircut\v_Haircut_g03_c02.avi,Haircut,79,3.16,25.0,320,240,320x240,Haircut,Haircut
v_Haircut_g03_c03,Haircut\v_Haircut_g03_c03.avi,Haircut,79,3.16,25.0,320,240,320x240,BlowDryHair,BlowDryHair
v_Haircut_g03_c04,Haircut\v_Haircut_g03_c04.avi,Haircut,100,4.0,25.0,320,240,320x240,BlowDryHair,Haircut
v_Haircut_g03_c05,Haircut\v_Haircut_g03_c05.avi,Haircut,93,3.72,25.0,320,240,320x240,BlowDryHair,BlowDryHair
v_Haircut_g03_c06,Haircut\v_Haircut_g03_c06.avi,Haircut,115,4.6,25.0,320,240,320x240,BlowDryHair,Haircut
v_Haircut_g04_c01,Haircut\v_Haircut_g04_c01.avi,Haircut,149,5.96,25.0,320,240,320x240,Haircut,Haircut
v_Haircut_g04_c02,Haircut\v_Haircut_g04_c02.avi,Haircut,145,5.8,25.0,320,240,320x240,Haircut,Haircut
v_Haircut_g04_c03,Haircut\v_Haircut_g04_c03.avi,Haircut,145,5.8,25.0,320,240,320x240,BlowDryHair,Haircut
v_Haircut_g04_c04,Haircut\v_Haircut_g04_c04.avi,Haircut,150,6.0,25.0,320,240,320x240,BlowDryHair,BlowDryHair
v_Haircut_g04_c05,Haircut\v_Haircut_g04_c05.avi,Haircut,154,6.16,25.0,320,240,320x240,BlowDryHair,Haircut
v_Haircut_g05_c01,Haircut\v_Haircut_g05_c01.avi,Haircut,100,4.0,25.0,320,240,320x240,Haircut,Haircut
v_Haircut_g05_c02,Haircut\v_Haircut_g05_c02.avi,Haircut,105,4.2,25.0,320,240,320x240,Haircut,Haircut
v_Haircut_g05_c03,Haircut\v_Haircut_g05_c03.avi,Haircut,107,4.28,25.0,320,240,320x240,Haircut,Haircut
v_Haircut_g05_c04,Haircut\v_Haircut_g05_c04.avi,Haircut,100,4.0,25.0,320,240,320x240,Haircut,Haircut
v_Haircut_g06_c01,Haircut\v_Haircut_g06_c01.avi,Haircut,97,3.88,25.0,320,240,320x240,Haircut,Haircut
v_Haircut_g06_c02,Haircut\v_Haircut_g06_c02.avi,Haircut,134,5.36,25.0,320,240,320x240,Haircut,Haircut
v_Haircut_g06_c03,Haircut\v_Haircut_g06_c03.avi,Haircut,126,5.04,25.0,320,240,320x240,Haircut,Haircut
v_Haircut_g06_c04,Haircut\v_Haircut_g06_c04.avi,Haircut,175,7.0,25.0,320,240,320x240,Haircut,Haircut
v_Haircut_g07_c01,Haircut\v_Haircut_g07_c01.avi,Haircut,114,4.56,25.0,320,240,320x240,BlowDryHair,Haircut
v_Haircut_g07_c02,Haircut\v_Haircut_g07_c02.avi,Haircut,111,4.44,25.0,320,240,320x240,BlowDryHair,Haircut
v_Haircut_g07_c03,Haircut\v_Haircut_g07_c03.avi,Haircut,121,4.84,25.0,320,240,320x240,Haircut,Haircut
v_Haircut_g07_c04,Haircut\v_Haircut_g07_c04.avi,Haircut,115,4.6,25.0,320,240,320x240,HeadMassage,Haircut
v_Haircut_g07_c05,Haircut\v_Haircut_g07_c05.avi,Haircut,118,4.72,25.0,320,240,320x240,Haircut,Haircut
v_Haircut_g07_c06,Haircut\v_Haircut_g07_c06.avi,Haircut,107,4.28,25.0,320,240,320x240,Haircut,Haircut
v_Hammering_g01_c01,Hammering\v_Hammering_g01_c01.avi,Hammering,98,3.92,25.0,320,240,320x240,BabyCrawling,Nunchucks
v_Hammering_g01_c02,Hammering\v_Hammering_g01_c02.avi,Hammering,143,5.72,25.0,320,240,320x240,Haircut,Haircut
v_Hammering_g01_c03,Hammering\v_Hammering_g01_c03.avi,Hammering,73,2.92,25.0,320,240,320x240,Haircut,Nunchucks
v_Hammering_g01_c04,Hammering\v_Hammering_g01_c04.avi,Hammering,79,3.16,25.0,320,240,320x240,BabyCrawling,WallPushups
v_Hammering_g02_c01,Hammering\v_Hammering_g02_c01.avi,Hammering,74,2.96,25.0,320,240,320x240,BlowingCandles,BlowingCandles
v_Hammering_g02_c02,Hammering\v_Hammering_g02_c02.avi,Hammering,74,2.96,25.0,320,240,320x240,BlowingCandles,BlowingCandles
v_Hammering_g02_c03,Hammering\v_Hammering_g02_c03.avi,Hammering,100,4.0,25.0,320,240,320x240,BlowingCandles,BlowingCandles
v_Hammering_g02_c04,Hammering\v_Hammering_g02_c04.avi,Hammering,111,4.44,25.0,320,240,320x240,BlowingCandles,PizzaTossing
v_Hammering_g03_c01,Hammering\v_Hammering_g03_c01.avi,Hammering,193,7.72,25.0,320,240,320x240,MoppingFloor,MoppingFloor
v_Hammering_g03_c02,Hammering\v_Hammering_g03_c02.avi,Hammering,100,4.0,25.0,320,240,320x240,MoppingFloor,MoppingFloor
v_Hammering_g03_c03,Hammering\v_Hammering_g03_c03.avi,Hammering,126,5.04,25.0,320,240,320x240,MoppingFloor,MoppingFloor
v_Hammering_g03_c04,Hammering\v_Hammering_g03_c04.avi,Hammering,131,5.24,25.0,320,240,320x240,BabyCrawling,MoppingFloor
v_Hammering_g03_c05,Hammering\v_Hammering_g03_c05.avi,Hammering,121,4.84,25.0,320,240,320x240,BabyCrawling,PizzaTossing
v_Hammering_g04_c01,Hammering\v_Hammering_g04_c01.avi,Hammering,224,8.96,25.0,320,240,320x240,Hammering,Hammering
v_Hammering_g04_c02,Hammering\v_Hammering_g04_c02.avi,Hammering,82,3.28,25.0,320,240,320x240,Hammering,Hammering
v_Hammering_g04_c03,Hammering\v_Hammering_g04_c03.avi,Hammering,88,3.52,25.0,320,240,320x240,Hammering,Hammering
v_Hammering_g04_c04,Hammering\v_Hammering_g04_c04.avi,Hammering,74,2.96,25.0,320,240,320x240,Hammering,Hammering
v_Hammering_g04_c05,Hammering\v_Hammering_g04_c05.avi,Hammering,64,2.56,25.0,320,240,320x240,Hammering,Hammering
v_Hammering_g05_c01,Hammering\v_Hammering_g05_c01.avi,Hammering,100,4.0,25.0,320,240,320x240,JumpRope,Nunchucks
v_Hammering_g05_c02,Hammering\v_Hammering_g05_c02.avi,Hammering,124,4.96,25.0,320,240,320x240,Hammering,Hammering
v_Hammering_g05_c03,Hammering\v_Hammering_g05_c03.avi,Hammering,74,2.96,25.0,320,240,320x240,Hammering,Nunchucks
v_Hammering_g05_c04,Hammering\v_Hammering_g05_c04.avi,Hammering,74,2.96,25.0,320,240,320x240,Hammering,Hammering
v_Hammering_g06_c01,Hammering\v_Hammering_g06_c01.avi,Hammering,91,3.64,25.0,320,240,320x240,Hammering,Hammering
v_Hammering_g06_c02,Hammering\v_Hammering_g06_c02.avi,Hammering,134,5.36,25.0,320,240,320x240,Hammering,Hammering
v_Hammering_g06_c03,Hammering\v_Hammering_g06_c03.avi,Hammering,127,5.08,25.0,320,240,320x240,Hammering,Hammering
v_Hammering_g06_c04,Hammering\v_Hammering_g06_c04.avi,Hammering,113,4.52,25.0,320,240,320x240,Hammering,Hammering
v_Hammering_g06_c05,Hammering\v_Hammering_g06_c05.avi,Hammering,140,5.6,25.0,320,240,320x240,Hammering,Hammering
v_Hammering_g06_c06,Hammering\v_Hammering_g06_c06.avi,Hammering,86,3.44,25.0,320,240,320x240,Hammering,Hammering
v_Hammering_g07_c01,Hammering\v_Hammering_g07_c01.avi,Hammering,109,4.36,25.0,320,240,320x240,Hammering,Hammering
v_Hammering_g07_c02,Hammering\v_Hammering_g07_c02.avi,Hammering,61,2.44,25.0,320,240,320x240,Hammering,Hammering
v_Hammering_g07_c03,Hammering\v_Hammering_g07_c03.avi,Hammering,105,4.2,25.0,320,240,320x240,Hammering,Hammering
v_Hammering_g07_c04,Hammering\v_Hammering_g07_c04.avi,Hammering,101,4.04,25.0,320,240,320x240,Hammering,Hammering
v_Hammering_g07_c05,Hammering\v_Hammering_g07_c05.avi,Hammering,127,5.08,25.0,320,240,320x240,Hammering,Hammering
v_HammerThrow_g01_c01,HammerThrow\v_HammerThrow_g01_c01.avi,HammerThrow,113,4.52,25.0,320,240,320x240,ThrowDiscus,ThrowDiscus
v_HammerThrow_g01_c02,HammerThrow\v_HammerThrow_g01_c02.avi,HammerThrow,247,9.88,25.0,320,240,320x240,TrampolineJumping,HammerThrow
v_HammerThrow_g01_c03,HammerThrow\v_HammerThrow_g01_c03.avi,HammerThrow,154,6.16,25.0,320,240,320x240,SkateBoarding,SkateBoarding
v_HammerThrow_g01_c04,HammerThrow\v_HammerThrow_g01_c04.avi,HammerThrow,240,9.6,25.0,320,240,320x240,HammerThrow,HammerThrow
v_HammerThrow_g01_c05,HammerThrow\v_HammerThrow_g01_c05.avi,HammerThrow,154,6.16,25.0,320,240,320x240,HammerThrow,HammerThrow
v_HammerThrow_g01_c06,HammerThrow\v_HammerThrow_g01_c06.avi,HammerThrow,194,7.76,25.0,320,240,320x240,HammerThrow,HammerThrow
v_HammerThrow_g02_c01,HammerThrow\v_HammerThrow_g02_c01.avi,HammerThrow,270,10.8,25.0,320,240,320x240,HammerThrow,HammerThrow
v_HammerThrow_g02_c02,HammerThrow\v_HammerThrow_g02_c02.avi,HammerThrow,259,10.36,25.0,320,240,320x240,HammerThrow,HammerThrow
v_HammerThrow_g02_c03,HammerThrow\v_HammerThrow_g02_c03.avi,HammerThrow,211,8.44,25.0,320,240,320x240,HammerThrow,HammerThrow
v_HammerThrow_g02_c04,HammerThrow\v_HammerThrow_g02_c04.avi,HammerThrow,223,8.92,25.0,320,240,320x240,HammerThrow,HammerThrow
v_HammerThrow_g02_c05,HammerThrow\v_HammerThrow_g02_c05.avi,HammerThrow,258,10.32,25.0,320,240,320x240,HammerThrow,HammerThrow
v_HammerThrow_g02_c06,HammerThrow\v_HammerThrow_g02_c06.avi,HammerThrow,211,8.44,25.0,320,240,320x240,HammerThrow,HammerThrow
v_HammerThrow_g02_c07,HammerThrow\v_HammerThrow_g02_c07.avi,HammerThrow,235,9.4,25.0,320,240,320x240,HammerThrow,HammerThrow
v_HammerThrow_g03_c01,HammerThrow\v_HammerThrow_g03_c01.avi,HammerThrow,211,8.44,25.0,320,240,320x240,ThrowDiscus,ThrowDiscus
v_HammerThrow_g03_c02,HammerThrow\v_HammerThrow_g03_c02.avi,HammerThrow,239,9.56,25.0,320,240,320x240,HammerThrow,ThrowDiscus
v_HammerThrow_g03_c03,HammerThrow\v_HammerThrow_g03_c03.avi,HammerThrow,166,6.64,25.0,320,240,320x240,HammerThrow,HammerThrow
v_HammerThrow_g03_c04,HammerThrow\v_HammerThrow_g03_c04.avi,HammerThrow,211,8.44,25.0,320,240,320x240,ThrowDiscus,HammerThrow
v_HammerThrow_g03_c05,HammerThrow\v_HammerThrow_g03_c05.avi,HammerThrow,183,7.32,25.0,320,240,320x240,HammerThrow,ThrowDiscus
v_HammerThrow_g03_c06,HammerThrow\v_HammerThrow_g03_c06.avi,HammerThrow,253,10.12,25.0,320,240,320x240,HammerThrow,ThrowDiscus
v_HammerThrow_g03_c07,HammerThrow\v_HammerThrow_g03_c07.avi,HammerThrow,225,9.0,25.0,320,240,320x240,Skiing,HammerThrow
v_HammerThrow_g04_c01,HammerThrow\v_HammerThrow_g04_c01.avi,HammerThrow,121,4.84,25.0,320,240,320x240,HammerThrow,ThrowDiscus
v_HammerThrow_g04_c02,HammerThrow\v_HammerThrow_g04_c02.avi,HammerThrow,85,3.4,25.0,320,240,320x240,HammerThrow,ThrowDiscus
v_HammerThrow_g04_c03,HammerThrow\v_HammerThrow_g04_c03.avi,HammerThrow,106,4.24,25.0,320,240,320x240,HammerThrow,ThrowDiscus
v_HammerThrow_g04_c04,HammerThrow\v_HammerThrow_g04_c04.avi,HammerThrow,89,3.56,25.0,320,240,320x240,ThrowDiscus,ThrowDiscus
v_HammerThrow_g04_c05,HammerThrow\v_HammerThrow_g04_c05.avi,HammerThrow,102,4.08,25.0,320,240,320x240,HammerThrow,ThrowDiscus
v_HammerThrow_g04_c06,HammerThrow\v_HammerThrow_g04_c06.avi,HammerThrow,104,4.16,25.0,320,240,320x240,HammerThrow,ThrowDiscus
v_HammerThrow_g04_c07,HammerThrow\v_HammerThrow_g04_c07.avi,HammerThrow,89,3.56,25.0,320,240,320x240,HammerThrow,ThrowDiscus
v_HammerThrow_g05_c01,HammerThrow\v_HammerThrow_g05_c01.avi,HammerThrow,245,9.8,25.0,320,240,320x240,PoleVault,HammerThrow
v_HammerThrow_g05_c02,HammerThrow\v_HammerThrow_g05_c02.avi,HammerThrow,261,10.44,25.0,320,240,320x240,ThrowDiscus,ThrowDiscus
v_HammerThrow_g05_c03,HammerThrow\v_HammerThrow_g05_c03.avi,HammerThrow,229,9.16,25.0,320,240,320x240,ThrowDiscus,ThrowDiscus
v_HammerThrow_g05_c04,HammerThrow\v_HammerThrow_g05_c04.avi,HammerThrow,253,10.12,25.0,320,240,320x240,ThrowDiscus,ThrowDiscus
v_HammerThrow_g05_c05,HammerThrow\v_HammerThrow_g05_c05.avi,HammerThrow,246,9.84,25.0,320,240,320x240,ThrowDiscus,ThrowDiscus
v_HammerThrow_g05_c06,HammerThrow\v_HammerThrow_g05_c06.avi,HammerThrow,261,10.44,25.0,320,240,320x240,ThrowDiscus,ThrowDiscus
v_HammerThrow_g06_c01,HammerThrow\v_HammerThrow_g06_c01.avi,HammerThrow,242,9.68,25.0,320,240,320x240,PoleVault,ThrowDiscus
v_HammerThrow_g06_c02,HammerThrow\v_HammerThrow_g06_c02.avi,HammerThrow,131,5.24,25.0,320,240,320x240,PoleVault,HammerThrow
v_HammerThrow_g06_c03,HammerThrow\v_HammerThrow_g06_c03.avi,HammerThrow,160,6.4,25.0,320,240,320x240,PoleVault,ThrowDiscus
v_HammerThrow_g06_c04,HammerThrow\v_HammerThrow_g06_c04.avi,HammerThrow,249,9.96,25.0,320,240,320x240,HammerThrow,HammerThrow
v_HammerThrow_g06_c05,HammerThrow\v_HammerThrow_g06_c05.avi,HammerThrow,234,9.36,25.0,320,240,320x240,PoleVault,HammerThrow
v_HammerThrow_g06_c06,HammerThrow\v_HammerThrow_g06_c06.avi,HammerThrow,138,5.52,25.0,320,240,320x240,HammerThrow,HammerThrow
v_HammerThrow_g06_c07,HammerThrow\v_HammerThrow_g06_c07.avi,HammerThrow,227,9.08,25.0,320,240,320x240,PoleVault,ThrowDiscus
v_HammerThrow_g07_c01,HammerThrow\v_HammerThrow_g07_c01.avi,HammerThrow,111,4.44,25.0,320,240,320x240,HammerThrow,ThrowDiscus
v_HammerThrow_g07_c02,HammerThrow\v_HammerThrow_g07_c02.avi,HammerThrow,111,4.44,25.0,320,240,320x240,SoccerPenalty,ThrowDiscus
v_HammerThrow_g07_c03,HammerThrow\v_HammerThrow_g07_c03.avi,HammerThrow,139,5.56,25.0,320,240,320x240,HammerThrow,ThrowDiscus
v_HammerThrow_g07_c04,HammerThrow\v_HammerThrow_g07_c04.avi,HammerThrow,84,3.36,25.0,320,240,320x240,SoccerPenalty,ThrowDiscus
v_HammerThrow_g07_c05,HammerThrow\v_HammerThrow_g07_c05.avi,HammerThrow,88,3.52,25.0,320,240,320x240,SoccerPenalty,ThrowDiscus
v_HandStandPushups_g01_c01,HandstandPushups\v_HandStandPushups_g01_c01.avi,HandstandPushups,78,3.12,25.0,320,240,320x240,HandstandPushups,HandstandPushups
v_HandStandPushups_g01_c02,HandstandPushups\v_HandStandPushups_g01_c02.avi,HandstandPushups,93,3.72,25.0,320,240,320x240,HandstandPushups,HandstandPushups
v_HandStandPushups_g01_c03,HandstandPushups\v_HandStandPushups_g01_c03.avi,HandstandPushups,101,4.04,25.0,320,240,320x240,HandstandPushups,HandstandPushups
v_HandStandPushups_g01_c04,HandstandPushups\v_HandStandPushups_g01_c04.avi,HandstandPushups,106,4.24,25.0,320,240,320x240,HandstandPushups,HandstandPushups
v_HandStandPushups_g02_c01,HandstandPushups\v_HandStandPushups_g02_c01.avi,HandstandPushups,54,2.16,25.0,320,240,320x240,HandstandPushups,HandstandPushups
v_HandStandPushups_g02_c02,HandstandPushups\v_HandStandPushups_g02_c02.avi,HandstandPushups,55,2.2,25.0,320,240,320x240,HandstandPushups,HandstandPushups
v_HandStandPushups_g02_c03,HandstandPushups\v_HandStandPushups_g02_c03.avi,HandstandPushups,105,4.2,25.0,320,240,320x240,HandstandPushups,HandstandPushups
v_HandStandPushups_g02_c04,HandstandPushups\v_HandStandPushups_g02_c04.avi,HandstandPushups,132,5.28,25.0,320,240,320x240,HandstandPushups,HandstandPushups
v_HandStandPushups_g03_c01,HandstandPushups\v_HandStandPushups_g03_c01.avi,HandstandPushups,125,5.0,25.0,320,240,320x240,HandstandPushups,HandstandPushups
v_HandStandPushups_g03_c02,HandstandPushups\v_HandStandPushups_g03_c02.avi,HandstandPushups,115,4.6,25.0,320,240,320x240,HandstandPushups,HandstandPushups
v_HandStandPushups_g03_c03,HandstandPushups\v_HandStandPushups_g03_c03.avi,HandstandPushups,123,4.92,25.0,320,240,320x240,HandstandPushups,HandstandPushups
v_HandStandPushups_g03_c04,HandstandPushups\v_HandStandPushups_g03_c04.avi,HandstandPushups,175,7.0,25.0,320,240,320x240,HandstandPushups,HandstandPushups
v_HandStandPushups_g04_c01,HandstandPushups\v_HandStandPushups_g04_c01.avi,HandstandPushups,115,4.6,25.0,320,240,320x240,HandstandPushups,HandstandPushups
v_HandStandPushups_g04_c02,HandstandPushups\v_HandStandPushups_g04_c02.avi,HandstandPushups,108,4.32,25.0,320,240,320x240,HandstandPushups,HandstandPushups
v_HandStandPushups_g04_c03,HandstandPushups\v_HandStandPushups_g04_c03.avi,HandstandPushups,160,6.4,25.0,320,240,320x240,HandstandPushups,HandstandPushups
v_HandStandPushups_g04_c04,HandstandPushups\v_HandStandPushups_g04_c04.avi,HandstandPushups,222,8.88,25.0,320,240,320x240,HandstandPushups,HandstandPushups
v_HandStandPushups_g05_c01,HandstandPushups\v_HandStandPushups_g05_c01.avi,HandstandPushups,114,4.56,25.0,320,240,320x240,HandstandPushups,HandstandPushups
v_HandStandPushups_g05_c02,HandstandPushups\v_HandStandPushups_g05_c02.avi,HandstandPushups,113,4.52,25.0,320,240,320x240,HandstandPushups,HandstandPushups
v_HandStandPushups_g05_c03,HandstandPushups\v_HandStandPushups_g05_c03.avi,HandstandPushups,80,3.2,25.0,320,240,320x240,HandstandPushups,HandstandPushups
v_HandStandPushups_g05_c04,HandstandPushups\v_HandStandPushups_g05_c04.avi,HandstandPushups,160,6.4,25.0,320,240,320x240,HandstandPushups,HandstandPushups
v_HandStandPushups_g06_c01,HandstandPushups\v_HandStandPushups_g06_c01.avi,HandstandPushups,88,3.52,25.0,320,240,320x240,HandstandPushups,HandstandPushups
v_HandStandPushups_g06_c02,HandstandPushups\v_HandStandPushups_g06_c02.avi,HandstandPushups,125,5.0,25.0,320,240,320x240,HandstandPushups,HandstandPushups
v_HandStandPushups_g06_c03,HandstandPushups\v_HandStandPushups_g06_c03.avi,HandstandPushups,90,3.6,25.0,320,240,320x240,HandstandPushups,HandstandPushups
v_HandStandPushups_g06_c04,HandstandPushups\v_HandStandPushups_g06_c04.avi,HandstandPushups,72,2.88,25.0,320,240,320x240,HandstandPushups,HandstandPushups
v_HandStandPushups_g07_c01,HandstandPushups\v_HandStandPushups_g07_c01.avi,HandstandPushups,92,3.68,25.0,320,240,320x240,HandstandPushups,HandstandPushups
v_HandStandPushups_g07_c02,HandstandPushups\v_HandStandPushups_g07_c02.avi,HandstandPushups,137,5.48,25.0,320,240,320x240,HandstandPushups,HandstandPushups
v_HandStandPushups_g07_c03,HandstandPushups\v_HandStandPushups_g07_c03.avi,HandstandPushups,153,6.12,25.0,320,240,320x240,HandstandPushups,HandstandPushups
v_HandStandPushups_g07_c04,HandstandPushups\v_HandStandPushups_g07_c04.avi,HandstandPushups,172,6.88,25.0,320,240,320x240,HandstandPushups,HandstandPushups
v_HandstandWalking_g01_c01,HandstandWalking\v_HandstandWalking_g01_c01.avi,HandstandWalking,109,4.36,25.0,320,240,320x240,HandstandPushups,HandstandPushups
v_HandstandWalking_g01_c02,HandstandWalking\v_HandstandWalking_g01_c02.avi,HandstandWalking,104,4.16,25.0,320,240,320x240,WallPushups,BabyCrawling
v_HandstandWalking_g01_c03,HandstandWalking\v_HandstandWalking_g01_c03.avi,HandstandWalking,106,4.24,25.0,320,240,320x240,BabyCrawling,BabyCrawling
v_HandstandWalking_g01_c04,HandstandWalking\v_HandstandWalking_g01_c04.avi,HandstandWalking,140,5.6,25.0,320,240,320x240,HandstandPushups,HandstandPushups
v_HandstandWalking_g02_c01,HandstandWalking\v_HandstandWalking_g02_c01.avi,HandstandWalking,104,4.16,25.0,320,240,320x240,BalanceBeam,YoYo
v_HandstandWalking_g02_c02,HandstandWalking\v_HandstandWalking_g02_c02.avi,HandstandWalking,104,4.16,25.0,320,240,320x240,BalanceBeam,JumpingJack
v_HandstandWalking_g02_c03,HandstandWalking\v_HandstandWalking_g02_c03.avi,HandstandWalking,120,4.8,25.0,320,240,320x240,BalanceBeam,YoYo
v_HandstandWalking_g02_c04,HandstandWalking\v_HandstandWalking_g02_c04.avi,HandstandWalking,119,4.76,25.0,320,240,320x240,BalanceBeam,YoYo
v_HandstandWalking_g03_c01,HandstandWalking\v_HandstandWalking_g03_c01.avi,HandstandWalking,104,4.16,25.0,320,240,320x240,HandstandWalking,HandstandWalking
v_HandstandWalking_g03_c02,HandstandWalking\v_HandstandWalking_g03_c02.avi,HandstandWalking,106,4.24,25.0,320,240,320x240,HandstandWalking,SumoWrestling
v_HandstandWalking_g03_c03,HandstandWalking\v_HandstandWalking_g03_c03.avi,HandstandWalking,105,4.2,25.0,320,240,320x240,HandstandWalking,HandstandPushups
v_HandstandWalking_g03_c04,HandstandWalking\v_HandstandWalking_g03_c04.avi,HandstandWalking,134,5.36,25.0,320,240,320x240,HandstandWalking,HandstandPushups
v_HandstandWalking_g04_c01,HandstandWalking\v_HandstandWalking_g04_c01.avi,HandstandWalking,108,4.32,25.0,320,240,320x240,HandstandPushups,HandstandPushups
v_HandstandWalking_g04_c02,HandstandWalking\v_HandstandWalking_g04_c02.avi,HandstandWalking,120,4.8,25.0,320,240,320x240,HandstandPushups,FrisbeeCatch
v_HandstandWalking_g04_c03,HandstandWalking\v_HandstandWalking_g04_c03.avi,HandstandWalking,122,4.88,25.0,320,240,320x240,HandstandPushups,HandstandPushups
v_HandstandWalking_g04_c04,HandstandWalking\v_HandstandWalking_g04_c04.avi,HandstandWalking,128,5.12,25.0,320,240,320x240,HandstandPushups,HandstandPushups
v_HandstandWalking_g04_c05,HandstandWalking\v_HandstandWalking_g04_c05.avi,HandstandWalking,123,4.92,25.0,320,240,320x240,HandstandPushups,HandstandPushups
v_HandstandWalking_g05_c01,HandstandWalking\v_HandstandWalking_g05_c01.avi,HandstandWalking,224,8.96,25.0,320,240,320x240,HandstandPushups,HandstandPushups
v_HandstandWalking_g05_c02,HandstandWalking\v_HandstandWalking_g05_c02.avi,HandstandWalking,250,10.0,25.0,320,240,320x240,HandstandPushups,HandstandPushups
v_HandstandWalking_g05_c03,HandstandWalking\v_HandstandWalking_g05_c03.avi,HandstandWalking,222,8.88,25.0,320,240,320x240,HandstandPushups,HandstandPushups
v_HandstandWalking_g05_c04,HandstandWalking\v_HandstandWalking_g05_c04.avi,HandstandWalking,253,10.12,25.0,320,240,320x240,Lunges,HandstandPushups
v_HandstandWalking_g05_c05,HandstandWalking\v_HandstandWalking_g05_c05.avi,HandstandWalking,287,11.48,25.0,320,240,320x240,Lunges,JumpingJack
v_HandstandWalking_g05_c06,HandstandWalking\v_HandstandWalking_g05_c06.avi,HandstandWalking,190,7.6,25.0,320,240,320x240,HandstandPushups,FloorGymnastics
v_HandstandWalking_g05_c07,HandstandWalking\v_HandstandWalking_g05_c07.avi,HandstandWalking,251,10.04,25.0,320,240,320x240,BasketballDunk,BasketballDunk
v_HandstandWalking_g06_c01,HandstandWalking\v_HandstandWalking_g06_c01.avi,HandstandWalking,67,2.68,25.0,320,240,320x240,HandstandPushups,HandstandPushups
v_HandstandWalking_g06_c02,HandstandWalking\v_HandstandWalking_g06_c02.avi,HandstandWalking,68,2.72,25.0,320,240,320x240,HandstandWalking,HandstandPushups
v_HandstandWalking_g06_c03,HandstandWalking\v_HandstandWalking_g06_c03.avi,HandstandWalking,72,2.88,25.0,320,240,320x240,HandstandWalking,HandstandPushups
v_HandstandWalking_g06_c04,HandstandWalking\v_HandstandWalking_g06_c04.avi,HandstandWalking,76,3.04,25.0,320,240,320x240,JumpRope,SalsaSpin
v_HandstandWalking_g07_c01,HandstandWalking\v_HandstandWalking_g07_c01.avi,HandstandWalking,224,8.96,25.0,320,240,320x240,HandstandPushups,HandstandPushups
v_HandstandWalking_g07_c02,HandstandWalking\v_HandstandWalking_g07_c02.avi,HandstandWalking,192,7.68,25.0,320,240,320x240,CleanAndJerk,BoxingSpeedBag
v_HandstandWalking_g07_c03,HandstandWalking\v_HandstandWalking_g07_c03.avi,HandstandWalking,187,7.48,25.0,320,240,320x240,PullUps,PullUps
v_HandstandWalking_g07_c04,HandstandWalking\v_HandstandWalking_g07_c04.avi,HandstandWalking,193,7.72,25.0,320,240,320x240,CleanAndJerk,BoxingSpeedBag
v_HandstandWalking_g07_c05,HandstandWalking\v_HandstandWalking_g07_c05.avi,HandstandWalking,199,7.96,25.0,320,240,320x240,BoxingSpeedBag,BoxingSpeedBag
v_HandstandWalking_g07_c06,HandstandWalking\v_HandstandWalking_g07_c06.avi,HandstandWalking,201,8.04,25.0,320,240,320x240,BoxingSpeedBag,BoxingSpeedBag
v_HeadMassage_g01_c01,HeadMassage\v_HeadMassage_g01_c01.avi,HeadMassage,154,6.16,25.0,320,240,320x240,HeadMassage,Haircut
v_HeadMassage_g01_c02,HeadMassage\v_HeadMassage_g01_c02.avi,HeadMassage,152,6.08,25.0,320,240,320x240,HeadMassage,Haircut
v_HeadMassage_g01_c03,HeadMassage\v_HeadMassage_g01_c03.avi,HeadMassage,149,5.96,25.0,320,240,320x240,HeadMassage,Haircut
v_HeadMassage_g01_c04,HeadMassage\v_HeadMassage_g01_c04.avi,HeadMassage,108,4.32,25.0,320,240,320x240,HeadMassage,Haircut
v_HeadMassage_g01_c05,HeadMassage\v_HeadMassage_g01_c05.avi,HeadMassage,122,4.88,25.0,320,240,320x240,HeadMassage,Haircut
v_HeadMassage_g02_c01,HeadMassage\v_HeadMassage_g02_c01.avi,HeadMassage,243,9.72,25.0,320,240,320x240,HeadMassage,Haircut
v_HeadMassage_g02_c02,HeadMassage\v_HeadMassage_g02_c02.avi,HeadMassage,241,9.64,25.0,320,240,320x240,HeadMassage,Haircut
v_HeadMassage_g02_c03,HeadMassage\v_HeadMassage_g02_c03.avi,HeadMassage,278,11.12,25.0,320,240,320x240,HeadMassage,Haircut
v_HeadMassage_g02_c04,HeadMassage\v_HeadMassage_g02_c04.avi,HeadMassage,257,10.28,25.0,320,240,320x240,HeadMassage,HeadMassage
v_HeadMassage_g02_c05,HeadMassage\v_HeadMassage_g02_c05.avi,HeadMassage,307,12.28,25.0,320,240,320x240,HeadMassage,Haircut
v_HeadMassage_g02_c06,HeadMassage\v_HeadMassage_g02_c06.avi,HeadMassage,310,12.4,25.0,320,240,320x240,HeadMassage,HeadMassage
v_HeadMassage_g02_c07,HeadMassage\v_HeadMassage_g02_c07.avi,HeadMassage,248,9.92,25.0,320,240,320x240,HeadMassage,Haircut
v_HeadMassage_g03_c01,HeadMassage\v_HeadMassage_g03_c01.avi,HeadMassage,320,12.8,25.0,320,240,320x240,Haircut,Haircut
v_HeadMassage_g03_c02,HeadMassage\v_HeadMassage_g03_c02.avi,HeadMassage,320,12.8,25.0,320,240,320x240,Haircut,Haircut
v_HeadMassage_g03_c03,HeadMassage\v_HeadMassage_g03_c03.avi,HeadMassage,356,14.24,25.0,320,240,320x240,HeadMassage,HeadMassage
v_HeadMassage_g03_c04,HeadMassage\v_HeadMassage_g03_c04.avi,HeadMassage,315,12.6,25.0,320,240,320x240,HeadMassage,Haircut
v_HeadMassage_g03_c05,HeadMassage\v_HeadMassage_g03_c05.avi,HeadMassage,349,13.96,25.0,320,240,320x240,Haircut,Haircut
v_HeadMassage_g03_c06,HeadMassage\v_HeadMassage_g03_c06.avi,HeadMassage,404,16.16,25.0,320,240,320x240,Haircut,Haircut
v_HeadMassage_g03_c07,HeadMassage\v_HeadMassage_g03_c07.avi,HeadMassage,337,13.48,25.0,320,240,320x240,Haircut,Haircut
v_HeadMassage_g04_c01,HeadMassage\v_HeadMassage_g04_c01.avi,HeadMassage,153,6.12,25.0,320,240,320x240,Haircut,Haircut
v_HeadMassage_g04_c02,HeadMassage\v_HeadMassage_g04_c02.avi,HeadMassage,168,6.72,25.0,320,240,320x240,Haircut,Haircut
v_HeadMassage_g04_c03,HeadMassage\v_HeadMassage_g04_c03.avi,HeadMassage,180,7.2,25.0,320,240,320x240,Haircut,Haircut
v_HeadMassage_g04_c04,HeadMassage\v_HeadMassage_g04_c04.avi,HeadMassage,198,7.92,25.0,320,240,320x240,Haircut,Haircut
v_HeadMassage_g05_c01,HeadMassage\v_HeadMassage_g05_c01.avi,HeadMassage,219,8.76,25.0,320,240,320x240,HeadMassage,Punch
v_HeadMassage_g05_c02,HeadMassage\v_HeadMassage_g05_c02.avi,HeadMassage,199,7.96,25.0,320,240,320x240,HeadMassage,HeadMassage
v_HeadMassage_g05_c03,HeadMassage\v_HeadMassage_g05_c03.avi,HeadMassage,231,9.24,25.0,320,240,320x240,HeadMassage,Haircut
v_HeadMassage_g05_c04,HeadMassage\v_HeadMassage_g05_c04.avi,HeadMassage,243,9.72,25.0,320,240,320x240,HeadMassage,Haircut
v_HeadMassage_g05_c05,HeadMassage\v_HeadMassage_g05_c05.avi,HeadMassage,270,10.8,25.0,320,240,320x240,HeadMassage,Haircut
v_HeadMassage_g05_c06,HeadMassage\v_HeadMassage_g05_c06.avi,HeadMassage,107,4.28,25.0,320,240,320x240,Haircut,Haircut
v_HeadMassage_g06_c01,HeadMassage\v_HeadMassage_g06_c01.avi,HeadMassage,229,9.16,25.0,320,240,320x240,HeadMassage,Haircut
v_HeadMassage_g06_c02,HeadMassage\v_HeadMassage_g06_c02.avi,HeadMassage,111,4.44,25.0,320,240,320x240,HeadMassage,Haircut
v_HeadMassage_g06_c03,HeadMassage\v_HeadMassage_g06_c03.avi,HeadMassage,238,9.52,25.0,320,240,320x240,HeadMassage,HeadMassage
v_HeadMassage_g06_c04,HeadMassage\v_HeadMassage_g06_c04.avi,HeadMassage,232,9.28,25.0,320,240,320x240,HeadMassage,Haircut
v_HeadMassage_g06_c05,HeadMassage\v_HeadMassage_g06_c05.avi,HeadMassage,263,10.52,25.0,320,240,320x240,Haircut,Haircut
v_HeadMassage_g06_c06,HeadMassage\v_HeadMassage_g06_c06.avi,HeadMassage,209,8.36,25.0,320,240,320x240,Haircut,Haircut
v_HeadMassage_g06_c07,HeadMassage\v_HeadMassage_g06_c07.avi,HeadMassage,257,10.28,25.0,320,240,320x240,Haircut,Haircut
v_HeadMassage_g07_c01,HeadMassage\v_HeadMassage_g07_c01.avi,HeadMassage,252,10.08,25.0,320,240,320x240,Haircut,Haircut
v_HeadMassage_g07_c02,HeadMassage\v_HeadMassage_g07_c02.avi,HeadMassage,298,11.92,25.0,320,240,320x240,Haircut,Haircut
v_HeadMassage_g07_c03,HeadMassage\v_HeadMassage_g07_c03.avi,HeadMassage,178,7.12,25.0,320,240,320x240,HeadMassage,HeadMassage
v_HeadMassage_g07_c04,HeadMassage\v_HeadMassage_g07_c04.avi,HeadMassage,231,9.24,25.0,320,240,320x240,Haircut,Haircut
v_HeadMassage_g07_c05,HeadMassage\v_HeadMassage_g07_c05.avi,HeadMassage,249,9.96,25.0,320,240,320x240,HeadMassage,Haircut
v_HighJump_g01_c01,HighJump\v_HighJump_g01_c01.avi,HighJump,155,6.2,25.0,320,240,320x240,TrampolineJumping,HighJump
v_HighJump_g01_c02,HighJump\v_HighJump_g01_c02.avi,HighJump,154,6.16,25.0,320,240,320x240,HighJump,HighJump
v_HighJump_g01_c03,HighJump\v_HighJump_g01_c03.avi,HighJump,102,4.08,25.0,320,240,320x240,HighJump,HighJump
v_HighJump_g01_c04,HighJump\v_HighJump_g01_c04.avi,HighJump,179,7.16,25.0,320,240,320x240,HighJump,HighJump
v_HighJump_g01_c05,HighJump\v_HighJump_g01_c05.avi,HighJump,232,9.28,25.0,320,240,320x240,HighJump,HighJump
v_HighJump_g02_c01,HighJump\v_HighJump_g02_c01.avi,HighJump,137,5.48,25.0,320,240,320x240,HighJump,HighJump
v_HighJump_g02_c02,HighJump\v_HighJump_g02_c02.avi,HighJump,137,5.48,25.0,320,240,320x240,PoleVault,PoleVault
v_HighJump_g02_c03,HighJump\v_HighJump_g02_c03.avi,HighJump,121,4.84,25.0,320,240,320x240,LongJump,HighJump
v_HighJump_g02_c04,HighJump\v_HighJump_g02_c04.avi,HighJump,104,4.16,25.0,320,240,320x240,HighJump,HighJump
v_HighJump_g02_c05,HighJump\v_HighJump_g02_c05.avi,HighJump,153,6.12,25.0,320,240,320x240,LongJump,HighJump
v_HighJump_g02_c06,HighJump\v_HighJump_g02_c06.avi,HighJump,144,5.76,25.0,320,240,320x240,HighJump,HighJump
v_HighJump_g02_c07,HighJump\v_HighJump_g02_c07.avi,HighJump,128,5.12,25.0,320,240,320x240,HighJump,HighJump
v_HighJump_g03_c01,HighJump\v_HighJump_g03_c01.avi,HighJump,108,4.32,25.0,320,240,320x240,LongJump,LongJump
v_HighJump_g03_c02,HighJump\v_HighJump_g03_c02.avi,HighJump,138,5.52,25.0,320,240,320x240,LongJump,LongJump
v_HighJump_g03_c03,HighJump\v_HighJump_g03_c03.avi,HighJump,92,3.68,25.0,320,240,320x240,LongJump,LongJump
v_HighJump_g03_c04,HighJump\v_HighJump_g03_c04.avi,HighJump,183,7.32,25.0,320,240,320x240,LongJump,LongJump
v_HighJump_g04_c01,HighJump\v_HighJump_g04_c01.avi,HighJump,96,3.84,25.0,320,240,320x240,LongJump,LongJump
v_HighJump_g04_c02,HighJump\v_HighJump_g04_c02.avi,HighJump,144,5.76,25.0,320,240,320x240,PoleVault,LongJump
v_HighJump_g04_c03,HighJump\v_HighJump_g04_c03.avi,HighJump,144,5.76,25.0,320,240,320x240,PoleVault,HighJump
v_HighJump_g04_c04,HighJump\v_HighJump_g04_c04.avi,HighJump,108,4.32,25.0,320,240,320x240,PoleVault,LongJump
v_HighJump_g04_c05,HighJump\v_HighJump_g04_c05.avi,HighJump,109,4.36,25.0,320,240,320x240,LongJump,LongJump
v_HighJump_g04_c06,HighJump\v_HighJump_g04_c06.avi,HighJump,132,5.28,25.0,320,240,320x240,LongJump,LongJump
v_HighJump_g05_c01,HighJump\v_HighJump_g05_c01.avi,HighJump,121,4.84,25.0,320,240,320x240,HighJump,LongJump
v_HighJump_g05_c02,HighJump\v_HighJump_g05_c02.avi,HighJump,71,2.84,25.0,320,240,320x240,HighJump,HighJump
v_HighJump_g05_c03,HighJump\v_HighJump_g05_c03.avi,HighJump,74,2.96,25.0,320,240,320x240,HighJump,LongJump
v_HighJump_g05_c04,HighJump\v_HighJump_g05_c04.avi,HighJump,121,4.84,25.0,320,240,320x240,HammerThrow,LongJump
v_HighJump_g05_c05,HighJump\v_HighJump_g05_c05.avi,HighJump,99,3.96,25.0,320,240,320x240,PoleVault,HighJump
v_HighJump_g06_c01,HighJump\v_HighJump_g06_c01.avi,HighJump,108,4.32,25.0,320,240,320x240,PoleVault,LongJump
v_HighJump_g06_c02,HighJump\v_HighJump_g06_c02.avi,HighJump,132,5.28,25.0,320,240,320x240,LongJump,LongJump
v_HighJump_g06_c03,HighJump\v_HighJump_g06_c03.avi,HighJump,157,6.28,25.0,320,240,320x240,LongJump,LongJump
v_HighJump_g06_c04,HighJump\v_HighJump_g06_c04.avi,HighJump,105,4.2,25.0,320,240,320x240,PoleVault,PoleVault
v_HighJump_g07_c01,HighJump\v_HighJump_g07_c01.avi,HighJump,116,4.64,25.0,320,240,320x240,LongJump,LongJump
v_HighJump_g07_c02,HighJump\v_HighJump_g07_c02.avi,HighJump,98,3.92,25.0,320,240,320x240,LongJump,LongJump
v_HighJump_g07_c03,HighJump\v_HighJump_g07_c03.avi,HighJump,123,4.92,25.0,320,240,320x240,LongJump,LongJump
v_HighJump_g07_c04,HighJump\v_HighJump_g07_c04.avi,HighJump,102,4.08,25.0,320,240,320x240,LongJump,LongJump
v_HighJump_g07_c05,HighJump\v_HighJump_g07_c05.avi,HighJump,91,3.64,25.0,320,240,320x240,LongJump,LongJump
v_HighJump_g07_c06,HighJump\v_HighJump_g07_c06.avi,HighJump,80,3.2,25.0,320,240,320x240,LongJump,LongJump
v_HorseRace_g01_c01,HorseRace\v_HorseRace_g01_c01.avi,HorseRace,192,6.4064000000000005,29.97002997002997,320,240,320x240,HorseRace,HorseRace
v_HorseRace_g01_c02,HorseRace\v_HorseRace_g01_c02.avi,HorseRace,153,5.1051,29.97002997002997,320,240,320x240,HorseRace,HorseRace
v_HorseRace_g01_c03,HorseRace\v_HorseRace_g01_c03.avi,HorseRace,171,5.7057,29.97002997002997,320,240,320x240,HorseRace,HorseRace
v_HorseRace_g01_c04,HorseRace\v_HorseRace_g01_c04.avi,HorseRace,169,5.638966666666667,29.97002997002997,320,240,320x240,HorseRace,HorseRace
v_HorseRace_g02_c01,HorseRace\v_HorseRace_g02_c01.avi,HorseRace,300,10.01,29.97002997002997,320,240,320x240,HorseRace,HorseRace
v_HorseRace_g02_c02,HorseRace\v_HorseRace_g02_c02.avi,HorseRace,300,10.01,29.97002997002997,320,240,320x240,HorseRace,HorseRace
v_HorseRace_g02_c03,HorseRace\v_HorseRace_g02_c03.avi,HorseRace,313,10.443766666666669,29.97002997002997,320,240,320x240,HorseRace,HorseRace
v_HorseRace_g02_c04,HorseRace\v_HorseRace_g02_c04.avi,HorseRace,341,11.378033333333333,29.97002997002997,320,240,320x240,HorseRace,HorseRace
v_HorseRace_g03_c01,HorseRace\v_HorseRace_g03_c01.avi,HorseRace,167,5.572233333333333,29.97002997002997,320,240,320x240,HorseRace,HorseRace
v_HorseRace_g03_c02,HorseRace\v_HorseRace_g03_c02.avi,HorseRace,164,5.472133333333334,29.97002997002997,320,240,320x240,HorseRace,HorseRace
v_HorseRace_g03_c03,HorseRace\v_HorseRace_g03_c03.avi,HorseRace,161,5.372033333333333,29.97002997002997,320,240,320x240,HorseRace,HorseRace
v_HorseRace_g03_c04,HorseRace\v_HorseRace_g03_c04.avi,HorseRace,151,5.038366666666667,29.97002997002997,320,240,320x240,HorseRace,HorseRace
v_HorseRace_g03_c05,HorseRace\v_HorseRace_g03_c05.avi,HorseRace,131,4.371033333333333,29.97002997002997,320,240,320x240,HorseRace,HorseRace
v_HorseRace_g04_c01,HorseRace\v_HorseRace_g04_c01.avi,HorseRace,148,4.938266666666666,29.97002997002997,320,240,320x240,HorseRace,HorseRace
v_HorseRace_g04_c02,HorseRace\v_HorseRace_g04_c02.avi,HorseRace,155,5.171833333333334,29.97002997002997,320,240,320x240,HorseRace,HorseRace
v_HorseRace_g04_c03,HorseRace\v_HorseRace_g04_c03.avi,HorseRace,78,2.6026,29.97002997002997,320,240,320x240,HorseRace,HorseRace
v_HorseRace_g04_c04,HorseRace\v_HorseRace_g04_c04.avi,HorseRace,135,4.5045,29.97002997002997,320,240,320x240,HorseRace,HorseRace
v_HorseRace_g04_c05,HorseRace\v_HorseRace_g04_c05.avi,HorseRace,138,4.6046000000000005,29.97002997002997,320,240,320x240,HorseRace,HorseRace
v_HorseRace_g04_c06,HorseRace\v_HorseRace_g04_c06.avi,HorseRace,158,5.271933333333333,29.97002997002997,320,240,320x240,HorseRace,HorseRace
v_HorseRace_g05_c01,HorseRace\v_HorseRace_g05_c01.avi,HorseRace,253,8.441766666666666,29.97002997002997,320,240,320x240,HorseRace,HorseRace
v_HorseRace_g05_c02,HorseRace\v_HorseRace_g05_c02.avi,HorseRace,298,9.943266666666666,29.97002997002997,320,240,320x240,HorseRace,HorseRace
v_HorseRace_g05_c03,HorseRace\v_HorseRace_g05_c03.avi,HorseRace,273,9.1091,29.97002997002997,320,240,320x240,HorseRace,HorseRace
v_HorseRace_g05_c04,HorseRace\v_HorseRace_g05_c04.avi,HorseRace,214,7.140466666666667,29.97002997002997,320,240,320x240,HorseRace,HorseRace
v_HorseRace_g06_c01,HorseRace\v_HorseRace_g06_c01.avi,HorseRace,192,6.4064000000000005,29.97002997002997,320,240,320x240,HorseRace,HorseRace
v_HorseRace_g06_c02,HorseRace\v_HorseRace_g06_c02.avi,HorseRace,145,4.838166666666667,29.97002997002997,320,240,320x240,HorseRace,HorseRace
v_HorseRace_g06_c03,HorseRace\v_HorseRace_g06_c03.avi,HorseRace,139,4.637966666666666,29.97002997002997,320,240,320x240,HorseRace,HorseRace
v_HorseRace_g06_c04,HorseRace\v_HorseRace_g06_c04.avi,HorseRace,213,7.1071,29.97002997002997,320,240,320x240,HorseRace,HorseRace
v_HorseRace_g06_c05,HorseRace\v_HorseRace_g06_c05.avi,HorseRace,206,6.8735333333333335,29.97002997002997,320,240,320x240,HorseRace,HorseRace
v_HorseRace_g06_c06,HorseRace\v_HorseRace_g06_c06.avi,HorseRace,225,7.5075,29.97002997002997,320,240,320x240,HorseRace,HorseRace
v_HorseRace_g07_c01,HorseRace\v_HorseRace_g07_c01.avi,HorseRace,169,5.638966666666667,29.97002997002997,320,240,320x240,HorseRace,HorseRace
v_HorseRace_g07_c02,HorseRace\v_HorseRace_g07_c02.avi,HorseRace,112,3.7370666666666663,29.97002997002997,320,240,320x240,HorseRace,HorseRace
v_HorseRace_g07_c03,HorseRace\v_HorseRace_g07_c03.avi,HorseRace,154,5.138466666666667,29.97002997002997,320,240,320x240,HorseRace,HorseRace
v_HorseRace_g07_c04,HorseRace\v_HorseRace_g07_c04.avi,HorseRace,182,6.072733333333334,29.97002997002997,320,240,320x240,HorseRace,HorseRace
v_HorseRace_g07_c05,HorseRace\v_HorseRace_g07_c05.avi,HorseRace,248,8.274933333333333,29.97002997002997,320,240,320x240,HorseRace,HorseRace
v_HorseRace_g07_c06,HorseRace\v_HorseRace_g07_c06.avi,HorseRace,135,4.5045,29.97002997002997,320,240,320x240,HorseRace,HorseRace
v_HorseRiding_g01_c01,HorseRiding\v_HorseRiding_g01_c01.avi,HorseRiding,239,7.974633333333333,29.97002997002997,320,240,320x240,HighJump,HorseRiding
v_HorseRiding_g01_c02,HorseRiding\v_HorseRiding_g01_c02.avi,HorseRiding,102,3.4034,29.97002997002997,320,240,320x240,HorseRiding,HorseRiding
v_HorseRiding_g01_c03,HorseRiding\v_HorseRiding_g01_c03.avi,HorseRiding,98,3.2699333333333334,29.97002997002997,320,240,320x240,HorseRiding,HorseRiding
v_HorseRiding_g01_c04,HorseRiding\v_HorseRiding_g01_c04.avi,HorseRiding,119,3.970633333333333,29.97002997002997,320,240,320x240,HorseRiding,HorseRiding
v_HorseRiding_g01_c05,HorseRiding\v_HorseRiding_g01_c05.avi,HorseRiding,120,4.004,29.97002997002997,320,240,320x240,HorseRiding,HorseRiding
v_HorseRiding_g01_c06,HorseRiding\v_HorseRiding_g01_c06.avi,HorseRiding,171,5.7057,29.97002997002997,320,240,320x240,HorseRiding,HorseRiding
v_HorseRiding_g01_c07,HorseRiding\v_HorseRiding_g01_c07.avi,HorseRiding,120,4.004,29.97002997002997,320,240,320x240,HorseRiding,HorseRiding
v_HorseRiding_g02_c01,HorseRiding\v_HorseRiding_g02_c01.avi,HorseRiding,180,6.006,29.97002997002997,320,240,320x240,HorseRiding,HorseRiding
v_HorseRiding_g02_c02,HorseRiding\v_HorseRiding_g02_c02.avi,HorseRiding,132,4.4044,29.97002997002997,320,240,320x240,HorseRiding,HorseRiding
v_HorseRiding_g02_c03,HorseRiding\v_HorseRiding_g02_c03.avi,HorseRiding,121,4.037366666666666,29.97002997002997,320,240,320x240,HorseRiding,HorseRiding
v_HorseRiding_g02_c04,HorseRiding\v_HorseRiding_g02_c04.avi,HorseRiding,168,5.6056,29.97002997002997,320,240,320x240,HorseRiding,HorseRiding
v_HorseRiding_g02_c05,HorseRiding\v_HorseRiding_g02_c05.avi,HorseRiding,180,6.006,29.97002997002997,320,240,320x240,HorseRiding,HorseRiding
v_HorseRiding_g02_c06,HorseRiding\v_HorseRiding_g02_c06.avi,HorseRiding,180,6.006,29.97002997002997,320,240,320x240,HorseRiding,HorseRiding
v_HorseRiding_g02_c07,HorseRiding\v_HorseRiding_g02_c07.avi,HorseRiding,120,4.004,29.97002997002997,320,240,320x240,HorseRiding,HorseRiding
v_HorseRiding_g03_c01,HorseRiding\v_HorseRiding_g03_c01.avi,HorseRiding,185,6.172833333333333,29.97002997002997,320,240,320x240,HorseRiding,HorseRiding
v_HorseRiding_g03_c02,HorseRiding\v_HorseRiding_g03_c02.avi,HorseRiding,151,5.038366666666667,29.97002997002997,320,240,320x240,HorseRiding,HorseRiding
v_HorseRiding_g03_c03,HorseRiding\v_HorseRiding_g03_c03.avi,HorseRiding,151,5.038366666666667,29.97002997002997,320,240,320x240,HorseRiding,HorseRiding
v_HorseRiding_g03_c04,HorseRiding\v_HorseRiding_g03_c04.avi,HorseRiding,151,5.038366666666667,29.97002997002997,320,240,320x240,HorseRiding,HorseRiding
v_HorseRiding_g03_c05,HorseRiding\v_HorseRiding_g03_c05.avi,HorseRiding,156,5.2052000000000005,29.97002997002997,320,240,320x240,HorseRiding,HorseRiding
v_HorseRiding_g03_c06,HorseRiding\v_HorseRiding_g03_c06.avi,HorseRiding,180,6.006,29.97002997002997,320,240,320x240,HorseRiding,HorseRiding
v_HorseRiding_g03_c07,HorseRiding\v_HorseRiding_g03_c07.avi,HorseRiding,192,6.4064000000000005,29.97002997002997,320,240,320x240,HorseRiding,HorseRiding
v_HorseRiding_g04_c01,HorseRiding\v_HorseRiding_g04_c01.avi,HorseRiding,201,6.7067000000000005,29.97002997002997,320,240,320x240,HorseRiding,HorseRiding
v_HorseRiding_g04_c02,HorseRiding\v_HorseRiding_g04_c02.avi,HorseRiding,201,6.7067000000000005,29.97002997002997,320,240,320x240,HorseRiding,HorseRiding
v_HorseRiding_g04_c03,HorseRiding\v_HorseRiding_g04_c03.avi,HorseRiding,127,4.237566666666667,29.97002997002997,320,240,320x240,HorseRiding,HorseRiding
v_HorseRiding_g04_c04,HorseRiding\v_HorseRiding_g04_c04.avi,HorseRiding,201,6.7067000000000005,29.97002997002997,320,240,320x240,HorseRiding,HorseRiding
v_HorseRiding_g04_c05,HorseRiding\v_HorseRiding_g04_c05.avi,HorseRiding,240,8.008000000000001,29.97002997002997,320,240,320x240,HorseRiding,HorseRiding
v_HorseRiding_g04_c06,HorseRiding\v_HorseRiding_g04_c06.avi,HorseRiding,240,8.008000000000001,29.97002997002997,320,240,320x240,HorseRiding,HorseRiding
v_HorseRiding_g04_c07,HorseRiding\v_HorseRiding_g04_c07.avi,HorseRiding,240,8.008000000000001,29.97002997002997,320,240,320x240,HorseRiding,HorseRiding
v_HorseRiding_g05_c01,HorseRiding\v_HorseRiding_g05_c01.avi,HorseRiding,151,5.038366666666667,29.97002997002997,320,240,320x240,HorseRiding,HorseRiding
v_HorseRiding_g05_c02,HorseRiding\v_HorseRiding_g05_c02.avi,HorseRiding,151,5.038366666666667,29.97002997002997,320,240,320x240,HorseRiding,HorseRiding
v_HorseRiding_g05_c03,HorseRiding\v_HorseRiding_g05_c03.avi,HorseRiding,151,5.038366666666667,29.97002997002997,320,240,320x240,HorseRiding,HorseRiding
v_HorseRiding_g05_c04,HorseRiding\v_HorseRiding_g05_c04.avi,HorseRiding,151,5.038366666666667,29.97002997002997,320,240,320x240,HorseRiding,HorseRiding
v_HorseRiding_g05_c05,HorseRiding\v_HorseRiding_g05_c05.avi,HorseRiding,180,6.006,29.97002997002997,320,240,320x240,HorseRiding,HorseRiding
v_HorseRiding_g05_c06,HorseRiding\v_HorseRiding_g05_c06.avi,HorseRiding,240,8.008000000000001,29.97002997002997,320,240,320x240,HorseRiding,HorseRiding
v_HorseRiding_g05_c07,HorseRiding\v_HorseRiding_g05_c07.avi,HorseRiding,240,8.008000000000001,29.97002997002997,320,240,320x240,HorseRiding,HorseRiding
v_HorseRiding_g06_c01,HorseRiding\v_HorseRiding_g06_c01.avi,HorseRiding,240,8.008000000000001,29.97002997002997,320,240,320x240,HorseRiding,HorseRiding
v_HorseRiding_g06_c02,HorseRiding\v_HorseRiding_g06_c02.avi,HorseRiding,240,8.008000000000001,29.97002997002997,320,240,320x240,HorseRiding,HorseRiding
v_HorseRiding_g06_c03,HorseRiding\v_HorseRiding_g06_c03.avi,HorseRiding,180,6.006,29.97002997002997,320,240,320x240,HorseRiding,HorseRiding
v_HorseRiding_g06_c04,HorseRiding\v_HorseRiding_g06_c04.avi,HorseRiding,180,6.006,29.97002997002997,320,240,320x240,HorseRiding,HorseRiding
v_HorseRiding_g06_c05,HorseRiding\v_HorseRiding_g06_c05.avi,HorseRiding,180,6.006,29.97002997002997,320,240,320x240,HorseRiding,HorseRiding
v_HorseRiding_g06_c06,HorseRiding\v_HorseRiding_g06_c06.avi,HorseRiding,204,6.8068,29.97002997002997,320,240,320x240,HorseRiding,HorseRiding
v_HorseRiding_g06_c07,HorseRiding\v_HorseRiding_g06_c07.avi,HorseRiding,216,7.2072,29.97002997002997,320,240,320x240,HorseRiding,HorseRiding
v_HorseRiding_g07_c01,HorseRiding\v_HorseRiding_g07_c01.avi,HorseRiding,180,6.006,29.97002997002997,320,240,320x240,HorseRiding,HorseRiding
v_HorseRiding_g07_c02,HorseRiding\v_HorseRiding_g07_c02.avi,HorseRiding,180,6.006,29.97002997002997,320,240,320x240,HorseRiding,HorseRiding
v_HorseRiding_g07_c03,HorseRiding\v_HorseRiding_g07_c03.avi,HorseRiding,180,6.006,29.97002997002997,320,240,320x240,HorseRiding,HorseRiding
v_HorseRiding_g07_c04,HorseRiding\v_HorseRiding_g07_c04.avi,HorseRiding,180,6.006,29.97002997002997,320,240,320x240,HorseRiding,HorseRiding
v_HorseRiding_g07_c05,HorseRiding\v_HorseRiding_g07_c05.avi,HorseRiding,180,6.006,29.97002997002997,320,240,320x240,HorseRiding,HorseRiding
v_HorseRiding_g07_c06,HorseRiding\v_HorseRiding_g07_c06.avi,HorseRiding,180,6.006,29.97002997002997,320,240,320x240,HorseRiding,HorseRiding
v_HorseRiding_g07_c07,HorseRiding\v_HorseRiding_g07_c07.avi,HorseRiding,240,8.008000000000001,29.97002997002997,320,240,320x240,HorseRiding,HorseRiding
v_HulaHoop_g01_c01,HulaHoop\v_HulaHoop_g01_c01.avi,HulaHoop,91,3.64,25.0,320,240,320x240,HulaHoop,HulaHoop
v_HulaHoop_g01_c02,HulaHoop\v_HulaHoop_g01_c02.avi,HulaHoop,141,5.64,25.0,320,240,320x240,HulaHoop,HulaHoop
v_HulaHoop_g01_c03,HulaHoop\v_HulaHoop_g01_c03.avi,HulaHoop,111,4.44,25.0,320,240,320x240,HulaHoop,HulaHoop
v_HulaHoop_g01_c04,HulaHoop\v_HulaHoop_g01_c04.avi,HulaHoop,101,4.04,25.0,320,240,320x240,HulaHoop,HulaHoop
v_HulaHoop_g01_c05,HulaHoop\v_HulaHoop_g01_c05.avi,HulaHoop,121,4.84,25.0,320,240,320x240,HulaHoop,HulaHoop
v_HulaHoop_g01_c06,HulaHoop\v_HulaHoop_g01_c06.avi,HulaHoop,121,4.84,25.0,320,240,320x240,HulaHoop,HulaHoop
v_HulaHoop_g01_c07,HulaHoop\v_HulaHoop_g01_c07.avi,HulaHoop,118,4.72,25.0,320,240,320x240,HulaHoop,HulaHoop
v_HulaHoop_g02_c01,HulaHoop\v_HulaHoop_g02_c01.avi,HulaHoop,111,4.44,25.0,320,240,320x240,HulaHoop,HulaHoop
v_HulaHoop_g02_c02,HulaHoop\v_HulaHoop_g02_c02.avi,HulaHoop,121,4.84,25.0,320,240,320x240,HulaHoop,HulaHoop
v_HulaHoop_g02_c03,HulaHoop\v_HulaHoop_g02_c03.avi,HulaHoop,121,4.84,25.0,320,240,320x240,HulaHoop,HulaHoop
v_HulaHoop_g02_c04,HulaHoop\v_HulaHoop_g02_c04.avi,HulaHoop,111,4.44,25.0,320,240,320x240,HulaHoop,HulaHoop
v_HulaHoop_g03_c01,HulaHoop\v_HulaHoop_g03_c01.avi,HulaHoop,92,3.68,25.0,320,240,320x240,HulaHoop,HulaHoop
v_HulaHoop_g03_c02,HulaHoop\v_HulaHoop_g03_c02.avi,HulaHoop,81,3.24,25.0,320,240,320x240,HulaHoop,HulaHoop
v_HulaHoop_g03_c03,HulaHoop\v_HulaHoop_g03_c03.avi,HulaHoop,91,3.64,25.0,320,240,320x240,HulaHoop,HulaHoop
v_HulaHoop_g03_c04,HulaHoop\v_HulaHoop_g03_c04.avi,HulaHoop,101,4.04,25.0,320,240,320x240,HulaHoop,HulaHoop
v_HulaHoop_g03_c05,HulaHoop\v_HulaHoop_g03_c05.avi,HulaHoop,92,3.68,25.0,320,240,320x240,JumpRope,Archery
v_HulaHoop_g04_c01,HulaHoop\v_HulaHoop_g04_c01.avi,HulaHoop,113,4.52,25.0,320,240,320x240,JugglingBalls,PizzaTossing
v_HulaHoop_g04_c02,HulaHoop\v_HulaHoop_g04_c02.avi,HulaHoop,112,4.48,25.0,320,240,320x240,SoccerJuggling,PizzaTossing
v_HulaHoop_g04_c03,HulaHoop\v_HulaHoop_g04_c03.avi,HulaHoop,105,4.2,25.0,320,240,320x240,SoccerJuggling,PizzaTossing
v_HulaHoop_g04_c04,HulaHoop\v_HulaHoop_g04_c04.avi,HulaHoop,111,4.44,25.0,320,240,320x240,PlayingViolin,HulaHoop
v_HulaHoop_g04_c05,HulaHoop\v_HulaHoop_g04_c05.avi,HulaHoop,115,4.6,25.0,320,240,320x240,JugglingBalls,PizzaTossing
v_HulaHoop_g05_c01,HulaHoop\v_HulaHoop_g05_c01.avi,HulaHoop,106,4.24,25.0,320,240,320x240,FloorGymnastics,HulaHoop
v_HulaHoop_g05_c02,HulaHoop\v_HulaHoop_g05_c02.avi,HulaHoop,96,3.84,25.0,320,240,320x240,HulaHoop,HulaHoop
v_HulaHoop_g05_c03,HulaHoop\v_HulaHoop_g05_c03.avi,HulaHoop,108,4.32,25.0,320,240,320x240,HulaHoop,HulaHoop
v_HulaHoop_g05_c04,HulaHoop\v_HulaHoop_g05_c04.avi,HulaHoop,114,4.56,25.0,320,240,320x240,FloorGymnastics,StillRings
v_HulaHoop_g06_c01,HulaHoop\v_HulaHoop_g06_c01.avi,HulaHoop,96,3.84,25.0,320,240,320x240,HulaHoop,SalsaSpin
v_HulaHoop_g06_c02,HulaHoop\v_HulaHoop_g06_c02.avi,HulaHoop,108,4.32,25.0,320,240,320x240,HulaHoop,HulaHoop
v_HulaHoop_g06_c03,HulaHoop\v_HulaHoop_g06_c03.avi,HulaHoop,96,3.84,25.0,320,240,320x240,TaiChi,SalsaSpin
v_HulaHoop_g06_c04,HulaHoop\v_HulaHoop_g06_c04.avi,HulaHoop,96,3.84,25.0,320,240,320x240,HulaHoop,HulaHoop
v_HulaHoop_g07_c01,HulaHoop\v_HulaHoop_g07_c01.avi,HulaHoop,96,3.84,25.0,320,240,320x240,HulaHoop,HulaHoop
v_HulaHoop_g07_c02,HulaHoop\v_HulaHoop_g07_c02.avi,HulaHoop,101,4.04,25.0,320,240,320x240,HulaHoop,HulaHoop
v_HulaHoop_g07_c03,HulaHoop\v_HulaHoop_g07_c03.avi,HulaHoop,91,3.64,25.0,320,240,320x240,HulaHoop,HulaHoop
v_HulaHoop_g07_c04,HulaHoop\v_HulaHoop_g07_c04.avi,HulaHoop,101,4.04,25.0,320,240,320x240,HulaHoop,HulaHoop
v_HulaHoop_g07_c05,HulaHoop\v_HulaHoop_g07_c05.avi,HulaHoop,101,4.04,25.0,320,240,320x240,HulaHoop,HulaHoop
v_IceDancing_g01_c01,IceDancing\v_IceDancing_g01_c01.avi,IceDancing,244,9.76,25.0,320,240,320x240,IceDancing,IceDancing
v_IceDancing_g01_c02,IceDancing\v_IceDancing_g01_c02.avi,IceDancing,251,10.04,25.0,320,240,320x240,IceDancing,IceDancing
v_IceDancing_g01_c03,IceDancing\v_IceDancing_g01_c03.avi,IceDancing,235,9.4,25.0,320,240,320x240,IceDancing,IceDancing
v_IceDancing_g01_c04,IceDancing\v_IceDancing_g01_c04.avi,IceDancing,258,10.32,25.0,320,240,320x240,IceDancing,IceDancing
v_IceDancing_g01_c05,IceDancing\v_IceDancing_g01_c05.avi,IceDancing,259,10.36,25.0,320,240,320x240,IceDancing,IceDancing
v_IceDancing_g01_c06,IceDancing\v_IceDancing_g01_c06.avi,IceDancing,259,10.36,25.0,320,240,320x240,IceDancing,IceDancing
v_IceDancing_g01_c07,IceDancing\v_IceDancing_g01_c07.avi,IceDancing,251,10.04,25.0,320,240,320x240,IceDancing,IceDancing
v_IceDancing_g02_c01,IceDancing\v_IceDancing_g02_c01.avi,IceDancing,256,10.24,25.0,320,240,320x240,IceDancing,IceDancing
v_IceDancing_g02_c02,IceDancing\v_IceDancing_g02_c02.avi,IceDancing,252,10.08,25.0,320,240,320x240,IceDancing,IceDancing
v_IceDancing_g02_c03,IceDancing\v_IceDancing_g02_c03.avi,IceDancing,252,10.08,25.0,320,240,320x240,IceDancing,IceDancing
v_IceDancing_g02_c04,IceDancing\v_IceDancing_g02_c04.avi,IceDancing,256,10.24,25.0,320,240,320x240,IceDancing,IceDancing
v_IceDancing_g02_c05,IceDancing\v_IceDancing_g02_c05.avi,IceDancing,244,9.76,25.0,320,240,320x240,IceDancing,IceDancing
v_IceDancing_g02_c06,IceDancing\v_IceDancing_g02_c06.avi,IceDancing,248,9.92,25.0,320,240,320x240,IceDancing,IceDancing
v_IceDancing_g02_c07,IceDancing\v_IceDancing_g02_c07.avi,IceDancing,249,9.96,25.0,320,240,320x240,IceDancing,IceDancing
v_IceDancing_g03_c01,IceDancing\v_IceDancing_g03_c01.avi,IceDancing,258,10.32,25.0,320,240,320x240,IceDancing,IceDancing
v_IceDancing_g03_c02,IceDancing\v_IceDancing_g03_c02.avi,IceDancing,255,10.2,25.0,320,240,320x240,IceDancing,IceDancing
v_IceDancing_g03_c03,IceDancing\v_IceDancing_g03_c03.avi,IceDancing,247,9.88,25.0,320,240,320x240,IceDancing,IceDancing
v_IceDancing_g03_c04,IceDancing\v_IceDancing_g03_c04.avi,IceDancing,243,9.72,25.0,320,240,320x240,IceDancing,IceDancing
v_IceDancing_g03_c05,IceDancing\v_IceDancing_g03_c05.avi,IceDancing,244,9.76,25.0,320,240,320x240,IceDancing,IceDancing
v_IceDancing_g03_c06,IceDancing\v_IceDancing_g03_c06.avi,IceDancing,240,9.6,25.0,320,240,320x240,IceDancing,IceDancing
v_IceDancing_g04_c01,IceDancing\v_IceDancing_g04_c01.avi,IceDancing,255,10.2,25.0,320,240,320x240,IceDancing,IceDancing
v_IceDancing_g04_c02,IceDancing\v_IceDancing_g04_c02.avi,IceDancing,249,9.96,25.0,320,240,320x240,IceDancing,IceDancing
v_IceDancing_g04_c03,IceDancing\v_IceDancing_g04_c03.avi,IceDancing,255,10.2,25.0,320,240,320x240,IceDancing,IceDancing
v_IceDancing_g04_c04,IceDancing\v_IceDancing_g04_c04.avi,IceDancing,250,10.0,25.0,320,240,320x240,IceDancing,IceDancing
v_IceDancing_g04_c05,IceDancing\v_IceDancing_g04_c05.avi,IceDancing,249,9.96,25.0,320,240,320x240,IceDancing,IceDancing
v_IceDancing_g04_c06,IceDancing\v_IceDancing_g04_c06.avi,IceDancing,261,10.44,25.0,320,240,320x240,IceDancing,IceDancing
v_IceDancing_g04_c07,IceDancing\v_IceDancing_g04_c07.avi,IceDancing,255,10.2,25.0,320,240,320x240,IceDancing,IceDancing
v_IceDancing_g05_c01,IceDancing\v_IceDancing_g05_c01.avi,IceDancing,248,9.92,25.0,320,240,320x240,IceDancing,IceDancing
v_IceDancing_g05_c02,IceDancing\v_IceDancing_g05_c02.avi,IceDancing,248,9.92,25.0,320,240,320x240,IceDancing,IceDancing
v_IceDancing_g05_c03,IceDancing\v_IceDancing_g05_c03.avi,IceDancing,242,9.68,25.0,320,240,320x240,IceDancing,IceDancing
v_IceDancing_g05_c04,IceDancing\v_IceDancing_g05_c04.avi,IceDancing,243,9.72,25.0,320,240,320x240,IceDancing,IceDancing
v_IceDancing_g05_c05,IceDancing\v_IceDancing_g05_c05.avi,IceDancing,243,9.72,25.0,320,240,320x240,IceDancing,IceDancing
v_IceDancing_g05_c06,IceDancing\v_IceDancing_g05_c06.avi,IceDancing,243,9.72,25.0,320,240,320x240,IceDancing,IceDancing
v_IceDancing_g06_c01,IceDancing\v_IceDancing_g06_c01.avi,IceDancing,187,7.48,25.0,320,240,320x240,IceDancing,IceDancing
v_IceDancing_g06_c02,IceDancing\v_IceDancing_g06_c02.avi,IceDancing,248,9.92,25.0,320,240,320x240,IceDancing,IceDancing
v_IceDancing_g06_c03,IceDancing\v_IceDancing_g06_c03.avi,IceDancing,248,9.92,25.0,320,240,320x240,IceDancing,IceDancing
v_IceDancing_g06_c04,IceDancing\v_IceDancing_g06_c04.avi,IceDancing,248,9.92,25.0,320,240,320x240,IceDancing,IceDancing
v_IceDancing_g06_c05,IceDancing\v_IceDancing_g06_c05.avi,IceDancing,233,9.32,25.0,320,240,320x240,IceDancing,IceDancing
v_IceDancing_g06_c06,IceDancing\v_IceDancing_g06_c06.avi,IceDancing,252,10.08,25.0,320,240,320x240,IceDancing,IceDancing
v_IceDancing_g07_c01,IceDancing\v_IceDancing_g07_c01.avi,IceDancing,261,10.44,25.0,320,240,320x240,IceDancing,IceDancing
v_IceDancing_g07_c02,IceDancing\v_IceDancing_g07_c02.avi,IceDancing,266,10.64,25.0,320,240,320x240,IceDancing,IceDancing
v_IceDancing_g07_c03,IceDancing\v_IceDancing_g07_c03.avi,IceDancing,261,10.44,25.0,320,240,320x240,IceDancing,IceDancing
v_IceDancing_g07_c04,IceDancing\v_IceDancing_g07_c04.avi,IceDancing,230,9.2,25.0,320,240,320x240,IceDancing,IceDancing
v_IceDancing_g07_c05,IceDancing\v_IceDancing_g07_c05.avi,IceDancing,245,9.8,25.0,320,240,320x240,IceDancing,IceDancing
v_IceDancing_g07_c06,IceDancing\v_IceDancing_g07_c06.avi,IceDancing,256,10.24,25.0,320,240,320x240,IceDancing,IceDancing
v_IceDancing_g07_c07,IceDancing\v_IceDancing_g07_c07.avi,IceDancing,255,10.2,25.0,320,240,320x240,IceDancing,IceDancing
v_JavelinThrow_g01_c01,JavelinThrow\v_JavelinThrow_g01_c01.avi,JavelinThrow,120,4.8,25.0,320,240,320x240,HammerThrow,JavelinThrow
v_JavelinThrow_g01_c02,JavelinThrow\v_JavelinThrow_g01_c02.avi,JavelinThrow,144,5.76,25.0,320,240,320x240,HammerThrow,JavelinThrow
v_JavelinThrow_g01_c03,JavelinThrow\v_JavelinThrow_g01_c03.avi,JavelinThrow,139,5.56,25.0,320,240,320x240,LongJump,JavelinThrow
v_JavelinThrow_g01_c04,JavelinThrow\v_JavelinThrow_g01_c04.avi,JavelinThrow,110,4.4,25.0,320,240,320x240,LongJump,JavelinThrow
v_JavelinThrow_g02_c01,JavelinThrow\v_JavelinThrow_g02_c01.avi,JavelinThrow,71,2.84,25.0,320,240,320x240,FieldHockeyPenalty,ThrowDiscus
v_JavelinThrow_g02_c02,JavelinThrow\v_JavelinThrow_g02_c02.avi,JavelinThrow,111,4.44,25.0,320,240,320x240,FieldHockeyPenalty,ThrowDiscus
v_JavelinThrow_g02_c03,JavelinThrow\v_JavelinThrow_g02_c03.avi,JavelinThrow,81,3.24,25.0,320,240,320x240,HighJump,ThrowDiscus
v_JavelinThrow_g02_c04,JavelinThrow\v_JavelinThrow_g02_c04.avi,JavelinThrow,142,5.68,25.0,320,240,320x240,ThrowDiscus,ThrowDiscus
v_JavelinThrow_g03_c01,JavelinThrow\v_JavelinThrow_g03_c01.avi,JavelinThrow,146,5.84,25.0,320,240,320x240,PoleVault,JavelinThrow
v_JavelinThrow_g03_c02,JavelinThrow\v_JavelinThrow_g03_c02.avi,JavelinThrow,151,6.04,25.0,320,240,320x240,LongJump,ThrowDiscus
v_JavelinThrow_g03_c03,JavelinThrow\v_JavelinThrow_g03_c03.avi,JavelinThrow,131,5.24,25.0,320,240,320x240,LongJump,JavelinThrow
v_JavelinThrow_g03_c04,JavelinThrow\v_JavelinThrow_g03_c04.avi,JavelinThrow,61,2.44,25.0,320,240,320x240,PoleVault,JavelinThrow
v_JavelinThrow_g04_c01,JavelinThrow\v_JavelinThrow_g04_c01.avi,JavelinThrow,132,5.28,25.0,320,240,320x240,ThrowDiscus,JavelinThrow
v_JavelinThrow_g04_c02,JavelinThrow\v_JavelinThrow_g04_c02.avi,JavelinThrow,167,6.68,25.0,320,240,320x240,SoccerPenalty,LongJump
v_JavelinThrow_g04_c03,JavelinThrow\v_JavelinThrow_g04_c03.avi,JavelinThrow,123,4.92,25.0,320,240,320x240,ThrowDiscus,JavelinThrow
v_JavelinThrow_g04_c04,JavelinThrow\v_JavelinThrow_g04_c04.avi,JavelinThrow,120,4.8,25.0,320,240,320x240,ThrowDiscus,JavelinThrow
v_JavelinThrow_g05_c01,JavelinThrow\v_JavelinThrow_g05_c01.avi,JavelinThrow,71,2.84,25.0,320,240,320x240,ThrowDiscus,LongJump
v_JavelinThrow_g05_c02,JavelinThrow\v_JavelinThrow_g05_c02.avi,JavelinThrow,88,3.52,25.0,320,240,320x240,LongJump,JavelinThrow
v_JavelinThrow_g05_c03,JavelinThrow\v_JavelinThrow_g05_c03.avi,JavelinThrow,98,3.92,25.0,320,240,320x240,LongJump,LongJump
v_JavelinThrow_g05_c04,JavelinThrow\v_JavelinThrow_g05_c04.avi,JavelinThrow,159,6.36,25.0,320,240,320x240,LongJump,LongJump
v_JavelinThrow_g05_c05,JavelinThrow\v_JavelinThrow_g05_c05.avi,JavelinThrow,81,3.24,25.0,320,240,320x240,LongJump,LongJump
v_JavelinThrow_g05_c06,JavelinThrow\v_JavelinThrow_g05_c06.avi,JavelinThrow,51,2.04,25.0,320,240,320x240,ThrowDiscus,JavelinThrow
v_JavelinThrow_g06_c01,JavelinThrow\v_JavelinThrow_g06_c01.avi,JavelinThrow,156,6.24,25.0,320,240,320x240,PoleVault,JavelinThrow
v_JavelinThrow_g06_c02,JavelinThrow\v_JavelinThrow_g06_c02.avi,JavelinThrow,163,6.52,25.0,320,240,320x240,PoleVault,JavelinThrow
v_JavelinThrow_g06_c03,JavelinThrow\v_JavelinThrow_g06_c03.avi,JavelinThrow,142,5.68,25.0,320,240,320x240,PoleVault,JavelinThrow
v_JavelinThrow_g06_c04,JavelinThrow\v_JavelinThrow_g06_c04.avi,JavelinThrow,135,5.4,25.0,320,240,320x240,PoleVault,JavelinThrow
v_JavelinThrow_g07_c01,JavelinThrow\v_JavelinThrow_g07_c01.avi,JavelinThrow,77,3.08,25.0,320,240,320x240,HammerThrow,JavelinThrow
v_JavelinThrow_g07_c02,JavelinThrow\v_JavelinThrow_g07_c02.avi,JavelinThrow,60,2.4,25.0,320,240,320x240,HammerThrow,LongJump
v_JavelinThrow_g07_c03,JavelinThrow\v_JavelinThrow_g07_c03.avi,JavelinThrow,66,2.64,25.0,320,240,320x240,Shotput,LongJump
v_JavelinThrow_g07_c04,JavelinThrow\v_JavelinThrow_g07_c04.avi,JavelinThrow,90,3.6,25.0,320,240,320x240,HammerThrow,LongJump
v_JavelinThrow_g07_c05,JavelinThrow\v_JavelinThrow_g07_c05.avi,JavelinThrow,72,2.88,25.0,320,240,320x240,Shotput,LongJump
v_JugglingBalls_g01_c01,JugglingBalls\v_JugglingBalls_g01_c01.avi,JugglingBalls,257,10.28,25.0,320,240,320x240,SoccerJuggling,FrisbeeCatch
v_JugglingBalls_g01_c02,JugglingBalls\v_JugglingBalls_g01_c02.avi,JugglingBalls,248,9.92,25.0,320,240,320x240,SoccerJuggling,FrisbeeCatch
v_JugglingBalls_g01_c03,JugglingBalls\v_JugglingBalls_g01_c03.avi,JugglingBalls,251,10.04,25.0,320,240,320x240,SoccerJuggling,FrisbeeCatch
v_JugglingBalls_g01_c04,JugglingBalls\v_JugglingBalls_g01_c04.avi,JugglingBalls,245,9.8,25.0,320,240,320x240,SoccerJuggling,FrisbeeCatch
v_JugglingBalls_g02_c01,JugglingBalls\v_JugglingBalls_g02_c01.avi,JugglingBalls,247,9.88,25.0,320,240,320x240,SoccerJuggling,JugglingBalls
v_JugglingBalls_g02_c02,JugglingBalls\v_JugglingBalls_g02_c02.avi,JugglingBalls,253,10.12,25.0,320,240,320x240,SoccerJuggling,JugglingBalls
v_JugglingBalls_g02_c03,JugglingBalls\v_JugglingBalls_g02_c03.avi,JugglingBalls,248,9.92,25.0,320,240,320x240,SoccerJuggling,JugglingBalls
v_JugglingBalls_g02_c04,JugglingBalls\v_JugglingBalls_g02_c04.avi,JugglingBalls,247,9.88,25.0,320,240,320x240,SoccerJuggling,JugglingBalls
v_JugglingBalls_g02_c05,JugglingBalls\v_JugglingBalls_g02_c05.avi,JugglingBalls,247,9.88,25.0,320,240,320x240,SoccerJuggling,JugglingBalls
v_JugglingBalls_g02_c06,JugglingBalls\v_JugglingBalls_g02_c06.avi,JugglingBalls,253,10.12,25.0,320,240,320x240,SoccerJuggling,JugglingBalls
v_JugglingBalls_g03_c01,JugglingBalls\v_JugglingBalls_g03_c01.avi,JugglingBalls,263,10.52,25.0,320,240,320x240,SoccerJuggling,JugglingBalls
v_JugglingBalls_g03_c02,JugglingBalls\v_JugglingBalls_g03_c02.avi,JugglingBalls,249,9.96,25.0,320,240,320x240,SoccerJuggling,JugglingBalls
v_JugglingBalls_g03_c03,JugglingBalls\v_JugglingBalls_g03_c03.avi,JugglingBalls,253,10.12,25.0,320,240,320x240,SoccerJuggling,JugglingBalls
v_JugglingBalls_g03_c04,JugglingBalls\v_JugglingBalls_g03_c04.avi,JugglingBalls,256,10.24,25.0,320,240,320x240,SoccerJuggling,JugglingBalls
v_JugglingBalls_g03_c05,JugglingBalls\v_JugglingBalls_g03_c05.avi,JugglingBalls,276,11.04,25.0,320,240,320x240,SoccerJuggling,JugglingBalls
v_JugglingBalls_g03_c06,JugglingBalls\v_JugglingBalls_g03_c06.avi,JugglingBalls,257,10.28,25.0,320,240,320x240,SoccerJuggling,JugglingBalls
v_JugglingBalls_g03_c07,JugglingBalls\v_JugglingBalls_g03_c07.avi,JugglingBalls,269,10.76,25.0,320,240,320x240,SoccerJuggling,JugglingBalls
v_JugglingBalls_g04_c01,JugglingBalls\v_JugglingBalls_g04_c01.avi,JugglingBalls,260,10.4,25.0,320,240,320x240,SoccerJuggling,YoYo
v_JugglingBalls_g04_c02,JugglingBalls\v_JugglingBalls_g04_c02.avi,JugglingBalls,253,10.12,25.0,320,240,320x240,SoccerJuggling,YoYo
v_JugglingBalls_g04_c03,JugglingBalls\v_JugglingBalls_g04_c03.avi,JugglingBalls,246,9.84,25.0,320,240,320x240,SoccerJuggling,YoYo
v_JugglingBalls_g04_c04,JugglingBalls\v_JugglingBalls_g04_c04.avi,JugglingBalls,249,9.96,25.0,320,240,320x240,SoccerJuggling,YoYo
v_JugglingBalls_g04_c05,JugglingBalls\v_JugglingBalls_g04_c05.avi,JugglingBalls,255,10.2,25.0,320,240,320x240,SoccerJuggling,YoYo
v_JugglingBalls_g05_c01,JugglingBalls\v_JugglingBalls_g05_c01.avi,JugglingBalls,243,9.72,25.0,320,240,320x240,SoccerJuggling,YoYo
v_JugglingBalls_g05_c02,JugglingBalls\v_JugglingBalls_g05_c02.avi,JugglingBalls,241,9.64,25.0,320,240,320x240,SoccerJuggling,YoYo
v_JugglingBalls_g05_c03,JugglingBalls\v_JugglingBalls_g05_c03.avi,JugglingBalls,244,9.76,25.0,320,240,320x240,SoccerJuggling,YoYo
v_JugglingBalls_g05_c04,JugglingBalls\v_JugglingBalls_g05_c04.avi,JugglingBalls,254,10.16,25.0,320,240,320x240,SoccerJuggling,YoYo
v_JugglingBalls_g05_c05,JugglingBalls\v_JugglingBalls_g05_c05.avi,JugglingBalls,260,10.4,25.0,320,240,320x240,SoccerJuggling,YoYo
v_JugglingBalls_g06_c01,JugglingBalls\v_JugglingBalls_g06_c01.avi,JugglingBalls,256,10.24,25.0,320,240,320x240,SoccerJuggling,YoYo
v_JugglingBalls_g06_c02,JugglingBalls\v_JugglingBalls_g06_c02.avi,JugglingBalls,240,9.6,25.0,320,240,320x240,YoYo,YoYo
v_JugglingBalls_g06_c03,JugglingBalls\v_JugglingBalls_g06_c03.avi,JugglingBalls,257,10.28,25.0,320,240,320x240,YoYo,YoYo
v_JugglingBalls_g06_c04,JugglingBalls\v_JugglingBalls_g06_c04.avi,JugglingBalls,252,10.08,25.0,320,240,320x240,SoccerJuggling,YoYo
v_JugglingBalls_g06_c05,JugglingBalls\v_JugglingBalls_g06_c05.avi,JugglingBalls,238,9.52,25.0,320,240,320x240,SoccerJuggling,YoYo
v_JugglingBalls_g06_c06,JugglingBalls\v_JugglingBalls_g06_c06.avi,JugglingBalls,256,10.24,25.0,320,240,320x240,SoccerJuggling,YoYo
v_JugglingBalls_g07_c01,JugglingBalls\v_JugglingBalls_g07_c01.avi,JugglingBalls,253,10.12,25.0,320,240,320x240,TaiChi,Nunchucks
v_JugglingBalls_g07_c02,JugglingBalls\v_JugglingBalls_g07_c02.avi,JugglingBalls,261,10.44,25.0,320,240,320x240,ThrowDiscus,ThrowDiscus
v_JugglingBalls_g07_c03,JugglingBalls\v_JugglingBalls_g07_c03.avi,JugglingBalls,246,9.84,25.0,320,240,320x240,TaiChi,Nunchucks
v_JugglingBalls_g07_c04,JugglingBalls\v_JugglingBalls_g07_c04.avi,JugglingBalls,250,10.0,25.0,320,240,320x240,ThrowDiscus,YoYo
v_JugglingBalls_g07_c05,JugglingBalls\v_JugglingBalls_g07_c05.avi,JugglingBalls,248,9.92,25.0,320,240,320x240,TaiChi,Nunchucks
v_JugglingBalls_g07_c06,JugglingBalls\v_JugglingBalls_g07_c06.avi,JugglingBalls,247,9.88,25.0,320,240,320x240,TaiChi,Nunchucks
v_JugglingBalls_g07_c07,JugglingBalls\v_JugglingBalls_g07_c07.avi,JugglingBalls,252,10.08,25.0,320,240,320x240,TaiChi,Nunchucks
v_JumpingJack_g01_c01,JumpingJack\v_JumpingJack_g01_c01.avi,JumpingJack,93,3.1031,29.97002997002997,320,240,320x240,Lunges,JumpingJack
v_JumpingJack_g01_c02,JumpingJack\v_JumpingJack_g01_c02.avi,JumpingJack,91,3.036366666666667,29.97002997002997,320,240,320x240,Lunges,JumpingJack
v_JumpingJack_g01_c03,JumpingJack\v_JumpingJack_g01_c03.avi,JumpingJack,92,3.069733333333333,29.97002997002997,320,240,320x240,Lunges,JumpingJack
v_JumpingJack_g01_c04,JumpingJack\v_JumpingJack_g01_c04.avi,JumpingJack,89,2.9696333333333333,29.97002997002997,320,240,320x240,Lunges,JumpingJack
v_JumpingJack_g01_c05,JumpingJack\v_JumpingJack_g01_c05.avi,JumpingJack,89,2.9696333333333333,29.97002997002997,320,240,320x240,Lunges,JumpingJack
v_JumpingJack_g01_c06,JumpingJack\v_JumpingJack_g01_c06.avi,JumpingJack,88,2.9362666666666666,29.97002997002997,320,240,320x240,Lunges,JumpingJack
v_JumpingJack_g01_c07,JumpingJack\v_JumpingJack_g01_c07.avi,JumpingJack,89,2.9696333333333333,29.97002997002997,320,240,320x240,Lunges,JumpingJack
v_JumpingJack_g02_c01,JumpingJack\v_JumpingJack_g02_c01.avi,JumpingJack,63,2.1021,29.97002997002997,320,240,320x240,BodyWeightSquats,Nunchucks
v_JumpingJack_g02_c02,JumpingJack\v_JumpingJack_g02_c02.avi,JumpingJack,63,2.1021,29.97002997002997,320,240,320x240,JumpRope,Punch
v_JumpingJack_g02_c03,JumpingJack\v_JumpingJack_g02_c03.avi,JumpingJack,101,3.370033333333333,29.97002997002997,320,240,320x240,BodyWeightSquats,Nunchucks
v_JumpingJack_g02_c04,JumpingJack\v_JumpingJack_g02_c04.avi,JumpingJack,94,3.1364666666666667,29.97002997002997,320,240,320x240,JumpRope,Nunchucks
v_JumpingJack_g03_c01,JumpingJack\v_JumpingJack_g03_c01.avi,JumpingJack,56,1.8685333333333332,29.97002997002997,320,240,320x240,JumpRope,HulaHoop
v_JumpingJack_g03_c02,JumpingJack\v_JumpingJack_g03_c02.avi,JumpingJack,88,2.9362666666666666,29.97002997002997,320,240,320x240,JumpRope,HulaHoop
v_JumpingJack_g03_c03,JumpingJack\v_JumpingJack_g03_c03.avi,JumpingJack,85,2.8361666666666667,29.97002997002997,320,240,320x240,JumpRope,HulaHoop
v_JumpingJack_g03_c04,JumpingJack\v_JumpingJack_g03_c04.avi,JumpingJack,84,2.8028,29.97002997002997,320,240,320x240,JumpRope,HulaHoop
v_JumpingJack_g04_c01,JumpingJack\v_JumpingJack_g04_c01.avi,JumpingJack,54,1.8018,29.97002997002997,320,240,320x240,CleanAndJerk,JugglingBalls
v_JumpingJack_g04_c02,JumpingJack\v_JumpingJack_g04_c02.avi,JumpingJack,78,2.6026,29.97002997002997,320,240,320x240,CleanAndJerk,JugglingBalls
v_JumpingJack_g04_c03,JumpingJack\v_JumpingJack_g04_c03.avi,JumpingJack,80,2.6693333333333333,29.97002997002997,320,240,320x240,CleanAndJerk,JugglingBalls
v_JumpingJack_g04_c04,JumpingJack\v_JumpingJack_g04_c04.avi,JumpingJack,85,2.8361666666666667,29.97002997002997,320,240,320x240,CleanAndJerk,JugglingBalls
v_JumpingJack_g05_c01,JumpingJack\v_JumpingJack_g05_c01.avi,JumpingJack,81,2.7027,29.97002997002997,320,240,320x240,BoxingSpeedBag,BoxingSpeedBag
v_JumpingJack_g05_c02,JumpingJack\v_JumpingJack_g05_c02.avi,JumpingJack,82,2.736066666666667,29.97002997002997,320,240,320x240,BoxingSpeedBag,BoxingSpeedBag
v_JumpingJack_g05_c03,JumpingJack\v_JumpingJack_g05_c03.avi,JumpingJack,100,3.336666666666667,29.97002997002997,320,240,320x240,BoxingSpeedBag,BoxingSpeedBag
v_JumpingJack_g05_c04,JumpingJack\v_JumpingJack_g05_c04.avi,JumpingJack,81,2.7027,29.97002997002997,320,240,320x240,BoxingSpeedBag,BoxingSpeedBag
v_JumpingJack_g05_c05,JumpingJack\v_JumpingJack_g05_c05.avi,JumpingJack,79,2.6359666666666666,29.97002997002997,320,240,320x240,BoxingSpeedBag,BoxingSpeedBag
v_JumpingJack_g05_c06,JumpingJack\v_JumpingJack_g05_c06.avi,JumpingJack,82,2.736066666666667,29.97002997002997,320,240,320x240,BoxingSpeedBag,BoxingSpeedBag
v_JumpingJack_g06_c01,JumpingJack\v_JumpingJack_g06_c01.avi,JumpingJack,71,2.3690333333333333,29.97002997002997,320,240,320x240,SoccerJuggling,YoYo
v_JumpingJack_g06_c02,JumpingJack\v_JumpingJack_g06_c02.avi,JumpingJack,72,2.4024,29.97002997002997,320,240,320x240,BasketballDunk,YoYo
v_JumpingJack_g06_c03,JumpingJack\v_JumpingJack_g06_c03.avi,JumpingJack,79,2.6359666666666666,29.97002997002997,320,240,320x240,SoccerJuggling,YoYo
v_JumpingJack_g06_c04,JumpingJack\v_JumpingJack_g06_c04.avi,JumpingJack,73,2.435766666666667,29.97002997002997,320,240,320x240,BasketballDunk,FrisbeeCatch
v_JumpingJack_g06_c05,JumpingJack\v_JumpingJack_g06_c05.avi,JumpingJack,70,2.3356666666666666,29.97002997002997,320,240,320x240,BasketballDunk,YoYo
v_JumpingJack_g06_c06,JumpingJack\v_JumpingJack_g06_c06.avi,JumpingJack,72,2.4024,29.97002997002997,320,240,320x240,ThrowDiscus,ThrowDiscus
v_JumpingJack_g06_c07,JumpingJack\v_JumpingJack_g06_c07.avi,JumpingJack,66,2.2022,29.97002997002997,320,240,320x240,SoccerJuggling,FrisbeeCatch
v_JumpingJack_g07_c01,JumpingJack\v_JumpingJack_g07_c01.avi,JumpingJack,88,2.9362666666666666,29.97002997002997,320,240,320x240,CleanAndJerk,PullUps
v_JumpingJack_g07_c02,JumpingJack\v_JumpingJack_g07_c02.avi,JumpingJack,84,2.8028,29.97002997002997,320,240,320x240,CleanAndJerk,PullUps
v_JumpingJack_g07_c03,JumpingJack\v_JumpingJack_g07_c03.avi,JumpingJack,84,2.8028,29.97002997002997,320,240,320x240,CleanAndJerk,PullUps
v_JumpingJack_g07_c04,JumpingJack\v_JumpingJack_g07_c04.avi,JumpingJack,87,2.9029000000000003,29.97002997002997,320,240,320x240,CleanAndJerk,PullUps
v_JumpingJack_g07_c05,JumpingJack\v_JumpingJack_g07_c05.avi,JumpingJack,88,2.9362666666666666,29.97002997002997,320,240,320x240,CleanAndJerk,PullUps
v_JumpRope_g01_c01,JumpRope\v_JumpRope_g01_c01.avi,JumpRope,257,8.575233333333333,29.97002997002997,320,240,320x240,TaiChi,YoYo
v_JumpRope_g01_c02,JumpRope\v_JumpRope_g01_c02.avi,JumpRope,268,8.942266666666667,29.97002997002997,320,240,320x240,TaiChi,YoYo
v_JumpRope_g01_c03,JumpRope\v_JumpRope_g01_c03.avi,JumpRope,346,11.544866666666667,29.97002997002997,320,240,320x240,TaiChi,YoYo
v_JumpRope_g01_c04,JumpRope\v_JumpRope_g01_c04.avi,JumpRope,206,6.8735333333333335,29.97002997002997,320,240,320x240,TaiChi,YoYo
v_JumpRope_g02_c01,JumpRope\v_JumpRope_g02_c01.avi,JumpRope,448,14.948266666666669,29.97002997002997,320,240,320x240,SoccerJuggling,JumpRope
v_JumpRope_g02_c02,JumpRope\v_JumpRope_g02_c02.avi,JumpRope,483,16.1161,29.97002997002997,320,240,320x240,SoccerJuggling,JumpRope
v_JumpRope_g02_c03,JumpRope\v_JumpRope_g02_c03.avi,JumpRope,492,16.4164,29.97002997002997,320,240,320x240,SoccerJuggling,JumpRope
v_JumpRope_g02_c04,JumpRope\v_JumpRope_g02_c04.avi,JumpRope,500,16.683333333333334,29.97002997002997,320,240,320x240,SoccerJuggling,JumpRope
v_JumpRope_g02_c05,JumpRope\v_JumpRope_g02_c05.avi,JumpRope,501,16.7167,29.97002997002997,320,240,320x240,SoccerJuggling,JumpRope
v_JumpRope_g02_c06,JumpRope\v_JumpRope_g02_c06.avi,JumpRope,500,16.683333333333334,29.97002997002997,320,240,320x240,SoccerJuggling,JumpRope
v_JumpRope_g02_c07,JumpRope\v_JumpRope_g02_c07.avi,JumpRope,510,17.017,29.97002997002997,320,240,320x240,SoccerJuggling,JumpRope
v_JumpRope_g03_c01,JumpRope\v_JumpRope_g03_c01.avi,JumpRope,294,9.8098,29.97002997002997,320,240,320x240,TaiChi,TaiChi
v_JumpRope_g03_c02,JumpRope\v_JumpRope_g03_c02.avi,JumpRope,305,10.176833333333333,29.97002997002997,320,240,320x240,TaiChi,SalsaSpin
v_JumpRope_g03_c03,JumpRope\v_JumpRope_g03_c03.avi,JumpRope,294,9.8098,29.97002997002997,320,240,320x240,TaiChi,SalsaSpin
v_JumpRope_g03_c04,JumpRope\v_JumpRope_g03_c04.avi,JumpRope,316,10.543866666666666,29.97002997002997,320,240,320x240,TaiChi,SalsaSpin
v_JumpRope_g04_c01,JumpRope\v_JumpRope_g04_c01.avi,JumpRope,498,16.616600000000002,29.97002997002997,320,240,320x240,CleanAndJerk,BoxingSpeedBag
v_JumpRope_g04_c02,JumpRope\v_JumpRope_g04_c02.avi,JumpRope,528,17.6176,29.97002997002997,320,240,320x240,CleanAndJerk,BoxingSpeedBag
v_JumpRope_g04_c03,JumpRope\v_JumpRope_g04_c03.avi,JumpRope,489,16.316300000000002,29.97002997002997,320,240,320x240,CleanAndJerk,BoxingSpeedBag
v_JumpRope_g04_c04,JumpRope\v_JumpRope_g04_c04.avi,JumpRope,546,18.2182,29.97002997002997,320,240,320x240,CleanAndJerk,BoxingSpeedBag
v_JumpRope_g04_c05,JumpRope\v_JumpRope_g04_c05.avi,JumpRope,480,16.016000000000002,29.97002997002997,320,240,320x240,CleanAndJerk,BoxingSpeedBag
v_JumpRope_g04_c06,JumpRope\v_JumpRope_g04_c06.avi,JumpRope,537,17.9179,29.97002997002997,320,240,320x240,CleanAndJerk,BoxingSpeedBag
v_JumpRope_g04_c07,JumpRope\v_JumpRope_g04_c07.avi,JumpRope,518,17.283933333333334,29.97002997002997,320,240,320x240,CleanAndJerk,CleanAndJerk
v_JumpRope_g05_c01,JumpRope\v_JumpRope_g05_c01.avi,JumpRope,622,20.754066666666667,29.97002997002997,320,240,320x240,JumpRope,JumpingJack
v_JumpRope_g05_c02,JumpRope\v_JumpRope_g05_c02.avi,JumpRope,620,20.68733333333333,29.97002997002997,320,240,320x240,JumpRope,JumpingJack
v_JumpRope_g05_c03,JumpRope\v_JumpRope_g05_c03.avi,JumpRope,618,20.6206,29.97002997002997,320,240,320x240,JumpRope,JumpingJack
v_JumpRope_g05_c04,JumpRope\v_JumpRope_g05_c04.avi,JumpRope,614,20.487133333333333,29.97002997002997,320,240,320x240,JumpRope,JumpingJack
v_JumpRope_g05_c05,JumpRope\v_JumpRope_g05_c05.avi,JumpRope,624,20.8208,29.97002997002997,320,240,320x240,JumpRope,JumpingJack
v_JumpRope_g06_c01,JumpRope\v_JumpRope_g06_c01.avi,JumpRope,387,12.9129,29.97002997002997,320,240,320x240,JumpRope,JumpRope
v_JumpRope_g06_c02,JumpRope\v_JumpRope_g06_c02.avi,JumpRope,378,12.6126,29.97002997002997,320,240,320x240,JumpRope,JumpRope
v_JumpRope_g06_c03,JumpRope\v_JumpRope_g06_c03.avi,JumpRope,355,11.845166666666668,29.97002997002997,320,240,320x240,JumpRope,JumpRope
v_JumpRope_g06_c04,JumpRope\v_JumpRope_g06_c04.avi,JumpRope,358,11.945266666666669,29.97002997002997,320,240,320x240,JumpRope,JumpRope
v_JumpRope_g06_c05,JumpRope\v_JumpRope_g06_c05.avi,JumpRope,366,12.2122,29.97002997002997,320,240,320x240,JumpRope,JumpRope
v_JumpRope_g07_c01,JumpRope\v_JumpRope_g07_c01.avi,JumpRope,396,13.2132,29.97002997002997,320,240,320x240,SoccerJuggling,JumpRope
v_JumpRope_g07_c02,JumpRope\v_JumpRope_g07_c02.avi,JumpRope,366,12.2122,29.97002997002997,320,240,320x240,HulaHoop,HulaHoop
v_JumpRope_g07_c03,JumpRope\v_JumpRope_g07_c03.avi,JumpRope,388,12.946266666666666,29.97002997002997,320,240,320x240,SoccerJuggling,JumpRope
v_JumpRope_g07_c04,JumpRope\v_JumpRope_g07_c04.avi,JumpRope,358,11.945266666666669,29.97002997002997,320,240,320x240,JumpRope,HulaHoop
v_JumpRope_g07_c05,JumpRope\v_JumpRope_g07_c05.avi,JumpRope,343,11.444766666666666,29.97002997002997,320,240,320x240,SoccerJuggling,JumpRope
v_JumpRope_g07_c06,JumpRope\v_JumpRope_g07_c06.avi,JumpRope,403,13.446766666666669,29.97002997002997,320,240,320x240,JumpRope,HulaHoop
v_Kayaking_g01_c01,Kayaking\v_Kayaking_g01_c01.avi,Kayaking,229,9.16,25.0,320,240,320x240,Kayaking,Kayaking
v_Kayaking_g01_c02,Kayaking\v_Kayaking_g01_c02.avi,Kayaking,192,7.68,25.0,320,240,320x240,Kayaking,Kayaking
v_Kayaking_g01_c03,Kayaking\v_Kayaking_g01_c03.avi,Kayaking,187,7.48,25.0,320,240,320x240,Kayaking,Kayaking
v_Kayaking_g01_c04,Kayaking\v_Kayaking_g01_c04.avi,Kayaking,188,7.52,25.0,320,240,320x240,Kayaking,Kayaking
v_Kayaking_g01_c05,Kayaking\v_Kayaking_g01_c05.avi,Kayaking,201,8.04,25.0,320,240,320x240,Kayaking,Kayaking
v_Kayaking_g01_c06,Kayaking\v_Kayaking_g01_c06.avi,Kayaking,198,7.92,25.0,320,240,320x240,Kayaking,Kayaking
v_Kayaking_g02_c01,Kayaking\v_Kayaking_g02_c01.avi,Kayaking,198,7.92,25.0,320,240,320x240,Rafting,Rafting
v_Kayaking_g02_c02,Kayaking\v_Kayaking_g02_c02.avi,Kayaking,214,8.56,25.0,320,240,320x240,Rafting,Rafting
v_Kayaking_g02_c03,Kayaking\v_Kayaking_g02_c03.avi,Kayaking,181,7.24,25.0,320,240,320x240,Rafting,Rafting
v_Kayaking_g02_c04,Kayaking\v_Kayaking_g02_c04.avi,Kayaking,181,7.24,25.0,320,240,320x240,Rafting,Rafting
v_Kayaking_g03_c01,Kayaking\v_Kayaking_g03_c01.avi,Kayaking,163,6.52,25.0,320,240,320x240,Rowing,Skijet
v_Kayaking_g03_c02,Kayaking\v_Kayaking_g03_c02.avi,Kayaking,166,6.64,25.0,320,240,320x240,Rowing,Skijet
v_Kayaking_g03_c03,Kayaking\v_Kayaking_g03_c03.avi,Kayaking,162,6.48,25.0,320,240,320x240,Rowing,Skijet
v_Kayaking_g03_c04,Kayaking\v_Kayaking_g03_c04.avi,Kayaking,187,7.48,25.0,320,240,320x240,Rowing,Rowing
v_Kayaking_g04_c01,Kayaking\v_Kayaking_g04_c01.avi,Kayaking,209,8.36,25.0,320,240,320x240,Rafting,Rafting
v_Kayaking_g04_c02,Kayaking\v_Kayaking_g04_c02.avi,Kayaking,237,9.48,25.0,320,240,320x240,Kayaking,Skijet
v_Kayaking_g04_c03,Kayaking\v_Kayaking_g04_c03.avi,Kayaking,181,7.24,25.0,320,240,320x240,Rafting,Rafting
v_Kayaking_g04_c04,Kayaking\v_Kayaking_g04_c04.avi,Kayaking,211,8.44,25.0,320,240,320x240,Rafting,Skijet
v_Kayaking_g04_c05,Kayaking\v_Kayaking_g04_c05.avi,Kayaking,191,7.64,25.0,320,240,320x240,Rafting,Rafting
v_Kayaking_g04_c06,Kayaking\v_Kayaking_g04_c06.avi,Kayaking,185,7.4,25.0,320,240,320x240,Rafting,Rafting
v_Kayaking_g04_c07,Kayaking\v_Kayaking_g04_c07.avi,Kayaking,187,7.48,25.0,320,240,320x240,Rafting,Rafting
v_Kayaking_g05_c01,Kayaking\v_Kayaking_g05_c01.avi,Kayaking,185,7.4,25.0,320,240,320x240,Rafting,Rafting
v_Kayaking_g05_c02,Kayaking\v_Kayaking_g05_c02.avi,Kayaking,181,7.24,25.0,320,240,320x240,Kayaking,Kayaking
v_Kayaking_g05_c03,Kayaking\v_Kayaking_g05_c03.avi,Kayaking,183,7.32,25.0,320,240,320x240,Rafting,Rafting
v_Kayaking_g05_c04,Kayaking\v_Kayaking_g05_c04.avi,Kayaking,185,7.4,25.0,320,240,320x240,Rafting,Kayaking
v_Kayaking_g06_c01,Kayaking\v_Kayaking_g06_c01.avi,Kayaking,151,6.04,25.0,320,240,320x240,Kayaking,Kayaking
v_Kayaking_g06_c02,Kayaking\v_Kayaking_g06_c02.avi,Kayaking,163,6.52,25.0,320,240,320x240,Kayaking,Kayaking
v_Kayaking_g06_c03,Kayaking\v_Kayaking_g06_c03.avi,Kayaking,151,6.04,25.0,320,240,320x240,Rafting,Kayaking
v_Kayaking_g06_c04,Kayaking\v_Kayaking_g06_c04.avi,Kayaking,155,6.2,25.0,320,240,320x240,Rafting,Rafting
v_Kayaking_g06_c05,Kayaking\v_Kayaking_g06_c05.avi,Kayaking,156,6.24,25.0,320,240,320x240,Rafting,Rafting
v_Kayaking_g06_c06,Kayaking\v_Kayaking_g06_c06.avi,Kayaking,161,6.44,25.0,320,240,320x240,Rafting,Rafting
v_Kayaking_g06_c07,Kayaking\v_Kayaking_g06_c07.avi,Kayaking,151,6.04,25.0,320,240,320x240,Rafting,Kayaking
v_Kayaking_g07_c01,Kayaking\v_Kayaking_g07_c01.avi,Kayaking,177,7.08,25.0,320,240,320x240,Rafting,Rafting
v_Kayaking_g07_c02,Kayaking\v_Kayaking_g07_c02.avi,Kayaking,166,6.64,25.0,320,240,320x240,Rafting,Skijet
v_Kayaking_g07_c03,Kayaking\v_Kayaking_g07_c03.avi,Kayaking,159,6.36,25.0,320,240,320x240,Rafting,Kayaking
v_Kayaking_g07_c04,Kayaking\v_Kayaking_g07_c04.avi,Kayaking,152,6.08,25.0,320,240,320x240,Rafting,Kayaking
v_Knitting_g01_c01,Knitting\v_Knitting_g01_c01.avi,Knitting,266,10.64,25.0,320,240,320x240,Knitting,Knitting
v_Knitting_g01_c02,Knitting\v_Knitting_g01_c02.avi,Knitting,240,9.6,25.0,320,240,320x240,Knitting,Knitting
v_Knitting_g01_c03,Knitting\v_Knitting_g01_c03.avi,Knitting,275,11.0,25.0,320,240,320x240,Knitting,Knitting
v_Knitting_g01_c04,Knitting\v_Knitting_g01_c04.avi,Knitting,190,7.6,25.0,320,240,320x240,Knitting,Knitting
v_Knitting_g02_c01,Knitting\v_Knitting_g02_c01.avi,Knitting,233,9.32,25.0,320,240,320x240,Knitting,Knitting
v_Knitting_g02_c02,Knitting\v_Knitting_g02_c02.avi,Knitting,218,8.72,25.0,320,240,320x240,Knitting,Knitting
v_Knitting_g02_c03,Knitting\v_Knitting_g02_c03.avi,Knitting,258,10.32,25.0,320,240,320x240,Knitting,Knitting
v_Knitting_g02_c04,Knitting\v_Knitting_g02_c04.avi,Knitting,201,8.04,25.0,320,240,320x240,Knitting,Knitting
v_Knitting_g02_c05,Knitting\v_Knitting_g02_c05.avi,Knitting,240,9.6,25.0,320,240,320x240,Knitting,Knitting
v_Knitting_g03_c01,Knitting\v_Knitting_g03_c01.avi,Knitting,216,8.64,25.0,320,240,320x240,Knitting,Knitting
v_Knitting_g03_c02,Knitting\v_Knitting_g03_c02.avi,Knitting,244,9.76,25.0,320,240,320x240,Knitting,Knitting
v_Knitting_g03_c03,Knitting\v_Knitting_g03_c03.avi,Knitting,256,10.24,25.0,320,240,320x240,Knitting,Knitting
v_Knitting_g03_c04,Knitting\v_Knitting_g03_c04.avi,Knitting,236,9.44,25.0,320,240,320x240,Knitting,Knitting
v_Knitting_g03_c05,Knitting\v_Knitting_g03_c05.avi,Knitting,212,8.48,25.0,320,240,320x240,Knitting,Knitting
v_Knitting_g04_c01,Knitting\v_Knitting_g04_c01.avi,Knitting,222,8.88,25.0,320,240,320x240,Knitting,Knitting
v_Knitting_g04_c02,Knitting\v_Knitting_g04_c02.avi,Knitting,231,9.24,25.0,320,240,320x240,Knitting,Knitting
v_Knitting_g04_c03,Knitting\v_Knitting_g04_c03.avi,Knitting,226,9.04,25.0,320,240,320x240,Knitting,Knitting
v_Knitting_g04_c04,Knitting\v_Knitting_g04_c04.avi,Knitting,240,9.6,25.0,320,240,320x240,Knitting,Knitting
v_Knitting_g04_c05,Knitting\v_Knitting_g04_c05.avi,Knitting,220,8.8,25.0,320,240,320x240,Knitting,Knitting
v_Knitting_g04_c06,Knitting\v_Knitting_g04_c06.avi,Knitting,247,9.88,25.0,320,240,320x240,Knitting,Knitting
v_Knitting_g05_c01,Knitting\v_Knitting_g05_c01.avi,Knitting,253,10.12,25.0,320,240,320x240,Knitting,Knitting
v_Knitting_g05_c02,Knitting\v_Knitting_g05_c02.avi,Knitting,265,10.6,25.0,320,240,320x240,Knitting,Knitting
v_Knitting_g05_c03,Knitting\v_Knitting_g05_c03.avi,Knitting,263,10.52,25.0,320,240,320x240,Knitting,Knitting
v_Knitting_g05_c04,Knitting\v_Knitting_g05_c04.avi,Knitting,274,10.96,25.0,320,240,320x240,Knitting,Knitting
v_Knitting_g05_c05,Knitting\v_Knitting_g05_c05.avi,Knitting,246,9.84,25.0,320,240,320x240,Knitting,Knitting
v_Knitting_g06_c01,Knitting\v_Knitting_g06_c01.avi,Knitting,219,8.76,25.0,320,240,320x240,Knitting,Knitting
v_Knitting_g06_c02,Knitting\v_Knitting_g06_c02.avi,Knitting,286,11.44,25.0,320,240,320x240,Knitting,Knitting
v_Knitting_g06_c03,Knitting\v_Knitting_g06_c03.avi,Knitting,140,5.6,25.0,320,240,320x240,Knitting,Knitting
v_Knitting_g06_c04,Knitting\v_Knitting_g06_c04.avi,Knitting,110,4.4,25.0,320,240,320x240,Knitting,Knitting
v_Knitting_g07_c01,Knitting\v_Knitting_g07_c01.avi,Knitting,234,9.36,25.0,320,240,320x240,Knitting,Knitting
v_Knitting_g07_c02,Knitting\v_Knitting_g07_c02.avi,Knitting,246,9.84,25.0,320,240,320x240,Knitting,Knitting
v_Knitting_g07_c03,Knitting\v_Knitting_g07_c03.avi,Knitting,192,7.68,25.0,320,240,320x240,Knitting,Knitting
v_Knitting_g07_c04,Knitting\v_Knitting_g07_c04.avi,Knitting,172,6.88,25.0,320,240,320x240,Knitting,Knitting
v_Knitting_g07_c05,Knitting\v_Knitting_g07_c05.avi,Knitting,215,8.6,25.0,320,240,320x240,Knitting,Knitting
v_LongJump_g01_c01,LongJump\v_LongJump_g01_c01.avi,LongJump,143,5.72,25.0,320,240,320x240,LongJump,LongJump
v_LongJump_g01_c02,LongJump\v_LongJump_g01_c02.avi,LongJump,178,7.12,25.0,320,240,320x240,LongJump,LongJump
v_LongJump_g01_c03,LongJump\v_LongJump_g01_c03.avi,LongJump,142,5.68,25.0,320,240,320x240,LongJump,LongJump
v_LongJump_g01_c04,LongJump\v_LongJump_g01_c04.avi,LongJump,126,5.04,25.0,320,240,320x240,LongJump,LongJump
v_LongJump_g01_c05,LongJump\v_LongJump_g01_c05.avi,LongJump,153,6.12,25.0,320,240,320x240,LongJump,LongJump
v_LongJump_g01_c06,LongJump\v_LongJump_g01_c06.avi,LongJump,99,3.96,25.0,320,240,320x240,LongJump,LongJump
v_LongJump_g01_c07,LongJump\v_LongJump_g01_c07.avi,LongJump,123,4.92,25.0,320,240,320x240,LongJump,LongJump
v_LongJump_g02_c01,LongJump\v_LongJump_g02_c01.avi,LongJump,110,4.4,25.0,320,240,320x240,LongJump,LongJump
v_LongJump_g02_c02,LongJump\v_LongJump_g02_c02.avi,LongJump,116,4.64,25.0,320,240,320x240,LongJump,LongJump
v_LongJump_g02_c03,LongJump\v_LongJump_g02_c03.avi,LongJump,146,5.84,25.0,320,240,320x240,LongJump,ThrowDiscus
v_LongJump_g02_c04,LongJump\v_LongJump_g02_c04.avi,LongJump,116,4.64,25.0,320,240,320x240,LongJump,LongJump
v_LongJump_g02_c05,LongJump\v_LongJump_g02_c05.avi,LongJump,85,3.4,25.0,320,240,320x240,LongJump,ThrowDiscus
v_LongJump_g03_c01,LongJump\v_LongJump_g03_c01.avi,LongJump,74,2.96,25.0,320,240,320x240,HammerThrow,LongJump
v_LongJump_g03_c02,LongJump\v_LongJump_g03_c02.avi,LongJump,90,3.6,25.0,320,240,320x240,HammerThrow,HammerThrow
v_LongJump_g03_c03,LongJump\v_LongJump_g03_c03.avi,LongJump,108,4.32,25.0,320,240,320x240,HammerThrow,LongJump
v_LongJump_g03_c04,LongJump\v_LongJump_g03_c04.avi,LongJump,94,3.76,25.0,320,240,320x240,LongJump,HammerThrow
v_LongJump_g03_c05,LongJump\v_LongJump_g03_c05.avi,LongJump,109,4.36,25.0,320,240,320x240,HammerThrow,HammerThrow
v_LongJump_g03_c06,LongJump\v_LongJump_g03_c06.avi,LongJump,97,3.88,25.0,320,240,320x240,LongJump,LongJump
v_LongJump_g04_c01,LongJump\v_LongJump_g04_c01.avi,LongJump,116,4.64,25.0,320,240,320x240,LongJump,LongJump
v_LongJump_g04_c02,LongJump\v_LongJump_g04_c02.avi,LongJump,141,5.64,25.0,320,240,320x240,LongJump,LongJump
v_LongJump_g04_c03,LongJump\v_LongJump_g04_c03.avi,LongJump,141,5.64,25.0,320,240,320x240,LongJump,LongJump
v_LongJump_g04_c04,LongJump\v_LongJump_g04_c04.avi,LongJump,125,5.0,25.0,320,240,320x240,LongJump,JavelinThrow
v_LongJump_g04_c05,LongJump\v_LongJump_g04_c05.avi,LongJump,117,4.68,25.0,320,240,320x240,LongJump,LongJump
v_LongJump_g04_c06,LongJump\v_LongJump_g04_c06.avi,LongJump,150,6.0,25.0,320,240,320x240,LongJump,LongJump
v_LongJump_g04_c07,LongJump\v_LongJump_g04_c07.avi,LongJump,118,4.72,25.0,320,240,320x240,LongJump,LongJump
v_LongJump_g05_c01,LongJump\v_LongJump_g05_c01.avi,LongJump,111,4.44,25.0,320,240,320x240,HammerThrow,LongJump
v_LongJump_g05_c02,LongJump\v_LongJump_g05_c02.avi,LongJump,92,3.68,25.0,320,240,320x240,PoleVault,LongJump
v_LongJump_g05_c03,LongJump\v_LongJump_g05_c03.avi,LongJump,134,5.36,25.0,320,240,320x240,PoleVault,LongJump
v_LongJump_g05_c04,LongJump\v_LongJump_g05_c04.avi,LongJump,132,5.28,25.0,320,240,320x240,HighJump,LongJump
v_LongJump_g05_c05,LongJump\v_LongJump_g05_c05.avi,LongJump,146,5.84,25.0,320,240,320x240,PoleVault,LongJump
v_LongJump_g06_c01,LongJump\v_LongJump_g06_c01.avi,LongJump,86,3.44,25.0,320,240,320x240,LongJump,LongJump
v_LongJump_g06_c02,LongJump\v_LongJump_g06_c02.avi,LongJump,81,3.24,25.0,320,240,320x240,LongJump,LongJump
v_LongJump_g06_c03,LongJump\v_LongJump_g06_c03.avi,LongJump,136,5.44,25.0,320,240,320x240,LongJump,JavelinThrow
v_LongJump_g06_c04,LongJump\v_LongJump_g06_c04.avi,LongJump,126,5.04,25.0,320,240,320x240,LongJump,ThrowDiscus
v_LongJump_g07_c01,LongJump\v_LongJump_g07_c01.avi,LongJump,123,4.92,25.0,320,240,320x240,LongJump,LongJump
v_LongJump_g07_c02,LongJump\v_LongJump_g07_c02.avi,LongJump,171,6.84,25.0,320,240,320x240,LongJump,LongJump
v_LongJump_g07_c03,LongJump\v_LongJump_g07_c03.avi,LongJump,102,4.08,25.0,320,240,320x240,HighJump,HighJump
v_LongJump_g07_c04,LongJump\v_LongJump_g07_c04.avi,LongJump,82,3.28,25.0,320,240,320x240,LongJump,LongJump
v_LongJump_g07_c05,LongJump\v_LongJump_g07_c05.avi,LongJump,118,4.72,25.0,320,240,320x240,LongJump,LongJump
v_Lunges_g01_c01,Lunges\v_Lunges_g01_c01.avi,Lunges,262,10.48,25.0,320,240,320x240,BodyWeightSquats,BodyWeightSquats
v_Lunges_g01_c02,Lunges\v_Lunges_g01_c02.avi,Lunges,235,9.4,25.0,320,240,320x240,BenchPress,Lunges
v_Lunges_g01_c03,Lunges\v_Lunges_g01_c03.avi,Lunges,226,9.04,25.0,320,240,320x240,Lunges,Lunges
v_Lunges_g01_c04,Lunges\v_Lunges_g01_c04.avi,Lunges,271,10.84,25.0,320,240,320x240,Lunges,Lunges
v_Lunges_g01_c05,Lunges\v_Lunges_g01_c05.avi,Lunges,253,10.12,25.0,320,240,320x240,Lunges,Lunges
v_Lunges_g01_c06,Lunges\v_Lunges_g01_c06.avi,Lunges,262,10.48,25.0,320,240,320x240,BodyWeightSquats,BoxingSpeedBag
v_Lunges_g01_c07,Lunges\v_Lunges_g01_c07.avi,Lunges,235,9.4,25.0,320,240,320x240,Lunges,Lunges
v_Lunges_g02_c01,Lunges\v_Lunges_g02_c01.avi,Lunges,165,6.6,25.0,320,240,320x240,CleanAndJerk,CleanAndJerk
v_Lunges_g02_c02,Lunges\v_Lunges_g02_c02.avi,Lunges,168,6.72,25.0,320,240,320x240,CleanAndJerk,CleanAndJerk
v_Lunges_g02_c03,Lunges\v_Lunges_g02_c03.avi,Lunges,158,6.32,25.0,320,240,320x240,CleanAndJerk,CleanAndJerk
v_Lunges_g02_c04,Lunges\v_Lunges_g02_c04.avi,Lunges,177,7.08,25.0,320,240,320x240,CleanAndJerk,CleanAndJerk
v_Lunges_g03_c01,Lunges\v_Lunges_g03_c01.avi,Lunges,254,10.16,25.0,320,240,320x240,CleanAndJerk,CleanAndJerk
v_Lunges_g03_c02,Lunges\v_Lunges_g03_c02.avi,Lunges,248,9.92,25.0,320,240,320x240,CleanAndJerk,BoxingSpeedBag
v_Lunges_g03_c03,Lunges\v_Lunges_g03_c03.avi,Lunges,235,9.4,25.0,320,240,320x240,CleanAndJerk,BoxingSpeedBag
v_Lunges_g03_c04,Lunges\v_Lunges_g03_c04.avi,Lunges,252,10.08,25.0,320,240,320x240,CleanAndJerk,CleanAndJerk
v_Lunges_g04_c01,Lunges\v_Lunges_g04_c01.avi,Lunges,262,10.48,25.0,320,240,320x240,CleanAndJerk,CleanAndJerk
v_Lunges_g04_c02,Lunges\v_Lunges_g04_c02.avi,Lunges,260,10.4,25.0,320,240,320x240,CleanAndJerk,CleanAndJerk
v_Lunges_g04_c03,Lunges\v_Lunges_g04_c03.avi,Lunges,248,9.92,25.0,320,240,320x240,CleanAndJerk,CleanAndJerk
v_Lunges_g04_c04,Lunges\v_Lunges_g04_c04.avi,Lunges,184,7.36,25.0,320,240,320x240,CleanAndJerk,CleanAndJerk
v_Lunges_g05_c01,Lunges\v_Lunges_g05_c01.avi,Lunges,239,9.56,25.0,320,240,320x240,TennisSwing,TennisSwing
v_Lunges_g05_c02,Lunges\v_Lunges_g05_c02.avi,Lunges,255,10.2,25.0,320,240,320x240,TennisSwing,ThrowDiscus
v_Lunges_g05_c03,Lunges\v_Lunges_g05_c03.avi,Lunges,217,8.68,25.0,320,240,320x240,TennisSwing,TennisSwing
v_Lunges_g05_c04,Lunges\v_Lunges_g05_c04.avi,Lunges,198,7.92,25.0,320,240,320x240,TennisSwing,TennisSwing
v_Lunges_g06_c01,Lunges\v_Lunges_g06_c01.avi,Lunges,255,10.2,25.0,320,240,320x240,Lunges,Lunges
v_Lunges_g06_c02,Lunges\v_Lunges_g06_c02.avi,Lunges,235,9.4,25.0,320,240,320x240,Lunges,Lunges
v_Lunges_g06_c03,Lunges\v_Lunges_g06_c03.avi,Lunges,256,10.24,25.0,320,240,320x240,Lunges,Lunges
v_Lunges_g06_c04,Lunges\v_Lunges_g06_c04.avi,Lunges,266,10.64,25.0,320,240,320x240,Lunges,Lunges
v_Lunges_g06_c05,Lunges\v_Lunges_g06_c05.avi,Lunges,255,10.2,25.0,320,240,320x240,Lunges,JumpRope
v_Lunges_g06_c06,Lunges\v_Lunges_g06_c06.avi,Lunges,255,10.2,25.0,320,240,320x240,Lunges,Lunges
v_Lunges_g06_c07,Lunges\v_Lunges_g06_c07.avi,Lunges,262,10.48,25.0,320,240,320x240,Lunges,Lunges
v_Lunges_g07_c01,Lunges\v_Lunges_g07_c01.avi,Lunges,249,9.96,25.0,320,240,320x240,TennisSwing,HulaHoop
v_Lunges_g07_c02,Lunges\v_Lunges_g07_c02.avi,Lunges,246,9.84,25.0,320,240,320x240,TennisSwing,HulaHoop
v_Lunges_g07_c03,Lunges\v_Lunges_g07_c03.avi,Lunges,246,9.84,25.0,320,240,320x240,TennisSwing,HulaHoop
v_Lunges_g07_c04,Lunges\v_Lunges_g07_c04.avi,Lunges,265,10.6,25.0,320,240,320x240,SoccerJuggling,HulaHoop
v_Lunges_g07_c05,Lunges\v_Lunges_g07_c05.avi,Lunges,238,9.52,25.0,320,240,320x240,SoccerJuggling,FrisbeeCatch
v_Lunges_g07_c06,Lunges\v_Lunges_g07_c06.avi,Lunges,251,10.04,25.0,320,240,320x240,SoccerJuggling,HulaHoop
v_Lunges_g07_c07,Lunges\v_Lunges_g07_c07.avi,Lunges,254,10.16,25.0,320,240,320x240,SoccerJuggling,FrisbeeCatch
v_MilitaryParade_g01_c01,MilitaryParade\v_MilitaryParade_g01_c01.avi,MilitaryParade,128,5.12,25.0,320,240,320x240,MilitaryParade,MilitaryParade
v_MilitaryParade_g01_c02,MilitaryParade\v_MilitaryParade_g01_c02.avi,MilitaryParade,127,5.08,25.0,320,240,320x240,MilitaryParade,MilitaryParade
v_MilitaryParade_g01_c03,MilitaryParade\v_MilitaryParade_g01_c03.avi,MilitaryParade,121,4.84,25.0,320,240,320x240,MilitaryParade,MilitaryParade
v_MilitaryParade_g01_c04,MilitaryParade\v_MilitaryParade_g01_c04.avi,MilitaryParade,118,4.72,25.0,320,240,320x240,MilitaryParade,MilitaryParade
v_MilitaryParade_g01_c05,MilitaryParade\v_MilitaryParade_g01_c05.avi,MilitaryParade,149,5.96,25.0,320,240,320x240,MilitaryParade,MilitaryParade
v_MilitaryParade_g01_c06,MilitaryParade\v_MilitaryParade_g01_c06.avi,MilitaryParade,136,5.44,25.0,320,240,320x240,MilitaryParade,MilitaryParade
v_MilitaryParade_g01_c07,MilitaryParade\v_MilitaryParade_g01_c07.avi,MilitaryParade,141,5.64,25.0,320,240,320x240,MilitaryParade,MilitaryParade
v_MilitaryParade_g02_c01,MilitaryParade\v_MilitaryParade_g02_c01.avi,MilitaryParade,93,3.72,25.0,320,240,320x240,MilitaryParade,MilitaryParade
v_MilitaryParade_g02_c02,MilitaryParade\v_MilitaryParade_g02_c02.avi,MilitaryParade,128,5.12,25.0,320,240,320x240,MilitaryParade,MilitaryParade
v_MilitaryParade_g02_c03,MilitaryParade\v_MilitaryParade_g02_c03.avi,MilitaryParade,112,4.48,25.0,320,240,320x240,MilitaryParade,MilitaryParade
v_MilitaryParade_g02_c04,MilitaryParade\v_MilitaryParade_g02_c04.avi,MilitaryParade,119,4.76,25.0,320,240,320x240,MilitaryParade,MilitaryParade
v_MilitaryParade_g03_c01,MilitaryParade\v_MilitaryParade_g03_c01.avi,MilitaryParade,108,4.32,25.0,320,240,320x240,MilitaryParade,MilitaryParade
v_MilitaryParade_g03_c02,MilitaryParade\v_MilitaryParade_g03_c02.avi,MilitaryParade,112,4.48,25.0,320,240,320x240,MilitaryParade,MilitaryParade
v_MilitaryParade_g03_c03,MilitaryParade\v_MilitaryParade_g03_c03.avi,MilitaryParade,93,3.72,25.0,320,240,320x240,MilitaryParade,MilitaryParade
v_MilitaryParade_g03_c04,MilitaryParade\v_MilitaryParade_g03_c04.avi,MilitaryParade,112,4.48,25.0,320,240,320x240,MilitaryParade,MilitaryParade
v_MilitaryParade_g04_c01,MilitaryParade\v_MilitaryParade_g04_c01.avi,MilitaryParade,137,5.48,25.0,320,240,320x240,MilitaryParade,BandMarching
v_MilitaryParade_g04_c02,MilitaryParade\v_MilitaryParade_g04_c02.avi,MilitaryParade,89,3.56,25.0,320,240,320x240,MilitaryParade,BandMarching
v_MilitaryParade_g04_c03,MilitaryParade\v_MilitaryParade_g04_c03.avi,MilitaryParade,151,6.04,25.0,320,240,320x240,MilitaryParade,BandMarching
v_MilitaryParade_g04_c04,MilitaryParade\v_MilitaryParade_g04_c04.avi,MilitaryParade,89,3.56,25.0,320,240,320x240,MilitaryParade,MilitaryParade
v_MilitaryParade_g05_c01,MilitaryParade\v_MilitaryParade_g05_c01.avi,MilitaryParade,93,3.72,25.0,320,240,320x240,MilitaryParade,MilitaryParade
v_MilitaryParade_g05_c02,MilitaryParade\v_MilitaryParade_g05_c02.avi,MilitaryParade,110,4.4,25.0,320,240,320x240,MilitaryParade,MilitaryParade
v_MilitaryParade_g05_c03,MilitaryParade\v_MilitaryParade_g05_c03.avi,MilitaryParade,85,3.4,25.0,320,240,320x240,MilitaryParade,MilitaryParade
v_MilitaryParade_g05_c04,MilitaryParade\v_MilitaryParade_g05_c04.avi,MilitaryParade,105,4.2,25.0,320,240,320x240,MilitaryParade,BandMarching
v_MilitaryParade_g06_c01,MilitaryParade\v_MilitaryParade_g06_c01.avi,MilitaryParade,144,5.76,25.0,320,240,320x240,MilitaryParade,MilitaryParade
v_MilitaryParade_g06_c02,MilitaryParade\v_MilitaryParade_g06_c02.avi,MilitaryParade,111,4.44,25.0,320,240,320x240,MilitaryParade,MilitaryParade
v_MilitaryParade_g06_c03,MilitaryParade\v_MilitaryParade_g06_c03.avi,MilitaryParade,117,4.68,25.0,320,240,320x240,MilitaryParade,MilitaryParade
v_MilitaryParade_g06_c04,MilitaryParade\v_MilitaryParade_g06_c04.avi,MilitaryParade,124,4.96,25.0,320,240,320x240,MilitaryParade,MilitaryParade
v_MilitaryParade_g07_c01,MilitaryParade\v_MilitaryParade_g07_c01.avi,MilitaryParade,109,4.36,25.0,320,240,320x240,MilitaryParade,MilitaryParade
v_MilitaryParade_g07_c02,MilitaryParade\v_MilitaryParade_g07_c02.avi,MilitaryParade,144,5.76,25.0,320,240,320x240,MilitaryParade,MilitaryParade
v_MilitaryParade_g07_c03,MilitaryParade\v_MilitaryParade_g07_c03.avi,MilitaryParade,143,5.72,25.0,320,240,320x240,MilitaryParade,MilitaryParade
v_MilitaryParade_g07_c04,MilitaryParade\v_MilitaryParade_g07_c04.avi,MilitaryParade,156,6.24,25.0,320,240,320x240,MilitaryParade,MilitaryParade
v_MilitaryParade_g07_c05,MilitaryParade\v_MilitaryParade_g07_c05.avi,MilitaryParade,148,5.92,25.0,320,240,320x240,MilitaryParade,MilitaryParade
v_MilitaryParade_g07_c06,MilitaryParade\v_MilitaryParade_g07_c06.avi,MilitaryParade,140,5.6,25.0,320,240,320x240,MilitaryParade,MilitaryParade
v_Mixing_g01_c01,Mixing\v_Mixing_g01_c01.avi,Mixing,105,4.2,25.0,320,240,320x240,CuttingInKitchen,Mixing
v_Mixing_g01_c02,Mixing\v_Mixing_g01_c02.avi,Mixing,126,5.04,25.0,320,240,320x240,CuttingInKitchen,Mixing
v_Mixing_g01_c03,Mixing\v_Mixing_g01_c03.avi,Mixing,142,5.68,25.0,320,240,320x240,CuttingInKitchen,Mixing
v_Mixing_g01_c04,Mixing\v_Mixing_g01_c04.avi,Mixing,121,4.84,25.0,320,240,320x240,CuttingInKitchen,PizzaTossing
v_Mixing_g01_c05,Mixing\v_Mixing_g01_c05.avi,Mixing,110,4.4,25.0,320,240,320x240,CuttingInKitchen,PizzaTossing
v_Mixing_g01_c06,Mixing\v_Mixing_g01_c06.avi,Mixing,158,6.32,25.0,320,240,320x240,CuttingInKitchen,PizzaTossing
v_Mixing_g01_c07,Mixing\v_Mixing_g01_c07.avi,Mixing,124,4.96,25.0,320,240,320x240,CuttingInKitchen,Mixing
v_Mixing_g02_c01,Mixing\v_Mixing_g02_c01.avi,Mixing,103,4.12,25.0,320,240,320x240,CuttingInKitchen,PizzaTossing
v_Mixing_g02_c02,Mixing\v_Mixing_g02_c02.avi,Mixing,105,4.2,25.0,320,240,320x240,CuttingInKitchen,PizzaTossing
v_Mixing_g02_c03,Mixing\v_Mixing_g02_c03.avi,Mixing,165,6.6,25.0,320,240,320x240,CuttingInKitchen,Mixing
v_Mixing_g02_c04,Mixing\v_Mixing_g02_c04.avi,Mixing,165,6.6,25.0,320,240,320x240,CuttingInKitchen,Mixing
v_Mixing_g02_c05,Mixing\v_Mixing_g02_c05.avi,Mixing,148,5.92,25.0,320,240,320x240,CuttingInKitchen,Mixing
v_Mixing_g02_c06,Mixing\v_Mixing_g02_c06.avi,Mixing,108,4.32,25.0,320,240,320x240,CuttingInKitchen,Mixing
v_Mixing_g03_c01,Mixing\v_Mixing_g03_c01.avi,Mixing,159,6.36,25.0,320,240,320x240,CuttingInKitchen,PizzaTossing
v_Mixing_g03_c02,Mixing\v_Mixing_g03_c02.avi,Mixing,128,5.12,25.0,320,240,320x240,CuttingInKitchen,PizzaTossing
v_Mixing_g03_c03,Mixing\v_Mixing_g03_c03.avi,Mixing,135,5.4,25.0,320,240,320x240,CuttingInKitchen,PizzaTossing
v_Mixing_g03_c04,Mixing\v_Mixing_g03_c04.avi,Mixing,134,5.36,25.0,320,240,320x240,CuttingInKitchen,PizzaTossing
v_Mixing_g03_c05,Mixing\v_Mixing_g03_c05.avi,Mixing,121,4.84,25.0,320,240,320x240,CuttingInKitchen,PizzaTossing
v_Mixing_g03_c06,Mixing\v_Mixing_g03_c06.avi,Mixing,133,5.32,25.0,320,240,320x240,CuttingInKitchen,PizzaTossing
v_Mixing_g03_c07,Mixing\v_Mixing_g03_c07.avi,Mixing,153,6.12,25.0,320,240,320x240,CuttingInKitchen,PizzaTossing
v_Mixing_g04_c01,Mixing\v_Mixing_g04_c01.avi,Mixing,141,5.64,25.0,320,240,320x240,CuttingInKitchen,Mixing
v_Mixing_g04_c02,Mixing\v_Mixing_g04_c02.avi,Mixing,104,4.16,25.0,320,240,320x240,CuttingInKitchen,Mixing
v_Mixing_g04_c03,Mixing\v_Mixing_g04_c03.avi,Mixing,124,4.96,25.0,320,240,320x240,CuttingInKitchen,Mixing
v_Mixing_g04_c04,Mixing\v_Mixing_g04_c04.avi,Mixing,109,4.36,25.0,320,240,320x240,CuttingInKitchen,Mixing
v_Mixing_g04_c05,Mixing\v_Mixing_g04_c05.avi,Mixing,111,4.44,25.0,320,240,320x240,CuttingInKitchen,Mixing
v_Mixing_g04_c06,Mixing\v_Mixing_g04_c06.avi,Mixing,146,5.84,25.0,320,240,320x240,CuttingInKitchen,Mixing
v_Mixing_g04_c07,Mixing\v_Mixing_g04_c07.avi,Mixing,122,4.88,25.0,320,240,320x240,CuttingInKitchen,Mixing
v_Mixing_g05_c01,Mixing\v_Mixing_g05_c01.avi,Mixing,126,5.04,25.0,320,240,320x240,CuttingInKitchen,PizzaTossing
v_Mixing_g05_c02,Mixing\v_Mixing_g05_c02.avi,Mixing,110,4.4,25.0,320,240,320x240,CuttingInKitchen,PizzaTossing
v_Mixing_g05_c03,Mixing\v_Mixing_g05_c03.avi,Mixing,124,4.96,25.0,320,240,320x240,CuttingInKitchen,PizzaTossing
v_Mixing_g05_c04,Mixing\v_Mixing_g05_c04.avi,Mixing,118,4.72,25.0,320,240,320x240,CuttingInKitchen,PizzaTossing
v_Mixing_g05_c05,Mixing\v_Mixing_g05_c05.avi,Mixing,130,5.2,25.0,320,240,320x240,CuttingInKitchen,PizzaTossing
v_Mixing_g05_c06,Mixing\v_Mixing_g05_c06.avi,Mixing,127,5.08,25.0,320,240,320x240,CuttingInKitchen,PizzaTossing
v_Mixing_g05_c07,Mixing\v_Mixing_g05_c07.avi,Mixing,110,4.4,25.0,320,240,320x240,CuttingInKitchen,PizzaTossing
v_Mixing_g06_c01,Mixing\v_Mixing_g06_c01.avi,Mixing,139,5.56,25.0,320,240,320x240,CuttingInKitchen,PizzaTossing
v_Mixing_g06_c02,Mixing\v_Mixing_g06_c02.avi,Mixing,103,4.12,25.0,320,240,320x240,CuttingInKitchen,Mixing
v_Mixing_g06_c03,Mixing\v_Mixing_g06_c03.avi,Mixing,121,4.84,25.0,320,240,320x240,CuttingInKitchen,PizzaTossing
v_Mixing_g06_c04,Mixing\v_Mixing_g06_c04.avi,Mixing,107,4.28,25.0,320,240,320x240,CuttingInKitchen,PizzaTossing
v_Mixing_g06_c05,Mixing\v_Mixing_g06_c05.avi,Mixing,141,5.64,25.0,320,240,320x240,CuttingInKitchen,PizzaTossing
v_Mixing_g06_c06,Mixing\v_Mixing_g06_c06.avi,Mixing,107,4.28,25.0,320,240,320x240,CuttingInKitchen,PizzaTossing
v_Mixing_g07_c01,Mixing\v_Mixing_g07_c01.avi,Mixing,115,4.6,25.0,320,240,320x240,CuttingInKitchen,CuttingInKitchen
v_Mixing_g07_c02,Mixing\v_Mixing_g07_c02.avi,Mixing,101,4.04,25.0,320,240,320x240,CuttingInKitchen,CuttingInKitchen
v_Mixing_g07_c03,Mixing\v_Mixing_g07_c03.avi,Mixing,129,5.16,25.0,320,240,320x240,CuttingInKitchen,PizzaTossing
v_Mixing_g07_c04,Mixing\v_Mixing_g07_c04.avi,Mixing,130,5.2,25.0,320,240,320x240,CuttingInKitchen,CuttingInKitchen
v_Mixing_g07_c05,Mixing\v_Mixing_g07_c05.avi,Mixing,130,5.2,25.0,320,240,320x240,CuttingInKitchen,PizzaTossing
v_MoppingFloor_g01_c01,MoppingFloor\v_MoppingFloor_g01_c01.avi,MoppingFloor,160,6.4,25.0,320,240,320x240,MoppingFloor,MoppingFloor
v_MoppingFloor_g01_c02,MoppingFloor\v_MoppingFloor_g01_c02.avi,MoppingFloor,160,6.4,25.0,320,240,320x240,MoppingFloor,MoppingFloor
v_MoppingFloor_g01_c03,MoppingFloor\v_MoppingFloor_g01_c03.avi,MoppingFloor,160,6.4,25.0,320,240,320x240,MoppingFloor,MoppingFloor
v_MoppingFloor_g01_c04,MoppingFloor\v_MoppingFloor_g01_c04.avi,MoppingFloor,137,5.48,25.0,320,240,320x240,MoppingFloor,MoppingFloor
v_MoppingFloor_g02_c01,MoppingFloor\v_MoppingFloor_g02_c01.avi,MoppingFloor,165,6.6,25.0,320,240,320x240,MoppingFloor,MoppingFloor
v_MoppingFloor_g02_c02,MoppingFloor\v_MoppingFloor_g02_c02.avi,MoppingFloor,175,7.0,25.0,320,240,320x240,MoppingFloor,MoppingFloor
v_MoppingFloor_g02_c03,MoppingFloor\v_MoppingFloor_g02_c03.avi,MoppingFloor,143,5.72,25.0,320,240,320x240,MoppingFloor,MoppingFloor
v_MoppingFloor_g02_c04,MoppingFloor\v_MoppingFloor_g02_c04.avi,MoppingFloor,137,5.48,25.0,320,240,320x240,MoppingFloor,MoppingFloor
v_MoppingFloor_g02_c05,MoppingFloor\v_MoppingFloor_g02_c05.avi,MoppingFloor,158,6.32,25.0,320,240,320x240,MoppingFloor,MoppingFloor
v_MoppingFloor_g02_c06,MoppingFloor\v_MoppingFloor_g02_c06.avi,MoppingFloor,134,5.36,25.0,320,240,320x240,MoppingFloor,MoppingFloor
v_MoppingFloor_g03_c01,MoppingFloor\v_MoppingFloor_g03_c01.avi,MoppingFloor,116,4.64,25.0,320,240,320x240,MoppingFloor,MoppingFloor
v_MoppingFloor_g03_c02,MoppingFloor\v_MoppingFloor_g03_c02.avi,MoppingFloor,167,6.68,25.0,320,240,320x240,MoppingFloor,MoppingFloor
v_MoppingFloor_g03_c03,MoppingFloor\v_MoppingFloor_g03_c03.avi,MoppingFloor,146,5.84,25.0,320,240,320x240,MoppingFloor,MoppingFloor
v_MoppingFloor_g03_c04,MoppingFloor\v_MoppingFloor_g03_c04.avi,MoppingFloor,125,5.0,25.0,320,240,320x240,MoppingFloor,MoppingFloor
v_MoppingFloor_g04_c01,MoppingFloor\v_MoppingFloor_g04_c01.avi,MoppingFloor,244,9.76,25.0,320,240,320x240,MoppingFloor,MoppingFloor
v_MoppingFloor_g04_c02,MoppingFloor\v_MoppingFloor_g04_c02.avi,MoppingFloor,290,11.6,25.0,320,240,320x240,MoppingFloor,MoppingFloor
v_MoppingFloor_g04_c03,MoppingFloor\v_MoppingFloor_g04_c03.avi,MoppingFloor,304,12.16,25.0,320,240,320x240,HulaHoop,MoppingFloor
v_MoppingFloor_g04_c04,MoppingFloor\v_MoppingFloor_g04_c04.avi,MoppingFloor,299,11.96,25.0,320,240,320x240,HulaHoop,MoppingFloor
v_MoppingFloor_g04_c05,MoppingFloor\v_MoppingFloor_g04_c05.avi,MoppingFloor,280,11.2,25.0,320,240,320x240,MoppingFloor,MoppingFloor
v_MoppingFloor_g04_c06,MoppingFloor\v_MoppingFloor_g04_c06.avi,MoppingFloor,306,12.24,25.0,320,240,320x240,MoppingFloor,MoppingFloor
v_MoppingFloor_g05_c01,MoppingFloor\v_MoppingFloor_g05_c01.avi,MoppingFloor,286,11.44,25.0,320,240,320x240,MoppingFloor,MoppingFloor
v_MoppingFloor_g05_c02,MoppingFloor\v_MoppingFloor_g05_c02.avi,MoppingFloor,290,11.6,25.0,320,240,320x240,MoppingFloor,MoppingFloor
v_MoppingFloor_g05_c03,MoppingFloor\v_MoppingFloor_g05_c03.avi,MoppingFloor,305,12.2,25.0,320,240,320x240,MoppingFloor,MoppingFloor
v_MoppingFloor_g05_c04,MoppingFloor\v_MoppingFloor_g05_c04.avi,MoppingFloor,293,11.72,25.0,320,240,320x240,MoppingFloor,MoppingFloor
v_MoppingFloor_g05_c05,MoppingFloor\v_MoppingFloor_g05_c05.avi,MoppingFloor,183,7.32,25.0,320,240,320x240,BabyCrawling,BabyCrawling
v_MoppingFloor_g06_c01,MoppingFloor\v_MoppingFloor_g06_c01.avi,MoppingFloor,100,4.0,25.0,320,240,320x240,MoppingFloor,MoppingFloor
v_MoppingFloor_g06_c02,MoppingFloor\v_MoppingFloor_g06_c02.avi,MoppingFloor,225,9.0,25.0,320,240,320x240,MoppingFloor,MoppingFloor
v_MoppingFloor_g06_c03,MoppingFloor\v_MoppingFloor_g06_c03.avi,MoppingFloor,223,8.92,25.0,320,240,320x240,MoppingFloor,MoppingFloor
v_MoppingFloor_g06_c04,MoppingFloor\v_MoppingFloor_g06_c04.avi,MoppingFloor,123,4.92,25.0,320,240,320x240,MoppingFloor,MoppingFloor
v_MoppingFloor_g07_c01,MoppingFloor\v_MoppingFloor_g07_c01.avi,MoppingFloor,158,6.32,25.0,320,240,320x240,MoppingFloor,MoppingFloor
v_MoppingFloor_g07_c02,MoppingFloor\v_MoppingFloor_g07_c02.avi,MoppingFloor,145,5.8,25.0,320,240,320x240,MoppingFloor,MoppingFloor
v_MoppingFloor_g07_c03,MoppingFloor\v_MoppingFloor_g07_c03.avi,MoppingFloor,108,4.32,25.0,320,240,320x240,MoppingFloor,MoppingFloor
v_MoppingFloor_g07_c04,MoppingFloor\v_MoppingFloor_g07_c04.avi,MoppingFloor,204,8.16,25.0,320,240,320x240,MoppingFloor,MoppingFloor
v_MoppingFloor_g07_c05,MoppingFloor\v_MoppingFloor_g07_c05.avi,MoppingFloor,126,5.04,25.0,320,240,320x240,MoppingFloor,MoppingFloor
v_Nunchucks_g01_c01,Nunchucks\v_Nunchucks_g01_c01.avi,Nunchucks,265,10.6,25.0,320,240,320x240,FrisbeeCatch,FrisbeeCatch
v_Nunchucks_g01_c02,Nunchucks\v_Nunchucks_g01_c02.avi,Nunchucks,261,10.44,25.0,320,240,320x240,FrisbeeCatch,FrisbeeCatch
v_Nunchucks_g01_c03,Nunchucks\v_Nunchucks_g01_c03.avi,Nunchucks,235,9.4,25.0,320,240,320x240,FrisbeeCatch,FrisbeeCatch
v_Nunchucks_g01_c04,Nunchucks\v_Nunchucks_g01_c04.avi,Nunchucks,230,9.2,25.0,320,240,320x240,FrisbeeCatch,FrisbeeCatch
v_Nunchucks_g02_c01,Nunchucks\v_Nunchucks_g02_c01.avi,Nunchucks,292,11.68,25.0,320,240,320x240,JumpRope,Nunchucks
v_Nunchucks_g02_c02,Nunchucks\v_Nunchucks_g02_c02.avi,Nunchucks,236,9.44,25.0,320,240,320x240,JumpRope,Nunchucks
v_Nunchucks_g02_c03,Nunchucks\v_Nunchucks_g02_c03.avi,Nunchucks,277,11.08,25.0,320,240,320x240,JumpRope,Nunchucks
v_Nunchucks_g02_c04,Nunchucks\v_Nunchucks_g02_c04.avi,Nunchucks,245,9.8,25.0,320,240,320x240,HulaHoop,YoYo
v_Nunchucks_g02_c05,Nunchucks\v_Nunchucks_g02_c05.avi,Nunchucks,292,11.68,25.0,320,240,320x240,HulaHoop,YoYo
v_Nunchucks_g02_c06,Nunchucks\v_Nunchucks_g02_c06.avi,Nunchucks,297,11.88,25.0,320,240,320x240,HulaHoop,YoYo
v_Nunchucks_g03_c01,Nunchucks\v_Nunchucks_g03_c01.avi,Nunchucks,252,10.08,25.0,320,240,320x240,HammerThrow,FrisbeeCatch
v_Nunchucks_g03_c02,Nunchucks\v_Nunchucks_g03_c02.avi,Nunchucks,251,10.04,25.0,320,240,320x240,HammerThrow,FrisbeeCatch
v_Nunchucks_g03_c03,Nunchucks\v_Nunchucks_g03_c03.avi,Nunchucks,251,10.04,25.0,320,240,320x240,ThrowDiscus,FrisbeeCatch
v_Nunchucks_g03_c04,Nunchucks\v_Nunchucks_g03_c04.avi,Nunchucks,250,10.0,25.0,320,240,320x240,GolfSwing,FrisbeeCatch
v_Nunchucks_g03_c05,Nunchucks\v_Nunchucks_g03_c05.avi,Nunchucks,252,10.08,25.0,320,240,320x240,GolfSwing,FrisbeeCatch
v_Nunchucks_g03_c06,Nunchucks\v_Nunchucks_g03_c06.avi,Nunchucks,251,10.04,25.0,320,240,320x240,GolfSwing,FrisbeeCatch
v_Nunchucks_g03_c07,Nunchucks\v_Nunchucks_g03_c07.avi,Nunchucks,244,9.76,25.0,320,240,320x240,SoccerJuggling,JugglingBalls
v_Nunchucks_g04_c01,Nunchucks\v_Nunchucks_g04_c01.avi,Nunchucks,261,10.44,25.0,320,240,320x240,JumpRope,Nunchucks
v_Nunchucks_g04_c02,Nunchucks\v_Nunchucks_g04_c02.avi,Nunchucks,261,10.44,25.0,320,240,320x240,Nunchucks,Nunchucks
v_Nunchucks_g04_c03,Nunchucks\v_Nunchucks_g04_c03.avi,Nunchucks,258,10.32,25.0,320,240,320x240,Nunchucks,Nunchucks
v_Nunchucks_g04_c04,Nunchucks\v_Nunchucks_g04_c04.avi,Nunchucks,258,10.32,25.0,320,240,320x240,Nunchucks,Nunchucks
v_Nunchucks_g04_c05,Nunchucks\v_Nunchucks_g04_c05.avi,Nunchucks,268,10.72,25.0,320,240,320x240,JumpRope,Nunchucks
v_Nunchucks_g04_c06,Nunchucks\v_Nunchucks_g04_c06.avi,Nunchucks,251,10.04,25.0,320,240,320x240,JumpRope,Nunchucks
v_Nunchucks_g05_c01,Nunchucks\v_Nunchucks_g05_c01.avi,Nunchucks,226,9.04,25.0,320,240,320x240,Nunchucks,Nunchucks
v_Nunchucks_g05_c02,Nunchucks\v_Nunchucks_g05_c02.avi,Nunchucks,209,8.36,25.0,320,240,320x240,Nunchucks,Nunchucks
v_Nunchucks_g05_c03,Nunchucks\v_Nunchucks_g05_c03.avi,Nunchucks,205,8.2,25.0,320,240,320x240,Nunchucks,Nunchucks
v_Nunchucks_g05_c04,Nunchucks\v_Nunchucks_g05_c04.avi,Nunchucks,216,8.64,25.0,320,240,320x240,Nunchucks,Nunchucks
v_Nunchucks_g06_c01,Nunchucks\v_Nunchucks_g06_c01.avi,Nunchucks,318,12.72,25.0,320,240,320x240,TaiChi,Nunchucks
v_Nunchucks_g06_c02,Nunchucks\v_Nunchucks_g06_c02.avi,Nunchucks,220,8.8,25.0,320,240,320x240,TaiChi,Nunchucks
v_Nunchucks_g06_c03,Nunchucks\v_Nunchucks_g06_c03.avi,Nunchucks,210,8.4,25.0,320,240,320x240,BoxingSpeedBag,Nunchucks
v_Nunchucks_g06_c04,Nunchucks\v_Nunchucks_g06_c04.avi,Nunchucks,212,8.48,25.0,320,240,320x240,TaiChi,Nunchucks
v_Nunchucks_g07_c01,Nunchucks\v_Nunchucks_g07_c01.avi,Nunchucks,255,10.2,25.0,320,240,320x240,HulaHoop,Nunchucks
v_Nunchucks_g07_c02,Nunchucks\v_Nunchucks_g07_c02.avi,Nunchucks,255,10.2,25.0,320,240,320x240,GolfSwing,Nunchucks
v_Nunchucks_g07_c03,Nunchucks\v_Nunchucks_g07_c03.avi,Nunchucks,151,6.04,25.0,320,240,320x240,HulaHoop,Nunchucks
v_Nunchucks_g07_c04,Nunchucks\v_Nunchucks_g07_c04.avi,Nunchucks,247,9.88,25.0,320,240,320x240,GolfSwing,Nunchucks
v_ParallelBars_g01_c01,ParallelBars\v_ParallelBars_g01_c01.avi,ParallelBars,107,4.28,25.0,320,240,320x240,PoleVault,UnevenBars
v_ParallelBars_g01_c02,ParallelBars\v_ParallelBars_g01_c02.avi,ParallelBars,124,4.96,25.0,320,240,320x240,PoleVault,UnevenBars
v_ParallelBars_g01_c03,ParallelBars\v_ParallelBars_g01_c03.avi,ParallelBars,142,5.68,25.0,320,240,320x240,PoleVault,UnevenBars
v_ParallelBars_g01_c04,ParallelBars\v_ParallelBars_g01_c04.avi,ParallelBars,198,7.92,25.0,320,240,320x240,PoleVault,UnevenBars
v_ParallelBars_g02_c01,ParallelBars\v_ParallelBars_g02_c01.avi,ParallelBars,109,4.36,25.0,320,240,320x240,PoleVault,UnevenBars
v_ParallelBars_g02_c02,ParallelBars\v_ParallelBars_g02_c02.avi,ParallelBars,157,6.28,25.0,320,240,320x240,FloorGymnastics,UnevenBars
v_ParallelBars_g02_c03,ParallelBars\v_ParallelBars_g02_c03.avi,ParallelBars,133,5.32,25.0,320,240,320x240,PoleVault,UnevenBars
v_ParallelBars_g02_c04,ParallelBars\v_ParallelBars_g02_c04.avi,ParallelBars,192,7.68,25.0,320,240,320x240,FloorGymnastics,UnevenBars
v_ParallelBars_g03_c01,ParallelBars\v_ParallelBars_g03_c01.avi,ParallelBars,115,4.6,25.0,320,240,320x240,PoleVault,UnevenBars
v_ParallelBars_g03_c02,ParallelBars\v_ParallelBars_g03_c02.avi,ParallelBars,103,4.12,25.0,320,240,320x240,HighJump,UnevenBars
v_ParallelBars_g03_c03,ParallelBars\v_ParallelBars_g03_c03.avi,ParallelBars,148,5.92,25.0,320,240,320x240,PoleVault,UnevenBars
v_ParallelBars_g03_c04,ParallelBars\v_ParallelBars_g03_c04.avi,ParallelBars,158,6.32,25.0,320,240,320x240,PoleVault,UnevenBars
v_ParallelBars_g04_c01,ParallelBars\v_ParallelBars_g04_c01.avi,ParallelBars,136,5.44,25.0,320,240,320x240,PoleVault,UnevenBars
v_ParallelBars_g04_c02,ParallelBars\v_ParallelBars_g04_c02.avi,ParallelBars,111,4.44,25.0,320,240,320x240,PoleVault,UnevenBars
v_ParallelBars_g04_c03,ParallelBars\v_ParallelBars_g04_c03.avi,ParallelBars,148,5.92,25.0,320,240,320x240,PoleVault,UnevenBars
v_ParallelBars_g04_c04,ParallelBars\v_ParallelBars_g04_c04.avi,ParallelBars,173,6.92,25.0,320,240,320x240,PoleVault,UnevenBars
v_ParallelBars_g04_c05,ParallelBars\v_ParallelBars_g04_c05.avi,ParallelBars,160,6.4,25.0,320,240,320x240,PoleVault,UnevenBars
v_ParallelBars_g04_c06,ParallelBars\v_ParallelBars_g04_c06.avi,ParallelBars,222,8.88,25.0,320,240,320x240,PoleVault,PoleVault
v_ParallelBars_g04_c07,ParallelBars\v_ParallelBars_g04_c07.avi,ParallelBars,148,5.92,25.0,320,240,320x240,PoleVault,UnevenBars
v_ParallelBars_g05_c01,ParallelBars\v_ParallelBars_g05_c01.avi,ParallelBars,183,7.32,25.0,320,240,320x240,PoleVault,UnevenBars
v_ParallelBars_g05_c02,ParallelBars\v_ParallelBars_g05_c02.avi,ParallelBars,116,4.64,25.0,320,240,320x240,PoleVault,UnevenBars
v_ParallelBars_g05_c03,ParallelBars\v_ParallelBars_g05_c03.avi,ParallelBars,166,6.64,25.0,320,240,320x240,PoleVault,StillRings
v_ParallelBars_g05_c04,ParallelBars\v_ParallelBars_g05_c04.avi,ParallelBars,158,6.32,25.0,320,240,320x240,HighJump,StillRings
v_ParallelBars_g05_c05,ParallelBars\v_ParallelBars_g05_c05.avi,ParallelBars,125,5.0,25.0,320,240,320x240,PoleVault,StillRings
v_ParallelBars_g06_c01,ParallelBars\v_ParallelBars_g06_c01.avi,ParallelBars,149,5.96,25.0,320,240,320x240,PoleVault,UnevenBars
v_ParallelBars_g06_c02,ParallelBars\v_ParallelBars_g06_c02.avi,ParallelBars,126,5.04,25.0,320,240,320x240,PoleVault,UnevenBars
v_ParallelBars_g06_c03,ParallelBars\v_ParallelBars_g06_c03.avi,ParallelBars,151,6.04,25.0,320,240,320x240,PoleVault,UnevenBars
v_ParallelBars_g06_c04,ParallelBars\v_ParallelBars_g06_c04.avi,ParallelBars,128,5.12,25.0,320,240,320x240,PoleVault,UnevenBars
v_ParallelBars_g06_c05,ParallelBars\v_ParallelBars_g06_c05.avi,ParallelBars,103,4.12,25.0,320,240,320x240,PoleVault,UnevenBars
v_ParallelBars_g06_c06,ParallelBars\v_ParallelBars_g06_c06.avi,ParallelBars,125,5.0,25.0,320,240,320x240,PoleVault,UnevenBars
v_ParallelBars_g06_c07,ParallelBars\v_ParallelBars_g06_c07.avi,ParallelBars,113,4.52,25.0,320,240,320x240,PoleVault,UnevenBars
v_ParallelBars_g07_c01,ParallelBars\v_ParallelBars_g07_c01.avi,ParallelBars,128,5.12,25.0,320,240,320x240,PoleVault,UnevenBars
v_ParallelBars_g07_c02,ParallelBars\v_ParallelBars_g07_c02.avi,ParallelBars,128,5.12,25.0,320,240,320x240,PoleVault,UnevenBars
v_ParallelBars_g07_c03,ParallelBars\v_ParallelBars_g07_c03.avi,ParallelBars,128,5.12,25.0,320,240,320x240,PoleVault,UnevenBars
v_ParallelBars_g07_c04,ParallelBars\v_ParallelBars_g07_c04.avi,ParallelBars,196,7.84,25.0,320,240,320x240,PoleVault,UnevenBars
v_ParallelBars_g07_c05,ParallelBars\v_ParallelBars_g07_c05.avi,ParallelBars,108,4.32,25.0,320,240,320x240,PoleVault,UnevenBars
v_ParallelBars_g07_c06,ParallelBars\v_ParallelBars_g07_c06.avi,ParallelBars,138,5.52,25.0,320,240,320x240,PoleVault,UnevenBars
v_PizzaTossing_g01_c01,PizzaTossing\v_PizzaTossing_g01_c01.avi,PizzaTossing,144,5.76,25.0,320,240,320x240,PizzaTossing,PizzaTossing
v_PizzaTossing_g01_c02,PizzaTossing\v_PizzaTossing_g01_c02.avi,PizzaTossing,83,3.32,25.0,320,240,320x240,TableTennisShot,PizzaTossing
v_PizzaTossing_g01_c03,PizzaTossing\v_PizzaTossing_g01_c03.avi,PizzaTossing,133,5.32,25.0,320,240,320x240,PlayingDhol,PizzaTossing
v_PizzaTossing_g01_c04,PizzaTossing\v_PizzaTossing_g01_c04.avi,PizzaTossing,133,5.32,25.0,320,240,320x240,PlayingDhol,PizzaTossing
v_PizzaTossing_g02_c01,PizzaTossing\v_PizzaTossing_g02_c01.avi,PizzaTossing,118,4.72,25.0,320,240,320x240,Billiards,PizzaTossing
v_PizzaTossing_g02_c02,PizzaTossing\v_PizzaTossing_g02_c02.avi,PizzaTossing,107,4.28,25.0,320,240,320x240,PlayingDhol,PizzaTossing
v_PizzaTossing_g02_c03,PizzaTossing\v_PizzaTossing_g02_c03.avi,PizzaTossing,112,4.48,25.0,320,240,320x240,CuttingInKitchen,PizzaTossing
v_PizzaTossing_g02_c04,PizzaTossing\v_PizzaTossing_g02_c04.avi,PizzaTossing,97,3.88,25.0,320,240,320x240,CuttingInKitchen,PizzaTossing
v_PizzaTossing_g02_c05,PizzaTossing\v_PizzaTossing_g02_c05.avi,PizzaTossing,78,3.12,25.0,320,240,320x240,BoxingPunchingBag,Punch
v_PizzaTossing_g03_c01,PizzaTossing\v_PizzaTossing_g03_c01.avi,PizzaTossing,102,4.08,25.0,320,240,320x240,FrisbeeCatch,PizzaTossing
v_PizzaTossing_g03_c02,PizzaTossing\v_PizzaTossing_g03_c02.avi,PizzaTossing,98,3.92,25.0,320,240,320x240,FrisbeeCatch,PizzaTossing
v_PizzaTossing_g03_c03,PizzaTossing\v_PizzaTossing_g03_c03.avi,PizzaTossing,107,4.28,25.0,320,240,320x240,FrisbeeCatch,PizzaTossing
v_PizzaTossing_g03_c04,PizzaTossing\v_PizzaTossing_g03_c04.avi,PizzaTossing,36,1.44,25.0,320,240,320x240,CuttingInKitchen,PizzaTossing
v_PizzaTossing_g04_c01,PizzaTossing\v_PizzaTossing_g04_c01.avi,PizzaTossing,104,4.16,25.0,320,240,320x240,HulaHoop,PizzaTossing
v_PizzaTossing_g04_c02,PizzaTossing\v_PizzaTossing_g04_c02.avi,PizzaTossing,115,4.6,25.0,320,240,320x240,SoccerJuggling,PizzaTossing
v_PizzaTossing_g04_c03,PizzaTossing\v_PizzaTossing_g04_c03.avi,PizzaTossing,109,4.36,25.0,320,240,320x240,SoccerJuggling,PizzaTossing
v_PizzaTossing_g04_c04,PizzaTossing\v_PizzaTossing_g04_c04.avi,PizzaTossing,120,4.8,25.0,320,240,320x240,SoccerJuggling,PizzaTossing
v_PizzaTossing_g04_c05,PizzaTossing\v_PizzaTossing_g04_c05.avi,PizzaTossing,126,5.04,25.0,320,240,320x240,SoccerJuggling,PizzaTossing
v_PizzaTossing_g04_c06,PizzaTossing\v_PizzaTossing_g04_c06.avi,PizzaTossing,120,4.8,25.0,320,240,320x240,SoccerJuggling,PizzaTossing
v_PizzaTossing_g04_c07,PizzaTossing\v_PizzaTossing_g04_c07.avi,PizzaTossing,137,5.48,25.0,320,240,320x240,HulaHoop,PizzaTossing
v_PizzaTossing_g05_c01,PizzaTossing\v_PizzaTossing_g05_c01.avi,PizzaTossing,124,4.96,25.0,320,240,320x240,PizzaTossing,PizzaTossing
v_PizzaTossing_g05_c02,PizzaTossing\v_PizzaTossing_g05_c02.avi,PizzaTossing,187,7.48,25.0,320,240,320x240,PizzaTossing,PizzaTossing
v_PizzaTossing_g05_c03,PizzaTossing\v_PizzaTossing_g05_c03.avi,PizzaTossing,145,5.8,25.0,320,240,320x240,PizzaTossing,PizzaTossing
v_PizzaTossing_g05_c04,PizzaTossing\v_PizzaTossing_g05_c04.avi,PizzaTossing,112,4.48,25.0,320,240,320x240,PizzaTossing,PizzaTossing
v_PizzaTossing_g06_c01,PizzaTossing\v_PizzaTossing_g06_c01.avi,PizzaTossing,106,4.24,25.0,320,240,320x240,MoppingFloor,PizzaTossing
v_PizzaTossing_g06_c02,PizzaTossing\v_PizzaTossing_g06_c02.avi,PizzaTossing,98,3.92,25.0,320,240,320x240,JavelinThrow,PizzaTossing
v_PizzaTossing_g06_c03,PizzaTossing\v_PizzaTossing_g06_c03.avi,PizzaTossing,98,3.92,25.0,320,240,320x240,BoxingPunchingBag,PizzaTossing
v_PizzaTossing_g06_c04,PizzaTossing\v_PizzaTossing_g06_c04.avi,PizzaTossing,63,2.52,25.0,320,240,320x240,Drumming,PizzaTossing
v_PizzaTossing_g06_c05,PizzaTossing\v_PizzaTossing_g06_c05.avi,PizzaTossing,116,4.64,25.0,320,240,320x240,MoppingFloor,PizzaTossing
v_PizzaTossing_g07_c01,PizzaTossing\v_PizzaTossing_g07_c01.avi,PizzaTossing,112,4.48,25.0,320,240,320x240,HandstandWalking,Fencing
v_PizzaTossing_g07_c02,PizzaTossing\v_PizzaTossing_g07_c02.avi,PizzaTossing,134,5.36,25.0,320,240,320x240,Fencing,Fencing
v_PizzaTossing_g07_c03,PizzaTossing\v_PizzaTossing_g07_c03.avi,PizzaTossing,116,4.64,25.0,320,240,320x240,HandstandWalking,Fencing
v_PizzaTossing_g07_c04,PizzaTossing\v_PizzaTossing_g07_c04.avi,PizzaTossing,171,6.84,25.0,320,240,320x240,JumpRope,Fencing
v_PlayingCello_g01_c01,PlayingCello\v_PlayingCello_g01_c01.avi,PlayingCello,223,8.92,25.0,320,240,320x240,PlayingCello,PlayingCello
v_PlayingCello_g01_c02,PlayingCello\v_PlayingCello_g01_c02.avi,PlayingCello,211,8.44,25.0,320,240,320x240,PlayingCello,PlayingCello
v_PlayingCello_g01_c03,PlayingCello\v_PlayingCello_g01_c03.avi,PlayingCello,162,6.48,25.0,320,240,320x240,PlayingCello,PlayingCello
v_PlayingCello_g01_c04,PlayingCello\v_PlayingCello_g01_c04.avi,PlayingCello,143,5.72,25.0,320,240,320x240,PlayingCello,PlayingCello
v_PlayingCello_g01_c05,PlayingCello\v_PlayingCello_g01_c05.avi,PlayingCello,164,6.56,25.0,320,240,320x240,PlayingCello,PlayingCello
v_PlayingCello_g01_c06,PlayingCello\v_PlayingCello_g01_c06.avi,PlayingCello,162,6.48,25.0,320,240,320x240,PlayingCello,PlayingCello
v_PlayingCello_g01_c07,PlayingCello\v_PlayingCello_g01_c07.avi,PlayingCello,144,5.76,25.0,320,240,320x240,PlayingCello,PlayingCello
v_PlayingCello_g02_c01,PlayingCello\v_PlayingCello_g02_c01.avi,PlayingCello,157,6.28,25.0,320,240,320x240,PlayingCello,PlayingCello
v_PlayingCello_g02_c02,PlayingCello\v_PlayingCello_g02_c02.avi,PlayingCello,194,7.76,25.0,320,240,320x240,PlayingCello,PlayingCello
v_PlayingCello_g02_c03,PlayingCello\v_PlayingCello_g02_c03.avi,PlayingCello,166,6.64,25.0,320,240,320x240,PlayingCello,PlayingCello
v_PlayingCello_g02_c04,PlayingCello\v_PlayingCello_g02_c04.avi,PlayingCello,162,6.48,25.0,320,240,320x240,PlayingViolin,PlayingCello
v_PlayingCello_g02_c05,PlayingCello\v_PlayingCello_g02_c05.avi,PlayingCello,236,9.44,25.0,320,240,320x240,PlayingCello,PlayingCello
v_PlayingCello_g02_c06,PlayingCello\v_PlayingCello_g02_c06.avi,PlayingCello,176,7.04,25.0,320,240,320x240,PlayingCello,PlayingCello
v_PlayingCello_g02_c07,PlayingCello\v_PlayingCello_g02_c07.avi,PlayingCello,228,9.12,25.0,320,240,320x240,PlayingCello,PlayingCello
v_PlayingCello_g03_c01,PlayingCello\v_PlayingCello_g03_c01.avi,PlayingCello,171,6.84,25.0,320,240,320x240,PlayingCello,PlayingCello
v_PlayingCello_g03_c02,PlayingCello\v_PlayingCello_g03_c02.avi,PlayingCello,105,4.2,25.0,320,240,320x240,PlayingCello,PlayingCello
v_PlayingCello_g03_c03,PlayingCello\v_PlayingCello_g03_c03.avi,PlayingCello,159,6.36,25.0,320,240,320x240,PlayingCello,PlayingCello
v_PlayingCello_g03_c04,PlayingCello\v_PlayingCello_g03_c04.avi,PlayingCello,189,7.56,25.0,320,240,320x240,PlayingCello,PlayingCello
v_PlayingCello_g04_c01,PlayingCello\v_PlayingCello_g04_c01.avi,PlayingCello,207,8.28,25.0,320,240,320x240,PlayingViolin,PlayingViolin
v_PlayingCello_g04_c02,PlayingCello\v_PlayingCello_g04_c02.avi,PlayingCello,212,8.48,25.0,320,240,320x240,PlayingViolin,PlayingViolin
v_PlayingCello_g04_c03,PlayingCello\v_PlayingCello_g04_c03.avi,PlayingCello,138,5.52,25.0,320,240,320x240,PlayingViolin,PlayingViolin
v_PlayingCello_g04_c04,PlayingCello\v_PlayingCello_g04_c04.avi,PlayingCello,143,5.72,25.0,320,240,320x240,PlayingViolin,PlayingViolin
v_PlayingCello_g04_c05,PlayingCello\v_PlayingCello_g04_c05.avi,PlayingCello,125,5.0,25.0,320,240,320x240,PlayingViolin,PlayingViolin
v_PlayingCello_g04_c06,PlayingCello\v_PlayingCello_g04_c06.avi,PlayingCello,129,5.16,25.0,320,240,320x240,PlayingViolin,PlayingViolin
v_PlayingCello_g04_c07,PlayingCello\v_PlayingCello_g04_c07.avi,PlayingCello,129,5.16,25.0,320,240,320x240,PlayingViolin,PlayingViolin
v_PlayingCello_g05_c01,PlayingCello\v_PlayingCello_g05_c01.avi,PlayingCello,175,7.0,25.0,320,240,320x240,PlayingCello,PlayingCello
v_PlayingCello_g05_c02,PlayingCello\v_PlayingCello_g05_c02.avi,PlayingCello,198,7.92,25.0,320,240,320x240,PlayingCello,PlayingCello
v_PlayingCello_g05_c03,PlayingCello\v_PlayingCello_g05_c03.avi,PlayingCello,173,6.92,25.0,320,240,320x240,PlayingCello,PlayingCello
v_PlayingCello_g05_c04,PlayingCello\v_PlayingCello_g05_c04.avi,PlayingCello,186,7.44,25.0,320,240,320x240,PlayingCello,PlayingCello
v_PlayingCello_g05_c05,PlayingCello\v_PlayingCello_g05_c05.avi,PlayingCello,181,7.24,25.0,320,240,320x240,PlayingCello,PlayingCello
v_PlayingCello_g05_c06,PlayingCello\v_PlayingCello_g05_c06.avi,PlayingCello,161,6.44,25.0,320,240,320x240,PlayingCello,PlayingCello
v_PlayingCello_g05_c07,PlayingCello\v_PlayingCello_g05_c07.avi,PlayingCello,143,5.72,25.0,320,240,320x240,PlayingCello,PlayingCello
v_PlayingCello_g06_c01,PlayingCello\v_PlayingCello_g06_c01.avi,PlayingCello,253,10.12,25.0,320,240,320x240,PlayingCello,PlayingCello
v_PlayingCello_g06_c02,PlayingCello\v_PlayingCello_g06_c02.avi,PlayingCello,225,9.0,25.0,320,240,320x240,PlayingCello,PlayingCello
v_PlayingCello_g06_c03,PlayingCello\v_PlayingCello_g06_c03.avi,PlayingCello,284,11.36,25.0,320,240,320x240,PlayingCello,PlayingCello
v_PlayingCello_g06_c04,PlayingCello\v_PlayingCello_g06_c04.avi,PlayingCello,267,10.68,25.0,320,240,320x240,PlayingCello,PlayingCello
v_PlayingCello_g06_c05,PlayingCello\v_PlayingCello_g06_c05.avi,PlayingCello,167,6.68,25.0,320,240,320x240,PlayingCello,PlayingCello
v_PlayingCello_g06_c06,PlayingCello\v_PlayingCello_g06_c06.avi,PlayingCello,216,8.64,25.0,320,240,320x240,PlayingCello,PlayingCello
v_PlayingCello_g06_c07,PlayingCello\v_PlayingCello_g06_c07.avi,PlayingCello,214,8.56,25.0,320,240,320x240,PlayingCello,PlayingCello
v_PlayingCello_g07_c01,PlayingCello\v_PlayingCello_g07_c01.avi,PlayingCello,414,16.56,25.0,320,240,320x240,PlayingCello,PlayingCello
v_PlayingCello_g07_c02,PlayingCello\v_PlayingCello_g07_c02.avi,PlayingCello,326,13.04,25.0,320,240,320x240,PlayingCello,PlayingCello
v_PlayingCello_g07_c03,PlayingCello\v_PlayingCello_g07_c03.avi,PlayingCello,282,11.28,25.0,320,240,320x240,PlayingCello,PlayingCello
v_PlayingCello_g07_c04,PlayingCello\v_PlayingCello_g07_c04.avi,PlayingCello,307,12.28,25.0,320,240,320x240,PlayingCello,PlayingCello
v_PlayingCello_g07_c05,PlayingCello\v_PlayingCello_g07_c05.avi,PlayingCello,272,10.88,25.0,320,240,320x240,PlayingCello,PlayingCello
v_PlayingDaf_g01_c01,PlayingDaf\v_PlayingDaf_g01_c01.avi,PlayingDaf,122,4.88,25.0,320,240,320x240,PlayingDhol,PlayingDaf
v_PlayingDaf_g01_c02,PlayingDaf\v_PlayingDaf_g01_c02.avi,PlayingDaf,180,7.2,25.0,320,240,320x240,PlayingDhol,PlayingDaf
v_PlayingDaf_g01_c03,PlayingDaf\v_PlayingDaf_g01_c03.avi,PlayingDaf,190,7.6,25.0,320,240,320x240,PlayingDhol,PlayingDaf
v_PlayingDaf_g01_c04,PlayingDaf\v_PlayingDaf_g01_c04.avi,PlayingDaf,187,7.48,25.0,320,240,320x240,PlayingTabla,PlayingDaf
v_PlayingDaf_g02_c01,PlayingDaf\v_PlayingDaf_g02_c01.avi,PlayingDaf,359,14.36,25.0,320,240,320x240,PlayingDhol,PlayingDaf
v_PlayingDaf_g02_c02,PlayingDaf\v_PlayingDaf_g02_c02.avi,PlayingDaf,364,14.56,25.0,320,240,320x240,PlayingDhol,PlayingDaf
v_PlayingDaf_g02_c03,PlayingDaf\v_PlayingDaf_g02_c03.avi,PlayingDaf,324,12.96,25.0,320,240,320x240,PlayingDhol,PlayingDaf
v_PlayingDaf_g02_c04,PlayingDaf\v_PlayingDaf_g02_c04.avi,PlayingDaf,320,12.8,25.0,320,240,320x240,PlayingDhol,PlayingDaf
v_PlayingDaf_g02_c05,PlayingDaf\v_PlayingDaf_g02_c05.avi,PlayingDaf,325,13.0,25.0,320,240,320x240,PlayingDhol,PlayingDaf
v_PlayingDaf_g02_c06,PlayingDaf\v_PlayingDaf_g02_c06.avi,PlayingDaf,363,14.52,25.0,320,240,320x240,PlayingDhol,PlayingDaf
v_PlayingDaf_g02_c07,PlayingDaf\v_PlayingDaf_g02_c07.avi,PlayingDaf,334,13.36,25.0,320,240,320x240,PlayingDhol,PlayingDaf
v_PlayingDaf_g03_c01,PlayingDaf\v_PlayingDaf_g03_c01.avi,PlayingDaf,187,7.48,25.0,320,240,320x240,PlayingTabla,PlayingDaf
v_PlayingDaf_g03_c02,PlayingDaf\v_PlayingDaf_g03_c02.avi,PlayingDaf,171,6.84,25.0,320,240,320x240,Drumming,PlayingDaf
v_PlayingDaf_g03_c03,PlayingDaf\v_PlayingDaf_g03_c03.avi,PlayingDaf,181,7.24,25.0,320,240,320x240,Drumming,PlayingDaf
v_PlayingDaf_g03_c04,PlayingDaf\v_PlayingDaf_g03_c04.avi,PlayingDaf,211,8.44,25.0,320,240,320x240,Drumming,PlayingDaf
v_PlayingDaf_g04_c01,PlayingDaf\v_PlayingDaf_g04_c01.avi,PlayingDaf,327,13.08,25.0,320,240,320x240,FrisbeeCatch,PlayingDaf
v_PlayingDaf_g04_c02,PlayingDaf\v_PlayingDaf_g04_c02.avi,PlayingDaf,346,13.84,25.0,320,240,320x240,Drumming,PlayingDaf
v_PlayingDaf_g04_c03,PlayingDaf\v_PlayingDaf_g04_c03.avi,PlayingDaf,305,12.2,25.0,320,240,320x240,Drumming,PlayingDaf
v_PlayingDaf_g04_c04,PlayingDaf\v_PlayingDaf_g04_c04.avi,PlayingDaf,305,12.2,25.0,320,240,320x240,Drumming,PlayingDaf
v_PlayingDaf_g04_c05,PlayingDaf\v_PlayingDaf_g04_c05.avi,PlayingDaf,320,12.8,25.0,320,240,320x240,Drumming,PlayingDaf
v_PlayingDaf_g04_c06,PlayingDaf\v_PlayingDaf_g04_c06.avi,PlayingDaf,340,13.6,25.0,320,240,320x240,Drumming,PlayingDaf
v_PlayingDaf_g04_c07,PlayingDaf\v_PlayingDaf_g04_c07.avi,PlayingDaf,371,14.84,25.0,320,240,320x240,Drumming,PlayingDaf
v_PlayingDaf_g05_c01,PlayingDaf\v_PlayingDaf_g05_c01.avi,PlayingDaf,301,12.04,25.0,320,240,320x240,Drumming,PlayingDaf
v_PlayingDaf_g05_c02,PlayingDaf\v_PlayingDaf_g05_c02.avi,PlayingDaf,334,13.36,25.0,320,240,320x240,PlayingTabla,PlayingDaf
v_PlayingDaf_g05_c03,PlayingDaf\v_PlayingDaf_g05_c03.avi,PlayingDaf,348,13.92,25.0,320,240,320x240,Drumming,PlayingDaf
v_PlayingDaf_g05_c04,PlayingDaf\v_PlayingDaf_g05_c04.avi,PlayingDaf,393,15.72,25.0,320,240,320x240,PlayingTabla,PlayingDaf
v_PlayingDaf_g05_c05,PlayingDaf\v_PlayingDaf_g05_c05.avi,PlayingDaf,403,16.12,25.0,320,240,320x240,PlayingTabla,PlayingDaf
v_PlayingDaf_g05_c06,PlayingDaf\v_PlayingDaf_g05_c06.avi,PlayingDaf,386,15.44,25.0,320,240,320x240,Drumming,PlayingDaf
v_PlayingDaf_g05_c07,PlayingDaf\v_PlayingDaf_g05_c07.avi,PlayingDaf,377,15.08,25.0,320,240,320x240,Drumming,PlayingDaf
v_PlayingDaf_g06_c01,PlayingDaf\v_PlayingDaf_g06_c01.avi,PlayingDaf,299,11.96,25.0,320,240,320x240,PlayingTabla,PlayingDaf
v_PlayingDaf_g06_c02,PlayingDaf\v_PlayingDaf_g06_c02.avi,PlayingDaf,299,11.96,25.0,320,240,320x240,Drumming,PlayingDaf
v_PlayingDaf_g06_c03,PlayingDaf\v_PlayingDaf_g06_c03.avi,PlayingDaf,319,12.76,25.0,320,240,320x240,Drumming,PlayingDaf
v_PlayingDaf_g06_c04,PlayingDaf\v_PlayingDaf_g06_c04.avi,PlayingDaf,318,12.72,25.0,320,240,320x240,Drumming,PlayingDaf
v_PlayingDaf_g06_c05,PlayingDaf\v_PlayingDaf_g06_c05.avi,PlayingDaf,301,12.04,25.0,320,240,320x240,PlayingTabla,PlayingDaf
v_PlayingDaf_g06_c06,PlayingDaf\v_PlayingDaf_g06_c06.avi,PlayingDaf,311,12.44,25.0,320,240,320x240,PlayingDhol,PlayingDaf
v_PlayingDaf_g06_c07,PlayingDaf\v_PlayingDaf_g06_c07.avi,PlayingDaf,220,8.8,25.0,320,240,320x240,Drumming,PlayingDaf
v_PlayingDaf_g07_c01,PlayingDaf\v_PlayingDaf_g07_c01.avi,PlayingDaf,249,9.96,25.0,320,240,320x240,HulaHoop,PlayingDaf
v_PlayingDaf_g07_c02,PlayingDaf\v_PlayingDaf_g07_c02.avi,PlayingDaf,249,9.96,25.0,320,240,320x240,FrisbeeCatch,PlayingDaf
v_PlayingDaf_g07_c03,PlayingDaf\v_PlayingDaf_g07_c03.avi,PlayingDaf,249,9.96,25.0,320,240,320x240,HulaHoop,PlayingDaf
v_PlayingDaf_g07_c04,PlayingDaf\v_PlayingDaf_g07_c04.avi,PlayingDaf,249,9.96,25.0,320,240,320x240,Drumming,PlayingDaf
v_PlayingDaf_g07_c05,PlayingDaf\v_PlayingDaf_g07_c05.avi,PlayingDaf,249,9.96,25.0,320,240,320x240,HulaHoop,PlayingDaf
v_PlayingDhol_g01_c01,PlayingDhol\v_PlayingDhol_g01_c01.avi,PlayingDhol,252,10.08,25.0,320,240,320x240,PlayingDhol,PlayingDhol
v_PlayingDhol_g01_c02,PlayingDhol\v_PlayingDhol_g01_c02.avi,PlayingDhol,240,9.6,25.0,320,240,320x240,PlayingDhol,PlayingTabla
v_PlayingDhol_g01_c03,PlayingDhol\v_PlayingDhol_g01_c03.avi,PlayingDhol,271,10.84,25.0,320,240,320x240,PlayingDhol,PlayingTabla
v_PlayingDhol_g01_c04,PlayingDhol\v_PlayingDhol_g01_c04.avi,PlayingDhol,239,9.56,25.0,320,240,320x240,PlayingDhol,PlayingDhol
v_PlayingDhol_g01_c05,PlayingDhol\v_PlayingDhol_g01_c05.avi,PlayingDhol,246,9.84,25.0,320,240,320x240,PlayingDhol,PlayingDhol
v_PlayingDhol_g01_c06,PlayingDhol\v_PlayingDhol_g01_c06.avi,PlayingDhol,195,7.8,25.0,320,240,320x240,PlayingDhol,PlayingDhol
v_PlayingDhol_g01_c07,PlayingDhol\v_PlayingDhol_g01_c07.avi,PlayingDhol,138,5.52,25.0,320,240,320x240,PlayingDhol,PlayingDhol
v_PlayingDhol_g02_c01,PlayingDhol\v_PlayingDhol_g02_c01.avi,PlayingDhol,267,10.68,25.0,320,240,320x240,PlayingDhol,PlayingDhol
v_PlayingDhol_g02_c02,PlayingDhol\v_PlayingDhol_g02_c02.avi,PlayingDhol,305,12.2,25.0,320,240,320x240,PlayingDhol,PlayingDaf
v_PlayingDhol_g02_c03,PlayingDhol\v_PlayingDhol_g02_c03.avi,PlayingDhol,267,10.68,25.0,320,240,320x240,PlayingDhol,PlayingDhol
v_PlayingDhol_g02_c04,PlayingDhol\v_PlayingDhol_g02_c04.avi,PlayingDhol,275,11.0,25.0,320,240,320x240,Drumming,PlayingDaf
v_PlayingDhol_g02_c05,PlayingDhol\v_PlayingDhol_g02_c05.avi,PlayingDhol,267,10.68,25.0,320,240,320x240,PlayingDhol,PlayingDhol
v_PlayingDhol_g02_c06,PlayingDhol\v_PlayingDhol_g02_c06.avi,PlayingDhol,289,11.56,25.0,320,240,320x240,PlayingDhol,PlayingDhol
v_PlayingDhol_g02_c07,PlayingDhol\v_PlayingDhol_g02_c07.avi,PlayingDhol,282,11.28,25.0,320,240,320x240,PlayingDhol,PlayingDaf
v_PlayingDhol_g03_c01,PlayingDhol\v_PlayingDhol_g03_c01.avi,PlayingDhol,357,14.28,25.0,320,240,320x240,PlayingDhol,PlayingDaf
v_PlayingDhol_g03_c02,PlayingDhol\v_PlayingDhol_g03_c02.avi,PlayingDhol,381,15.24,25.0,320,240,320x240,PlayingDhol,PlayingDaf
v_PlayingDhol_g03_c03,PlayingDhol\v_PlayingDhol_g03_c03.avi,PlayingDhol,407,16.28,25.0,320,240,320x240,PlayingDhol,PlayingDaf
v_PlayingDhol_g03_c04,PlayingDhol\v_PlayingDhol_g03_c04.avi,PlayingDhol,391,15.64,25.0,320,240,320x240,PlayingDhol,PlayingDaf
v_PlayingDhol_g03_c05,PlayingDhol\v_PlayingDhol_g03_c05.avi,PlayingDhol,409,16.36,25.0,320,240,320x240,PlayingTabla,PlayingDaf
v_PlayingDhol_g03_c06,PlayingDhol\v_PlayingDhol_g03_c06.avi,PlayingDhol,416,16.64,25.0,320,240,320x240,PlayingTabla,PlayingDaf
v_PlayingDhol_g03_c07,PlayingDhol\v_PlayingDhol_g03_c07.avi,PlayingDhol,405,16.2,25.0,320,240,320x240,PlayingTabla,PlayingDaf
v_PlayingDhol_g04_c01,PlayingDhol\v_PlayingDhol_g04_c01.avi,PlayingDhol,437,17.48,25.0,320,240,320x240,PlayingDhol,PlayingDhol
v_PlayingDhol_g04_c02,PlayingDhol\v_PlayingDhol_g04_c02.avi,PlayingDhol,454,18.16,25.0,320,240,320x240,PlayingDhol,PlayingTabla
v_PlayingDhol_g04_c03,PlayingDhol\v_PlayingDhol_g04_c03.avi,PlayingDhol,452,18.08,25.0,320,240,320x240,PlayingDhol,PlayingTabla
v_PlayingDhol_g04_c04,PlayingDhol\v_PlayingDhol_g04_c04.avi,PlayingDhol,411,16.44,25.0,320,240,320x240,PlayingDhol,PlayingTabla
v_PlayingDhol_g04_c05,PlayingDhol\v_PlayingDhol_g04_c05.avi,PlayingDhol,425,17.0,25.0,320,240,320x240,PlayingDhol,PlayingTabla
v_PlayingDhol_g04_c06,PlayingDhol\v_PlayingDhol_g04_c06.avi,PlayingDhol,448,17.92,25.0,320,240,320x240,PlayingDhol,PlayingTabla
v_PlayingDhol_g04_c07,PlayingDhol\v_PlayingDhol_g04_c07.avi,PlayingDhol,443,17.72,25.0,320,240,320x240,PlayingDhol,PlayingTabla
v_PlayingDhol_g05_c01,PlayingDhol\v_PlayingDhol_g05_c01.avi,PlayingDhol,284,11.36,25.0,320,240,320x240,PlayingDhol,PlayingDhol
v_PlayingDhol_g05_c02,PlayingDhol\v_PlayingDhol_g05_c02.avi,PlayingDhol,268,10.72,25.0,320,240,320x240,PlayingDhol,PlayingDhol
v_PlayingDhol_g05_c03,PlayingDhol\v_PlayingDhol_g05_c03.avi,PlayingDhol,216,8.64,25.0,320,240,320x240,PlayingDhol,PlayingDhol
v_PlayingDhol_g05_c04,PlayingDhol\v_PlayingDhol_g05_c04.avi,PlayingDhol,297,11.88,25.0,320,240,320x240,PlayingDhol,PlayingDhol
v_PlayingDhol_g05_c05,PlayingDhol\v_PlayingDhol_g05_c05.avi,PlayingDhol,303,12.12,25.0,320,240,320x240,PlayingDhol,PlayingDhol
v_PlayingDhol_g05_c06,PlayingDhol\v_PlayingDhol_g05_c06.avi,PlayingDhol,295,11.8,25.0,320,240,320x240,PlayingDhol,PlayingDhol
v_PlayingDhol_g05_c07,PlayingDhol\v_PlayingDhol_g05_c07.avi,PlayingDhol,272,10.88,25.0,320,240,320x240,PlayingDhol,PlayingDhol
v_PlayingDhol_g06_c01,PlayingDhol\v_PlayingDhol_g06_c01.avi,PlayingDhol,377,15.08,25.0,320,240,320x240,PlayingDhol,PlayingDhol
v_PlayingDhol_g06_c02,PlayingDhol\v_PlayingDhol_g06_c02.avi,PlayingDhol,368,14.72,25.0,320,240,320x240,PlayingDhol,PlayingDaf
v_PlayingDhol_g06_c03,PlayingDhol\v_PlayingDhol_g06_c03.avi,PlayingDhol,365,14.6,25.0,320,240,320x240,PlayingDhol,PlayingDaf
v_PlayingDhol_g06_c04,PlayingDhol\v_PlayingDhol_g06_c04.avi,PlayingDhol,372,14.88,25.0,320,240,320x240,PlayingDhol,PlayingDaf
v_PlayingDhol_g06_c05,PlayingDhol\v_PlayingDhol_g06_c05.avi,PlayingDhol,386,15.44,25.0,320,240,320x240,PlayingDhol,PlayingDaf
v_PlayingDhol_g06_c06,PlayingDhol\v_PlayingDhol_g06_c06.avi,PlayingDhol,364,14.56,25.0,320,240,320x240,PlayingDhol,PlayingDaf
v_PlayingDhol_g06_c07,PlayingDhol\v_PlayingDhol_g06_c07.avi,PlayingDhol,357,14.28,25.0,320,240,320x240,PlayingDhol,PlayingDaf
v_PlayingDhol_g07_c01,PlayingDhol\v_PlayingDhol_g07_c01.avi,PlayingDhol,258,10.32,25.0,320,240,320x240,PlayingDhol,PlayingDhol
v_PlayingDhol_g07_c02,PlayingDhol\v_PlayingDhol_g07_c02.avi,PlayingDhol,255,10.2,25.0,320,240,320x240,PlayingDhol,PlayingDhol
v_PlayingDhol_g07_c03,PlayingDhol\v_PlayingDhol_g07_c03.avi,PlayingDhol,262,10.48,25.0,320,240,320x240,PlayingDhol,PlayingDhol
v_PlayingDhol_g07_c04,PlayingDhol\v_PlayingDhol_g07_c04.avi,PlayingDhol,254,10.16,25.0,320,240,320x240,PlayingDhol,PlayingDhol
v_PlayingDhol_g07_c05,PlayingDhol\v_PlayingDhol_g07_c05.avi,PlayingDhol,277,11.08,25.0,320,240,320x240,PlayingDhol,PlayingDhol
v_PlayingDhol_g07_c06,PlayingDhol\v_PlayingDhol_g07_c06.avi,PlayingDhol,251,10.04,25.0,320,240,320x240,PlayingDhol,PlayingDhol
v_PlayingDhol_g07_c07,PlayingDhol\v_PlayingDhol_g07_c07.avi,PlayingDhol,270,10.8,25.0,320,240,320x240,PlayingDhol,PlayingDhol
v_PlayingFlute_g01_c01,PlayingFlute\v_PlayingFlute_g01_c01.avi,PlayingFlute,253,10.12,25.0,320,240,320x240,PlayingFlute,PlayingFlute
v_PlayingFlute_g01_c02,PlayingFlute\v_PlayingFlute_g01_c02.avi,PlayingFlute,301,12.04,25.0,320,240,320x240,PlayingFlute,PlayingFlute
v_PlayingFlute_g01_c03,PlayingFlute\v_PlayingFlute_g01_c03.avi,PlayingFlute,303,12.12,25.0,320,240,320x240,PlayingFlute,PlayingFlute
v_PlayingFlute_g01_c04,PlayingFlute\v_PlayingFlute_g01_c04.avi,PlayingFlute,350,14.0,25.0,320,240,320x240,PlayingFlute,PlayingFlute
v_PlayingFlute_g01_c05,PlayingFlute\v_PlayingFlute_g01_c05.avi,PlayingFlute,364,14.56,25.0,320,240,320x240,PlayingFlute,PlayingFlute
v_PlayingFlute_g01_c06,PlayingFlute\v_PlayingFlute_g01_c06.avi,PlayingFlute,330,13.2,25.0,320,240,320x240,PlayingFlute,PlayingFlute
v_PlayingFlute_g01_c07,PlayingFlute\v_PlayingFlute_g01_c07.avi,PlayingFlute,383,15.32,25.0,320,240,320x240,PlayingFlute,PlayingFlute
v_PlayingFlute_g02_c01,PlayingFlute\v_PlayingFlute_g02_c01.avi,PlayingFlute,253,10.12,25.0,320,240,320x240,PlayingViolin,PlayingFlute
v_PlayingFlute_g02_c02,PlayingFlute\v_PlayingFlute_g02_c02.avi,PlayingFlute,246,9.84,25.0,320,240,320x240,PlayingViolin,PlayingFlute
v_PlayingFlute_g02_c03,PlayingFlute\v_PlayingFlute_g02_c03.avi,PlayingFlute,245,9.8,25.0,320,240,320x240,PlayingViolin,PlayingFlute
v_PlayingFlute_g02_c04,PlayingFlute\v_PlayingFlute_g02_c04.avi,PlayingFlute,199,7.96,25.0,320,240,320x240,PlayingViolin,PlayingFlute
v_PlayingFlute_g02_c05,PlayingFlute\v_PlayingFlute_g02_c05.avi,PlayingFlute,249,9.96,25.0,320,240,320x240,PlayingViolin,PlayingFlute
v_PlayingFlute_g02_c06,PlayingFlute\v_PlayingFlute_g02_c06.avi,PlayingFlute,206,8.24,25.0,320,240,320x240,PlayingViolin,PlayingFlute
v_PlayingFlute_g02_c07,PlayingFlute\v_PlayingFlute_g02_c07.avi,PlayingFlute,219,8.76,25.0,320,240,320x240,PlayingViolin,PlayingFlute
v_PlayingFlute_g03_c01,PlayingFlute\v_PlayingFlute_g03_c01.avi,PlayingFlute,235,9.4,25.0,320,240,320x240,PlayingFlute,PlayingFlute
v_PlayingFlute_g03_c02,PlayingFlute\v_PlayingFlute_g03_c02.avi,PlayingFlute,224,8.96,25.0,320,240,320x240,PlayingFlute,PlayingFlute
v_PlayingFlute_g03_c03,PlayingFlute\v_PlayingFlute_g03_c03.avi,PlayingFlute,249,9.96,25.0,320,240,320x240,PlayingFlute,PlayingFlute
v_PlayingFlute_g03_c04,PlayingFlute\v_PlayingFlute_g03_c04.avi,PlayingFlute,222,8.88,25.0,320,240,320x240,PlayingFlute,PlayingFlute
v_PlayingFlute_g03_c05,PlayingFlute\v_PlayingFlute_g03_c05.avi,PlayingFlute,200,8.0,25.0,320,240,320x240,PlayingFlute,PlayingFlute
v_PlayingFlute_g03_c06,PlayingFlute\v_PlayingFlute_g03_c06.avi,PlayingFlute,188,7.52,25.0,320,240,320x240,PlayingFlute,PlayingFlute
v_PlayingFlute_g03_c07,PlayingFlute\v_PlayingFlute_g03_c07.avi,PlayingFlute,230,9.2,25.0,320,240,320x240,PlayingFlute,PlayingFlute
v_PlayingFlute_g04_c01,PlayingFlute\v_PlayingFlute_g04_c01.avi,PlayingFlute,280,11.2,25.0,320,240,320x240,PlayingViolin,PlayingFlute
v_PlayingFlute_g04_c02,PlayingFlute\v_PlayingFlute_g04_c02.avi,PlayingFlute,294,11.76,25.0,320,240,320x240,PlayingViolin,PlayingFlute
v_PlayingFlute_g04_c03,PlayingFlute\v_PlayingFlute_g04_c03.avi,PlayingFlute,301,12.04,25.0,320,240,320x240,PlayingViolin,PlayingFlute
v_PlayingFlute_g04_c04,PlayingFlute\v_PlayingFlute_g04_c04.avi,PlayingFlute,274,10.96,25.0,320,240,320x240,PlayingViolin,PlayingFlute
v_PlayingFlute_g04_c05,PlayingFlute\v_PlayingFlute_g04_c05.avi,PlayingFlute,389,15.56,25.0,320,240,320x240,PlayingViolin,PlayingFlute
v_PlayingFlute_g04_c06,PlayingFlute\v_PlayingFlute_g04_c06.avi,PlayingFlute,268,10.72,25.0,320,240,320x240,PlayingViolin,PlayingFlute
v_PlayingFlute_g04_c07,PlayingFlute\v_PlayingFlute_g04_c07.avi,PlayingFlute,286,11.44,25.0,320,240,320x240,PlayingViolin,PlayingFlute
v_PlayingFlute_g05_c01,PlayingFlute\v_PlayingFlute_g05_c01.avi,PlayingFlute,320,12.8,25.0,320,240,320x240,PlayingViolin,PlayingViolin
v_PlayingFlute_g05_c02,PlayingFlute\v_PlayingFlute_g05_c02.avi,PlayingFlute,271,10.84,25.0,320,240,320x240,PlayingFlute,PlayingFlute
v_PlayingFlute_g05_c03,PlayingFlute\v_PlayingFlute_g05_c03.avi,PlayingFlute,223,8.92,25.0,320,240,320x240,PlayingFlute,PlayingFlute
v_PlayingFlute_g05_c04,PlayingFlute\v_PlayingFlute_g05_c04.avi,PlayingFlute,200,8.0,25.0,320,240,320x240,PlayingFlute,PlayingFlute
v_PlayingFlute_g05_c05,PlayingFlute\v_PlayingFlute_g05_c05.avi,PlayingFlute,236,9.44,25.0,320,240,320x240,PlayingFlute,PlayingFlute
v_PlayingFlute_g05_c06,PlayingFlute\v_PlayingFlute_g05_c06.avi,PlayingFlute,240,9.6,25.0,320,240,320x240,PlayingFlute,PlayingFlute
v_PlayingFlute_g05_c07,PlayingFlute\v_PlayingFlute_g05_c07.avi,PlayingFlute,123,4.92,25.0,320,240,320x240,PlayingFlute,PlayingFlute
v_PlayingFlute_g06_c01,PlayingFlute\v_PlayingFlute_g06_c01.avi,PlayingFlute,120,4.8,25.0,320,240,320x240,PlayingFlute,PlayingFlute
v_PlayingFlute_g06_c02,PlayingFlute\v_PlayingFlute_g06_c02.avi,PlayingFlute,218,8.72,25.0,320,240,320x240,PlayingFlute,PlayingFlute
v_PlayingFlute_g06_c03,PlayingFlute\v_PlayingFlute_g06_c03.avi,PlayingFlute,152,6.08,25.0,320,240,320x240,PlayingFlute,PlayingFlute
v_PlayingFlute_g06_c04,PlayingFlute\v_PlayingFlute_g06_c04.avi,PlayingFlute,333,13.32,25.0,320,240,320x240,PlayingFlute,PlayingFlute
v_PlayingFlute_g06_c05,PlayingFlute\v_PlayingFlute_g06_c05.avi,PlayingFlute,118,4.72,25.0,320,240,320x240,PlayingFlute,PlayingFlute
v_PlayingFlute_g06_c06,PlayingFlute\v_PlayingFlute_g06_c06.avi,PlayingFlute,222,8.88,25.0,320,240,320x240,PlayingFlute,PlayingFlute
v_PlayingFlute_g07_c01,PlayingFlute\v_PlayingFlute_g07_c01.avi,PlayingFlute,215,8.6,25.0,320,240,320x240,PlayingFlute,PlayingFlute
v_PlayingFlute_g07_c02,PlayingFlute\v_PlayingFlute_g07_c02.avi,PlayingFlute,250,10.0,25.0,320,240,320x240,PlayingFlute,PlayingFlute
v_PlayingFlute_g07_c03,PlayingFlute\v_PlayingFlute_g07_c03.avi,PlayingFlute,205,8.2,25.0,320,240,320x240,PlayingFlute,PlayingFlute
v_PlayingFlute_g07_c04,PlayingFlute\v_PlayingFlute_g07_c04.avi,PlayingFlute,407,16.28,25.0,320,240,320x240,PlayingFlute,PlayingFlute
v_PlayingFlute_g07_c05,PlayingFlute\v_PlayingFlute_g07_c05.avi,PlayingFlute,163,6.52,25.0,320,240,320x240,PlayingFlute,PlayingFlute
v_PlayingFlute_g07_c06,PlayingFlute\v_PlayingFlute_g07_c06.avi,PlayingFlute,278,11.12,25.0,320,240,320x240,PlayingFlute,PlayingFlute
v_PlayingFlute_g07_c07,PlayingFlute\v_PlayingFlute_g07_c07.avi,PlayingFlute,245,9.8,25.0,320,240,320x240,PlayingFlute,PlayingFlute
v_PlayingGuitar_g01_c01,PlayingGuitar\v_PlayingGuitar_g01_c01.avi,PlayingGuitar,250,10.0,25.0,320,240,320x240,PlayingGuitar,PlayingGuitar
v_PlayingGuitar_g01_c02,PlayingGuitar\v_PlayingGuitar_g01_c02.avi,PlayingGuitar,250,10.0,25.0,320,240,320x240,PlayingGuitar,PlayingGuitar
v_PlayingGuitar_g01_c03,PlayingGuitar\v_PlayingGuitar_g01_c03.avi,PlayingGuitar,250,10.0,25.0,320,240,320x240,PlayingGuitar,PlayingGuitar
v_PlayingGuitar_g01_c04,PlayingGuitar\v_PlayingGuitar_g01_c04.avi,PlayingGuitar,250,10.0,25.0,320,240,320x240,PlayingGuitar,PlayingGuitar
v_PlayingGuitar_g01_c05,PlayingGuitar\v_PlayingGuitar_g01_c05.avi,PlayingGuitar,238,9.52,25.0,320,240,320x240,PlayingGuitar,PlayingGuitar
v_PlayingGuitar_g01_c06,PlayingGuitar\v_PlayingGuitar_g01_c06.avi,PlayingGuitar,250,10.0,25.0,320,240,320x240,PlayingGuitar,PlayingGuitar
v_PlayingGuitar_g02_c01,PlayingGuitar\v_PlayingGuitar_g02_c01.avi,PlayingGuitar,250,10.0,25.0,320,240,320x240,PlayingGuitar,PlayingGuitar
v_PlayingGuitar_g02_c02,PlayingGuitar\v_PlayingGuitar_g02_c02.avi,PlayingGuitar,250,10.0,25.0,320,240,320x240,PlayingGuitar,PlayingGuitar
v_PlayingGuitar_g02_c03,PlayingGuitar\v_PlayingGuitar_g02_c03.avi,PlayingGuitar,250,10.0,25.0,320,240,320x240,PlayingGuitar,PlayingGuitar
v_PlayingGuitar_g02_c04,PlayingGuitar\v_PlayingGuitar_g02_c04.avi,PlayingGuitar,200,8.0,25.0,320,240,320x240,PlayingGuitar,PlayingGuitar
v_PlayingGuitar_g03_c01,PlayingGuitar\v_PlayingGuitar_g03_c01.avi,PlayingGuitar,250,10.0,25.0,320,240,320x240,PlayingGuitar,PlayingGuitar
v_PlayingGuitar_g03_c02,PlayingGuitar\v_PlayingGuitar_g03_c02.avi,PlayingGuitar,250,10.0,25.0,320,240,320x240,PlayingGuitar,PlayingGuitar
v_PlayingGuitar_g03_c03,PlayingGuitar\v_PlayingGuitar_g03_c03.avi,PlayingGuitar,250,10.0,25.0,320,240,320x240,PlayingGuitar,PlayingGuitar
v_PlayingGuitar_g03_c04,PlayingGuitar\v_PlayingGuitar_g03_c04.avi,PlayingGuitar,250,10.0,25.0,320,240,320x240,PlayingGuitar,PlayingGuitar
v_PlayingGuitar_g03_c05,PlayingGuitar\v_PlayingGuitar_g03_c05.avi,PlayingGuitar,250,10.0,25.0,320,240,320x240,PlayingGuitar,PlayingGuitar
v_PlayingGuitar_g03_c06,PlayingGuitar\v_PlayingGuitar_g03_c06.avi,PlayingGuitar,250,10.0,25.0,320,240,320x240,PlayingGuitar,PlayingGuitar
v_PlayingGuitar_g03_c07,PlayingGuitar\v_PlayingGuitar_g03_c07.avi,PlayingGuitar,250,10.0,25.0,320,240,320x240,PlayingGuitar,PlayingGuitar
v_PlayingGuitar_g04_c01,PlayingGuitar\v_PlayingGuitar_g04_c01.avi,PlayingGuitar,250,10.0,25.0,320,240,320x240,PlayingGuitar,PlayingGuitar
v_PlayingGuitar_g04_c02,PlayingGuitar\v_PlayingGuitar_g04_c02.avi,PlayingGuitar,250,10.0,25.0,320,240,320x240,PlayingGuitar,PlayingGuitar
v_PlayingGuitar_g04_c03,PlayingGuitar\v_PlayingGuitar_g04_c03.avi,PlayingGuitar,250,10.0,25.0,320,240,320x240,PlayingGuitar,PlayingGuitar
v_PlayingGuitar_g04_c04,PlayingGuitar\v_PlayingGuitar_g04_c04.avi,PlayingGuitar,250,10.0,25.0,320,240,320x240,PlayingGuitar,PlayingGuitar
v_PlayingGuitar_g04_c05,PlayingGuitar\v_PlayingGuitar_g04_c05.avi,PlayingGuitar,250,10.0,25.0,320,240,320x240,PlayingGuitar,PlayingGuitar
v_PlayingGuitar_g04_c06,PlayingGuitar\v_PlayingGuitar_g04_c06.avi,PlayingGuitar,250,10.0,25.0,320,240,320x240,PlayingGuitar,PlayingGuitar
v_PlayingGuitar_g04_c07,PlayingGuitar\v_PlayingGuitar_g04_c07.avi,PlayingGuitar,250,10.0,25.0,320,240,320x240,PlayingGuitar,PlayingGuitar
v_PlayingGuitar_g05_c01,PlayingGuitar\v_PlayingGuitar_g05_c01.avi,PlayingGuitar,250,10.0,25.0,320,240,320x240,PlayingGuitar,PlayingGuitar
v_PlayingGuitar_g05_c02,PlayingGuitar\v_PlayingGuitar_g05_c02.avi,PlayingGuitar,212,8.48,25.0,320,240,320x240,PlayingGuitar,PlayingGuitar
v_PlayingGuitar_g05_c03,PlayingGuitar\v_PlayingGuitar_g05_c03.avi,PlayingGuitar,250,10.0,25.0,320,240,320x240,PlayingGuitar,PlayingGuitar
v_PlayingGuitar_g05_c04,PlayingGuitar\v_PlayingGuitar_g05_c04.avi,PlayingGuitar,250,10.0,25.0,320,240,320x240,PlayingGuitar,PlayingGuitar
v_PlayingGuitar_g05_c05,PlayingGuitar\v_PlayingGuitar_g05_c05.avi,PlayingGuitar,234,9.36,25.0,320,240,320x240,PlayingGuitar,PlayingGuitar
v_PlayingGuitar_g06_c01,PlayingGuitar\v_PlayingGuitar_g06_c01.avi,PlayingGuitar,250,10.0,25.0,320,240,320x240,PlayingGuitar,PlayingGuitar
v_PlayingGuitar_g06_c02,PlayingGuitar\v_PlayingGuitar_g06_c02.avi,PlayingGuitar,250,10.0,25.0,320,240,320x240,PlayingGuitar,PlayingGuitar
v_PlayingGuitar_g06_c03,PlayingGuitar\v_PlayingGuitar_g06_c03.avi,PlayingGuitar,250,10.0,25.0,320,240,320x240,PlayingGuitar,PlayingGuitar
v_PlayingGuitar_g06_c04,PlayingGuitar\v_PlayingGuitar_g06_c04.avi,PlayingGuitar,250,10.0,25.0,320,240,320x240,PlayingGuitar,PlayingGuitar
v_PlayingGuitar_g06_c05,PlayingGuitar\v_PlayingGuitar_g06_c05.avi,PlayingGuitar,250,10.0,25.0,320,240,320x240,PlayingGuitar,PlayingGuitar
v_PlayingGuitar_g06_c06,PlayingGuitar\v_PlayingGuitar_g06_c06.avi,PlayingGuitar,250,10.0,25.0,320,240,320x240,PlayingGuitar,PlayingGuitar
v_PlayingGuitar_g06_c07,PlayingGuitar\v_PlayingGuitar_g06_c07.avi,PlayingGuitar,250,10.0,25.0,320,240,320x240,PlayingGuitar,PlayingGuitar
v_PlayingGuitar_g07_c01,PlayingGuitar\v_PlayingGuitar_g07_c01.avi,PlayingGuitar,250,10.0,25.0,320,240,320x240,PlayingGuitar,PlayingGuitar
v_PlayingGuitar_g07_c02,PlayingGuitar\v_PlayingGuitar_g07_c02.avi,PlayingGuitar,250,10.0,25.0,320,240,320x240,PlayingGuitar,PlayingGuitar
v_PlayingGuitar_g07_c03,PlayingGuitar\v_PlayingGuitar_g07_c03.avi,PlayingGuitar,250,10.0,25.0,320,240,320x240,PlayingGuitar,PlayingGuitar
v_PlayingGuitar_g07_c04,PlayingGuitar\v_PlayingGuitar_g07_c04.avi,PlayingGuitar,250,10.0,25.0,320,240,320x240,PlayingGuitar,PlayingGuitar
v_PlayingGuitar_g07_c05,PlayingGuitar\v_PlayingGuitar_g07_c05.avi,PlayingGuitar,250,10.0,25.0,320,240,320x240,PlayingGuitar,PlayingGuitar
v_PlayingGuitar_g07_c06,PlayingGuitar\v_PlayingGuitar_g07_c06.avi,PlayingGuitar,250,10.0,25.0,320,240,320x240,PlayingGuitar,PlayingGuitar
v_PlayingGuitar_g07_c07,PlayingGuitar\v_PlayingGuitar_g07_c07.avi,PlayingGuitar,250,10.0,25.0,320,240,320x240,PlayingGuitar,PlayingGuitar
v_PlayingPiano_g01_c01,PlayingPiano\v_PlayingPiano_g01_c01.avi,PlayingPiano,218,7.273933333333334,29.97002997002997,320,240,320x240,PlayingPiano,PlayingPiano
v_PlayingPiano_g01_c02,PlayingPiano\v_PlayingPiano_g01_c02.avi,PlayingPiano,221,7.374033333333333,29.97002997002997,320,240,320x240,PlayingPiano,PlayingPiano
v_PlayingPiano_g01_c03,PlayingPiano\v_PlayingPiano_g01_c03.avi,PlayingPiano,214,7.140466666666667,29.97002997002997,320,240,320x240,PlayingPiano,PlayingPiano
v_PlayingPiano_g01_c04,PlayingPiano\v_PlayingPiano_g01_c04.avi,PlayingPiano,215,7.1738333333333335,29.97002997002997,320,240,320x240,PlayingPiano,PlayingPiano
v_PlayingPiano_g02_c01,PlayingPiano\v_PlayingPiano_g02_c01.avi,PlayingPiano,225,7.5075,29.97002997002997,320,240,320x240,PlayingPiano,PlayingPiano
v_PlayingPiano_g02_c02,PlayingPiano\v_PlayingPiano_g02_c02.avi,PlayingPiano,217,7.240566666666667,29.97002997002997,320,240,320x240,PlayingPiano,PlayingPiano
v_PlayingPiano_g02_c03,PlayingPiano\v_PlayingPiano_g02_c03.avi,PlayingPiano,217,7.240566666666667,29.97002997002997,320,240,320x240,PlayingPiano,PlayingPiano
v_PlayingPiano_g02_c04,PlayingPiano\v_PlayingPiano_g02_c04.avi,PlayingPiano,210,7.007000000000001,29.97002997002997,320,240,320x240,PlayingPiano,PlayingPiano
v_PlayingPiano_g03_c01,PlayingPiano\v_PlayingPiano_g03_c01.avi,PlayingPiano,228,7.6076,29.97002997002997,320,240,320x240,PlayingPiano,PlayingPiano
v_PlayingPiano_g03_c02,PlayingPiano\v_PlayingPiano_g03_c02.avi,PlayingPiano,207,6.9069,29.97002997002997,320,240,320x240,PlayingPiano,PlayingPiano
v_PlayingPiano_g03_c03,PlayingPiano\v_PlayingPiano_g03_c03.avi,PlayingPiano,228,7.6076,29.97002997002997,320,240,320x240,PlayingPiano,PlayingPiano
v_PlayingPiano_g03_c04,PlayingPiano\v_PlayingPiano_g03_c04.avi,PlayingPiano,248,8.274933333333333,29.97002997002997,320,240,320x240,PlayingPiano,PlayingPiano
v_PlayingPiano_g04_c01,PlayingPiano\v_PlayingPiano_g04_c01.avi,PlayingPiano,212,7.073733333333333,29.97002997002997,320,240,320x240,PlayingPiano,PlayingPiano
v_PlayingPiano_g04_c02,PlayingPiano\v_PlayingPiano_g04_c02.avi,PlayingPiano,205,6.840166666666667,29.97002997002997,320,240,320x240,PlayingPiano,PlayingPiano
v_PlayingPiano_g04_c03,PlayingPiano\v_PlayingPiano_g04_c03.avi,PlayingPiano,205,6.840166666666667,29.97002997002997,320,240,320x240,PlayingPiano,PlayingPiano
v_PlayingPiano_g04_c04,PlayingPiano\v_PlayingPiano_g04_c04.avi,PlayingPiano,226,7.540866666666667,29.97002997002997,320,240,320x240,PlayingPiano,PlayingPiano
v_PlayingPiano_g05_c01,PlayingPiano\v_PlayingPiano_g05_c01.avi,PlayingPiano,212,7.073733333333333,29.97002997002997,320,240,320x240,PlayingPiano,PlayingPiano
v_PlayingPiano_g05_c02,PlayingPiano\v_PlayingPiano_g05_c02.avi,PlayingPiano,225,7.5075,29.97002997002997,320,240,320x240,PlayingPiano,PlayingPiano
v_PlayingPiano_g05_c03,PlayingPiano\v_PlayingPiano_g05_c03.avi,PlayingPiano,238,7.941266666666666,29.97002997002997,320,240,320x240,PlayingPiano,PlayingPiano
v_PlayingPiano_g05_c04,PlayingPiano\v_PlayingPiano_g05_c04.avi,PlayingPiano,238,7.941266666666666,29.97002997002997,320,240,320x240,PlayingPiano,PlayingPiano
v_PlayingPiano_g06_c01,PlayingPiano\v_PlayingPiano_g06_c01.avi,PlayingPiano,222,7.4074,29.97002997002997,320,240,320x240,PlayingPiano,PlayingPiano
v_PlayingPiano_g06_c02,PlayingPiano\v_PlayingPiano_g06_c02.avi,PlayingPiano,222,7.4074,29.97002997002997,320,240,320x240,PlayingPiano,PlayingPiano
v_PlayingPiano_g06_c03,PlayingPiano\v_PlayingPiano_g06_c03.avi,PlayingPiano,222,7.4074,29.97002997002997,320,240,320x240,PlayingPiano,PlayingPiano
v_PlayingPiano_g06_c04,PlayingPiano\v_PlayingPiano_g06_c04.avi,PlayingPiano,221,7.374033333333333,29.97002997002997,320,240,320x240,PlayingPiano,PlayingPiano
v_PlayingPiano_g07_c01,PlayingPiano\v_PlayingPiano_g07_c01.avi,PlayingPiano,212,7.073733333333333,29.97002997002997,320,240,320x240,PlayingPiano,PlayingPiano
v_PlayingPiano_g07_c02,PlayingPiano\v_PlayingPiano_g07_c02.avi,PlayingPiano,220,7.340666666666666,29.97002997002997,320,240,320x240,PlayingPiano,PlayingPiano
v_PlayingPiano_g07_c03,PlayingPiano\v_PlayingPiano_g07_c03.avi,PlayingPiano,228,7.6076,29.97002997002997,320,240,320x240,PlayingPiano,PlayingPiano
v_PlayingPiano_g07_c04,PlayingPiano\v_PlayingPiano_g07_c04.avi,PlayingPiano,205,6.840166666666667,29.97002997002997,320,240,320x240,PlayingPiano,PlayingPiano
v_PlayingSitar_g01_c01,PlayingSitar\v_PlayingSitar_g01_c01.avi,PlayingSitar,103,4.12,25.0,320,240,320x240,PlayingGuitar,PlayingSitar
v_PlayingSitar_g01_c02,PlayingSitar\v_PlayingSitar_g01_c02.avi,PlayingSitar,141,5.64,25.0,320,240,320x240,PlayingSitar,PlayingSitar
v_PlayingSitar_g01_c03,PlayingSitar\v_PlayingSitar_g01_c03.avi,PlayingSitar,129,5.16,25.0,320,240,320x240,PlayingSitar,PlayingSitar
v_PlayingSitar_g01_c04,PlayingSitar\v_PlayingSitar_g01_c04.avi,PlayingSitar,130,5.2,25.0,320,240,320x240,PlayingSitar,PlayingSitar
v_PlayingSitar_g02_c01,PlayingSitar\v_PlayingSitar_g02_c01.avi,PlayingSitar,250,10.0,25.0,320,240,320x240,PlayingSitar,PlayingSitar
v_PlayingSitar_g02_c02,PlayingSitar\v_PlayingSitar_g02_c02.avi,PlayingSitar,253,10.12,25.0,320,240,320x240,PlayingSitar,PlayingSitar
v_PlayingSitar_g02_c03,PlayingSitar\v_PlayingSitar_g02_c03.avi,PlayingSitar,255,10.2,25.0,320,240,320x240,PlayingSitar,PlayingSitar
v_PlayingSitar_g02_c04,PlayingSitar\v_PlayingSitar_g02_c04.avi,PlayingSitar,268,10.72,25.0,320,240,320x240,PlayingSitar,PlayingSitar
v_PlayingSitar_g02_c05,PlayingSitar\v_PlayingSitar_g02_c05.avi,PlayingSitar,250,10.0,25.0,320,240,320x240,PlayingSitar,PlayingSitar
v_PlayingSitar_g02_c06,PlayingSitar\v_PlayingSitar_g02_c06.avi,PlayingSitar,228,9.12,25.0,320,240,320x240,PlayingSitar,PlayingSitar
v_PlayingSitar_g03_c01,PlayingSitar\v_PlayingSitar_g03_c01.avi,PlayingSitar,355,14.2,25.0,320,240,320x240,PlayingGuitar,PlayingGuitar
v_PlayingSitar_g03_c02,PlayingSitar\v_PlayingSitar_g03_c02.avi,PlayingSitar,411,16.44,25.0,320,240,320x240,PlayingGuitar,PlayingGuitar
v_PlayingSitar_g03_c03,PlayingSitar\v_PlayingSitar_g03_c03.avi,PlayingSitar,423,16.92,25.0,320,240,320x240,PlayingGuitar,PlayingGuitar
v_PlayingSitar_g03_c04,PlayingSitar\v_PlayingSitar_g03_c04.avi,PlayingSitar,422,16.88,25.0,320,240,320x240,PlayingGuitar,PlayingGuitar
v_PlayingSitar_g03_c05,PlayingSitar\v_PlayingSitar_g03_c05.avi,PlayingSitar,419,16.76,25.0,320,240,320x240,PlayingGuitar,PlayingGuitar
v_PlayingSitar_g03_c06,PlayingSitar\v_PlayingSitar_g03_c06.avi,PlayingSitar,426,17.04,25.0,320,240,320x240,PlayingGuitar,PlayingGuitar
v_PlayingSitar_g03_c07,PlayingSitar\v_PlayingSitar_g03_c07.avi,PlayingSitar,421,16.84,25.0,320,240,320x240,PlayingGuitar,PlayingGuitar
v_PlayingSitar_g04_c01,PlayingSitar\v_PlayingSitar_g04_c01.avi,PlayingSitar,434,17.36,25.0,320,240,320x240,PlayingSitar,PlayingSitar
v_PlayingSitar_g04_c02,PlayingSitar\v_PlayingSitar_g04_c02.avi,PlayingSitar,420,16.8,25.0,320,240,320x240,PlayingSitar,PlayingSitar
v_PlayingSitar_g04_c03,PlayingSitar\v_PlayingSitar_g04_c03.avi,PlayingSitar,422,16.88,25.0,320,240,320x240,PlayingSitar,PlayingSitar
v_PlayingSitar_g04_c04,PlayingSitar\v_PlayingSitar_g04_c04.avi,PlayingSitar,427,17.08,25.0,320,240,320x240,PlayingSitar,PlayingSitar
v_PlayingSitar_g04_c05,PlayingSitar\v_PlayingSitar_g04_c05.avi,PlayingSitar,420,16.8,25.0,320,240,320x240,PlayingSitar,PlayingSitar
v_PlayingSitar_g04_c06,PlayingSitar\v_PlayingSitar_g04_c06.avi,PlayingSitar,415,16.6,25.0,320,240,320x240,PlayingSitar,PlayingSitar
v_PlayingSitar_g04_c07,PlayingSitar\v_PlayingSitar_g04_c07.avi,PlayingSitar,425,17.0,25.0,320,240,320x240,PlayingSitar,PlayingSitar
v_PlayingSitar_g05_c01,PlayingSitar\v_PlayingSitar_g05_c01.avi,PlayingSitar,406,16.24,25.0,320,240,320x240,PlayingSitar,PlayingSitar
v_PlayingSitar_g05_c02,PlayingSitar\v_PlayingSitar_g05_c02.avi,PlayingSitar,414,16.56,25.0,320,240,320x240,PlayingSitar,PlayingSitar
v_PlayingSitar_g05_c03,PlayingSitar\v_PlayingSitar_g05_c03.avi,PlayingSitar,428,17.12,25.0,320,240,320x240,PlayingSitar,PlayingSitar
v_PlayingSitar_g05_c04,PlayingSitar\v_PlayingSitar_g05_c04.avi,PlayingSitar,396,15.84,25.0,320,240,320x240,PlayingSitar,PlayingSitar
v_PlayingSitar_g05_c05,PlayingSitar\v_PlayingSitar_g05_c05.avi,PlayingSitar,436,17.44,25.0,320,240,320x240,PlayingSitar,PlayingSitar
v_PlayingSitar_g05_c06,PlayingSitar\v_PlayingSitar_g05_c06.avi,PlayingSitar,434,17.36,25.0,320,240,320x240,PlayingSitar,PlayingSitar
v_PlayingSitar_g05_c07,PlayingSitar\v_PlayingSitar_g05_c07.avi,PlayingSitar,321,12.84,25.0,320,240,320x240,PlayingSitar,PlayingSitar
v_PlayingSitar_g06_c01,PlayingSitar\v_PlayingSitar_g06_c01.avi,PlayingSitar,151,6.04,25.0,320,240,320x240,PlayingSitar,PlayingSitar
v_PlayingSitar_g06_c02,PlayingSitar\v_PlayingSitar_g06_c02.avi,PlayingSitar,150,6.0,25.0,320,240,320x240,PlayingSitar,PlayingSitar
v_PlayingSitar_g06_c03,PlayingSitar\v_PlayingSitar_g06_c03.avi,PlayingSitar,144,5.76,25.0,320,240,320x240,PlayingSitar,PlayingSitar
v_PlayingSitar_g06_c04,PlayingSitar\v_PlayingSitar_g06_c04.avi,PlayingSitar,144,5.76,25.0,320,240,320x240,PlayingSitar,PlayingSitar
v_PlayingSitar_g06_c05,PlayingSitar\v_PlayingSitar_g06_c05.avi,PlayingSitar,115,4.6,25.0,320,240,320x240,PlayingGuitar,PlayingSitar
v_PlayingSitar_g06_c06,PlayingSitar\v_PlayingSitar_g06_c06.avi,PlayingSitar,113,4.52,25.0,320,240,320x240,PlayingSitar,PlayingSitar
v_PlayingSitar_g07_c01,PlayingSitar\v_PlayingSitar_g07_c01.avi,PlayingSitar,386,15.44,25.0,320,240,320x240,PlayingSitar,PlayingSitar
v_PlayingSitar_g07_c02,PlayingSitar\v_PlayingSitar_g07_c02.avi,PlayingSitar,274,10.96,25.0,320,240,320x240,PlayingSitar,PlayingSitar
v_PlayingSitar_g07_c03,PlayingSitar\v_PlayingSitar_g07_c03.avi,PlayingSitar,362,14.48,25.0,320,240,320x240,PlayingSitar,PlayingSitar
v_PlayingSitar_g07_c04,PlayingSitar\v_PlayingSitar_g07_c04.avi,PlayingSitar,385,15.4,25.0,320,240,320x240,PlayingSitar,PlayingSitar
v_PlayingSitar_g07_c05,PlayingSitar\v_PlayingSitar_g07_c05.avi,PlayingSitar,372,14.88,25.0,320,240,320x240,PlayingSitar,PlayingSitar
v_PlayingSitar_g07_c06,PlayingSitar\v_PlayingSitar_g07_c06.avi,PlayingSitar,410,16.4,25.0,320,240,320x240,PlayingSitar,PlayingSitar
v_PlayingSitar_g07_c07,PlayingSitar\v_PlayingSitar_g07_c07.avi,PlayingSitar,246,9.84,25.0,320,240,320x240,PlayingSitar,PlayingSitar
v_PlayingTabla_g01_c01,PlayingTabla\v_PlayingTabla_g01_c01.avi,PlayingTabla,248,9.92,25.0,320,240,320x240,PlayingTabla,PlayingTabla
v_PlayingTabla_g01_c02,PlayingTabla\v_PlayingTabla_g01_c02.avi,PlayingTabla,251,10.04,25.0,320,240,320x240,PlayingTabla,PlayingTabla
v_PlayingTabla_g01_c03,PlayingTabla\v_PlayingTabla_g01_c03.avi,PlayingTabla,251,10.04,25.0,320,240,320x240,PlayingTabla,PlayingTabla
v_PlayingTabla_g01_c04,PlayingTabla\v_PlayingTabla_g01_c04.avi,PlayingTabla,255,10.2,25.0,320,240,320x240,PlayingTabla,PlayingTabla
v_PlayingTabla_g02_c01,PlayingTabla\v_PlayingTabla_g02_c01.avi,PlayingTabla,318,12.72,25.0,320,240,320x240,PlayingTabla,PlayingTabla
v_PlayingTabla_g02_c02,PlayingTabla\v_PlayingTabla_g02_c02.avi,PlayingTabla,290,11.6,25.0,320,240,320x240,PlayingTabla,PlayingTabla
v_PlayingTabla_g02_c03,PlayingTabla\v_PlayingTabla_g02_c03.avi,PlayingTabla,298,11.92,25.0,320,240,320x240,PlayingTabla,PlayingTabla
v_PlayingTabla_g02_c04,PlayingTabla\v_PlayingTabla_g02_c04.avi,PlayingTabla,313,12.52,25.0,320,240,320x240,PlayingTabla,PlayingTabla
v_PlayingTabla_g03_c01,PlayingTabla\v_PlayingTabla_g03_c01.avi,PlayingTabla,293,11.72,25.0,320,240,320x240,PlayingTabla,PlayingTabla
v_PlayingTabla_g03_c02,PlayingTabla\v_PlayingTabla_g03_c02.avi,PlayingTabla,313,12.52,25.0,320,240,320x240,PlayingTabla,PlayingTabla
v_PlayingTabla_g03_c03,PlayingTabla\v_PlayingTabla_g03_c03.avi,PlayingTabla,255,10.2,25.0,320,240,320x240,PlayingTabla,PlayingTabla
v_PlayingTabla_g03_c04,PlayingTabla\v_PlayingTabla_g03_c04.avi,PlayingTabla,236,9.44,25.0,320,240,320x240,PlayingTabla,PlayingTabla
v_PlayingTabla_g03_c05,PlayingTabla\v_PlayingTabla_g03_c05.avi,PlayingTabla,254,10.16,25.0,320,240,320x240,PlayingTabla,PlayingTabla
v_PlayingTabla_g04_c01,PlayingTabla\v_PlayingTabla_g04_c01.avi,PlayingTabla,249,9.96,25.0,320,240,320x240,PlayingTabla,PlayingTabla
v_PlayingTabla_g04_c02,PlayingTabla\v_PlayingTabla_g04_c02.avi,PlayingTabla,302,12.08,25.0,320,240,320x240,PlayingTabla,PlayingTabla
v_PlayingTabla_g04_c03,PlayingTabla\v_PlayingTabla_g04_c03.avi,PlayingTabla,297,11.88,25.0,320,240,320x240,PlayingTabla,PlayingTabla
v_PlayingTabla_g04_c04,PlayingTabla\v_PlayingTabla_g04_c04.avi,PlayingTabla,381,15.24,25.0,320,240,320x240,PlayingTabla,PlayingTabla
v_PlayingTabla_g04_c05,PlayingTabla\v_PlayingTabla_g04_c05.avi,PlayingTabla,319,12.76,25.0,320,240,320x240,PlayingTabla,PlayingTabla
v_PlayingTabla_g04_c06,PlayingTabla\v_PlayingTabla_g04_c06.avi,PlayingTabla,320,12.8,25.0,320,240,320x240,PlayingTabla,PlayingTabla
v_PlayingTabla_g05_c01,PlayingTabla\v_PlayingTabla_g05_c01.avi,PlayingTabla,270,10.8,25.0,320,240,320x240,PlayingDhol,PlayingTabla
v_PlayingTabla_g05_c02,PlayingTabla\v_PlayingTabla_g05_c02.avi,PlayingTabla,247,9.88,25.0,320,240,320x240,PlayingTabla,PlayingTabla
v_PlayingTabla_g05_c03,PlayingTabla\v_PlayingTabla_g05_c03.avi,PlayingTabla,260,10.4,25.0,320,240,320x240,PlayingTabla,PlayingTabla
v_PlayingTabla_g05_c04,PlayingTabla\v_PlayingTabla_g05_c04.avi,PlayingTabla,267,10.68,25.0,320,240,320x240,PlayingTabla,PlayingTabla
v_PlayingTabla_g06_c01,PlayingTabla\v_PlayingTabla_g06_c01.avi,PlayingTabla,209,8.36,25.0,320,240,320x240,PlayingTabla,PlayingTabla
v_PlayingTabla_g06_c02,PlayingTabla\v_PlayingTabla_g06_c02.avi,PlayingTabla,206,8.24,25.0,320,240,320x240,PlayingTabla,PlayingTabla
v_PlayingTabla_g06_c03,PlayingTabla\v_PlayingTabla_g06_c03.avi,PlayingTabla,244,9.76,25.0,320,240,320x240,PlayingTabla,PlayingTabla
v_PlayingTabla_g06_c04,PlayingTabla\v_PlayingTabla_g06_c04.avi,PlayingTabla,234,9.36,25.0,320,240,320x240,PlayingTabla,PlayingTabla
v_PlayingTabla_g07_c01,PlayingTabla\v_PlayingTabla_g07_c01.avi,PlayingTabla,251,10.04,25.0,320,240,320x240,PlayingTabla,PlayingTabla
v_PlayingTabla_g07_c02,PlayingTabla\v_PlayingTabla_g07_c02.avi,PlayingTabla,245,9.8,25.0,320,240,320x240,PlayingTabla,PlayingTabla
v_PlayingTabla_g07_c03,PlayingTabla\v_PlayingTabla_g07_c03.avi,PlayingTabla,266,10.64,25.0,320,240,320x240,PlayingTabla,PlayingTabla
v_PlayingTabla_g07_c04,PlayingTabla\v_PlayingTabla_g07_c04.avi,PlayingTabla,251,10.04,25.0,320,240,320x240,PlayingTabla,PlayingTabla
v_PlayingViolin_g01_c01,PlayingViolin\v_PlayingViolin_g01_c01.avi,PlayingViolin,186,7.44,25.0,320,240,320x240,PlayingViolin,PlayingViolin
v_PlayingViolin_g01_c02,PlayingViolin\v_PlayingViolin_g01_c02.avi,PlayingViolin,169,6.76,25.0,320,240,320x240,PlayingViolin,PlayingViolin
v_PlayingViolin_g01_c03,PlayingViolin\v_PlayingViolin_g01_c03.avi,PlayingViolin,170,6.8,25.0,320,240,320x240,PlayingViolin,PlayingViolin
v_PlayingViolin_g01_c04,PlayingViolin\v_PlayingViolin_g01_c04.avi,PlayingViolin,178,7.12,25.0,320,240,320x240,PlayingViolin,PlayingViolin
v_PlayingViolin_g02_c01,PlayingViolin\v_PlayingViolin_g02_c01.avi,PlayingViolin,169,6.76,25.0,320,240,320x240,PlayingViolin,PlayingViolin
v_PlayingViolin_g02_c02,PlayingViolin\v_PlayingViolin_g02_c02.avi,PlayingViolin,339,13.56,25.0,320,240,320x240,PlayingViolin,PlayingViolin
v_PlayingViolin_g02_c03,PlayingViolin\v_PlayingViolin_g02_c03.avi,PlayingViolin,509,20.36,25.0,320,240,320x240,PlayingViolin,PlayingViolin
v_PlayingViolin_g02_c04,PlayingViolin\v_PlayingViolin_g02_c04.avi,PlayingViolin,180,7.2,25.0,320,240,320x240,PlayingViolin,PlayingViolin
v_PlayingViolin_g03_c01,PlayingViolin\v_PlayingViolin_g03_c01.avi,PlayingViolin,181,7.24,25.0,320,240,320x240,PlayingViolin,PlayingViolin
v_PlayingViolin_g03_c02,PlayingViolin\v_PlayingViolin_g03_c02.avi,PlayingViolin,181,7.24,25.0,320,240,320x240,PlayingViolin,PlayingViolin
v_PlayingViolin_g03_c03,PlayingViolin\v_PlayingViolin_g03_c03.avi,PlayingViolin,181,7.24,25.0,320,240,320x240,PlayingViolin,PlayingViolin
v_PlayingViolin_g03_c04,PlayingViolin\v_PlayingViolin_g03_c04.avi,PlayingViolin,199,7.96,25.0,320,240,320x240,PlayingViolin,PlayingViolin
v_PlayingViolin_g04_c01,PlayingViolin\v_PlayingViolin_g04_c01.avi,PlayingViolin,176,7.04,25.0,320,240,320x240,PlayingViolin,PlayingViolin
v_PlayingViolin_g04_c02,PlayingViolin\v_PlayingViolin_g04_c02.avi,PlayingViolin,174,6.96,25.0,320,240,320x240,PlayingViolin,PlayingViolin
v_PlayingViolin_g04_c03,PlayingViolin\v_PlayingViolin_g04_c03.avi,PlayingViolin,169,6.76,25.0,320,240,320x240,PlayingViolin,PlayingViolin
v_PlayingViolin_g04_c04,PlayingViolin\v_PlayingViolin_g04_c04.avi,PlayingViolin,176,7.04,25.0,320,240,320x240,PlayingViolin,PlayingViolin
v_PlayingViolin_g05_c01,PlayingViolin\v_PlayingViolin_g05_c01.avi,PlayingViolin,176,7.04,25.0,320,240,320x240,PlayingViolin,PlayingViolin
v_PlayingViolin_g05_c02,PlayingViolin\v_PlayingViolin_g05_c02.avi,PlayingViolin,176,7.04,25.0,320,240,320x240,PlayingViolin,PlayingViolin
v_PlayingViolin_g05_c03,PlayingViolin\v_PlayingViolin_g05_c03.avi,PlayingViolin,169,6.76,25.0,320,240,320x240,PlayingViolin,PlayingViolin
v_PlayingViolin_g05_c04,PlayingViolin\v_PlayingViolin_g05_c04.avi,PlayingViolin,184,7.36,25.0,320,240,320x240,PlayingViolin,PlayingViolin
v_PlayingViolin_g06_c01,PlayingViolin\v_PlayingViolin_g06_c01.avi,PlayingViolin,177,7.08,25.0,320,240,320x240,PlayingViolin,PlayingViolin
v_PlayingViolin_g06_c02,PlayingViolin\v_PlayingViolin_g06_c02.avi,PlayingViolin,176,7.04,25.0,320,240,320x240,PlayingViolin,PlayingViolin
v_PlayingViolin_g06_c03,PlayingViolin\v_PlayingViolin_g06_c03.avi,PlayingViolin,177,7.08,25.0,320,240,320x240,PlayingViolin,PlayingViolin
v_PlayingViolin_g06_c04,PlayingViolin\v_PlayingViolin_g06_c04.avi,PlayingViolin,187,7.48,25.0,320,240,320x240,PlayingViolin,PlayingViolin
v_PlayingViolin_g07_c01,PlayingViolin\v_PlayingViolin_g07_c01.avi,PlayingViolin,178,7.12,25.0,320,240,320x240,PlayingViolin,PlayingViolin
v_PlayingViolin_g07_c02,PlayingViolin\v_PlayingViolin_g07_c02.avi,PlayingViolin,174,6.96,25.0,320,240,320x240,PlayingViolin,PlayingViolin
v_PlayingViolin_g07_c03,PlayingViolin\v_PlayingViolin_g07_c03.avi,PlayingViolin,168,6.72,25.0,320,240,320x240,PlayingViolin,PlayingViolin
v_PlayingViolin_g07_c04,PlayingViolin\v_PlayingViolin_g07_c04.avi,PlayingViolin,173,6.92,25.0,320,240,320x240,PlayingViolin,PlayingViolin
v_PoleVault_g01_c01,PoleVault\v_PoleVault_g01_c01.avi,PoleVault,196,6.539866666666667,29.97002997002997,320,240,320x240,PoleVault,PoleVault
v_PoleVault_g01_c02,PoleVault\v_PoleVault_g01_c02.avi,PoleVault,241,8.041366666666667,29.97002997002997,320,240,320x240,ThrowDiscus,PoleVault
v_PoleVault_g01_c03,PoleVault\v_PoleVault_g01_c03.avi,PoleVault,209,6.973633333333334,29.97002997002997,320,240,320x240,PoleVault,PoleVault
v_PoleVault_g01_c04,PoleVault\v_PoleVault_g01_c04.avi,PoleVault,201,6.7067000000000005,29.97002997002997,320,240,320x240,PoleVault,PoleVault
v_PoleVault_g01_c05,PoleVault\v_PoleVault_g01_c05.avi,PoleVault,195,6.5065,29.97002997002997,320,240,320x240,PoleVault,PoleVault
v_PoleVault_g02_c01,PoleVault\v_PoleVault_g02_c01.avi,PoleVault,118,3.937266666666667,29.97002997002997,320,240,320x240,PoleVault,PoleVault
v_PoleVault_g02_c02,PoleVault\v_PoleVault_g02_c02.avi,PoleVault,80,2.6693333333333333,29.97002997002997,320,240,320x240,HighJump,PoleVault
v_PoleVault_g02_c03,PoleVault\v_PoleVault_g02_c03.avi,PoleVault,117,3.9039,29.97002997002997,320,240,320x240,PoleVault,PoleVault
v_PoleVault_g02_c04,PoleVault\v_PoleVault_g02_c04.avi,PoleVault,101,3.370033333333333,29.97002997002997,320,240,320x240,PoleVault,PoleVault
v_PoleVault_g02_c05,PoleVault\v_PoleVault_g02_c05.avi,PoleVault,100,3.336666666666667,29.97002997002997,320,240,320x240,TrampolineJumping,TrampolineJumping
v_PoleVault_g02_c06,PoleVault\v_PoleVault_g02_c06.avi,PoleVault,97,3.2365666666666666,29.97002997002997,320,240,320x240,HighJump,PoleVault
v_PoleVault_g02_c07,PoleVault\v_PoleVault_g02_c07.avi,PoleVault,108,3.6036,29.97002997002997,320,240,320x240,HighJump,PoleVault
v_PoleVault_g03_c01,PoleVault\v_PoleVault_g03_c01.avi,PoleVault,181,6.039366666666667,29.97002997002997,320,240,320x240,PoleVault,PoleVault
v_PoleVault_g03_c02,PoleVault\v_PoleVault_g03_c02.avi,PoleVault,197,6.5732333333333335,29.97002997002997,320,240,320x240,PoleVault,PoleVault
v_PoleVault_g03_c03,PoleVault\v_PoleVault_g03_c03.avi,PoleVault,222,7.4074,29.97002997002997,320,240,320x240,TrampolineJumping,PoleVault
v_PoleVault_g03_c04,PoleVault\v_PoleVault_g03_c04.avi,PoleVault,255,8.5085,29.97002997002997,320,240,320x240,PoleVault,PoleVault
v_PoleVault_g03_c05,PoleVault\v_PoleVault_g03_c05.avi,PoleVault,176,5.872533333333333,29.97002997002997,320,240,320x240,PoleVault,PoleVault
v_PoleVault_g03_c06,PoleVault\v_PoleVault_g03_c06.avi,PoleVault,227,7.574233333333334,29.97002997002997,320,240,320x240,PoleVault,PoleVault
v_PoleVault_g03_c07,PoleVault\v_PoleVault_g03_c07.avi,PoleVault,272,9.075733333333334,29.97002997002997,320,240,320x240,PoleVault,PoleVault
v_PoleVault_g04_c01,PoleVault\v_PoleVault_g04_c01.avi,PoleVault,210,7.007000000000001,29.97002997002997,320,240,320x240,HighJump,HighJump
v_PoleVault_g04_c02,PoleVault\v_PoleVault_g04_c02.avi,PoleVault,218,7.273933333333334,29.97002997002997,320,240,320x240,HighJump,LongJump
v_PoleVault_g04_c03,PoleVault\v_PoleVault_g04_c03.avi,PoleVault,219,7.307300000000001,29.97002997002997,320,240,320x240,PoleVault,PoleVault
v_PoleVault_g04_c04,PoleVault\v_PoleVault_g04_c04.avi,PoleVault,186,6.2062,29.97002997002997,320,240,320x240,HighJump,JavelinThrow
v_PoleVault_g04_c05,PoleVault\v_PoleVault_g04_c05.avi,PoleVault,255,8.5085,29.97002997002997,320,240,320x240,PoleVault,JavelinThrow
v_PoleVault_g04_c06,PoleVault\v_PoleVault_g04_c06.avi,PoleVault,186,6.2062,29.97002997002997,320,240,320x240,HighJump,PoleVault
v_PoleVault_g04_c07,PoleVault\v_PoleVault_g04_c07.avi,PoleVault,203,6.773433333333333,29.97002997002997,320,240,320x240,LongJump,LongJump
v_PoleVault_g05_c01,PoleVault\v_PoleVault_g05_c01.avi,PoleVault,216,7.2072,29.97002997002997,320,240,320x240,PoleVault,PoleVault
v_PoleVault_g05_c02,PoleVault\v_PoleVault_g05_c02.avi,PoleVault,315,10.5105,29.97002997002997,320,240,320x240,PoleVault,PoleVault
v_PoleVault_g05_c03,PoleVault\v_PoleVault_g05_c03.avi,PoleVault,201,6.7067000000000005,29.97002997002997,320,240,320x240,PoleVault,PoleVault
v_PoleVault_g05_c04,PoleVault\v_PoleVault_g05_c04.avi,PoleVault,267,8.908900000000001,29.97002997002997,320,240,320x240,PoleVault,PoleVault
v_PoleVault_g05_c05,PoleVault\v_PoleVault_g05_c05.avi,PoleVault,161,5.372033333333333,29.97002997002997,320,240,320x240,PoleVault,PoleVault
v_PoleVault_g06_c01,PoleVault\v_PoleVault_g06_c01.avi,PoleVault,129,4.3043000000000005,29.97002997002997,320,240,320x240,PoleVault,PoleVault
v_PoleVault_g06_c02,PoleVault\v_PoleVault_g06_c02.avi,PoleVault,154,5.138466666666667,29.97002997002997,320,240,320x240,PoleVault,PoleVault
v_PoleVault_g06_c03,PoleVault\v_PoleVault_g06_c03.avi,PoleVault,156,5.2052000000000005,29.97002997002997,320,240,320x240,PoleVault,PoleVault
v_PoleVault_g06_c04,PoleVault\v_PoleVault_g06_c04.avi,PoleVault,278,9.275933333333333,29.97002997002997,320,240,320x240,PoleVault,PoleVault
v_PoleVault_g06_c05,PoleVault\v_PoleVault_g06_c05.avi,PoleVault,260,8.675333333333333,29.97002997002997,320,240,320x240,PoleVault,PoleVault
v_PoleVault_g07_c01,PoleVault\v_PoleVault_g07_c01.avi,PoleVault,260,8.675333333333333,29.97002997002997,320,240,320x240,PoleVault,PoleVault
v_PoleVault_g07_c02,PoleVault\v_PoleVault_g07_c02.avi,PoleVault,199,6.639966666666667,29.97002997002997,320,240,320x240,PoleVault,PoleVault
v_PoleVault_g07_c03,PoleVault\v_PoleVault_g07_c03.avi,PoleVault,221,7.374033333333333,29.97002997002997,320,240,320x240,PoleVault,PoleVault
v_PoleVault_g07_c04,PoleVault\v_PoleVault_g07_c04.avi,PoleVault,318,10.6106,29.97002997002997,320,240,320x240,PoleVault,PoleVault
v_PommelHorse_g01_c01,PommelHorse\v_PommelHorse_g01_c01.avi,PommelHorse,396,13.2132,29.97002997002997,320,240,320x240,FloorGymnastics,PommelHorse
v_PommelHorse_g01_c02,PommelHorse\v_PommelHorse_g01_c02.avi,PommelHorse,401,13.380033333333332,29.97002997002997,320,240,320x240,FloorGymnastics,PommelHorse
v_PommelHorse_g01_c03,PommelHorse\v_PommelHorse_g01_c03.avi,PommelHorse,374,12.479133333333332,29.97002997002997,320,240,320x240,HighJump,PommelHorse
v_PommelHorse_g01_c04,PommelHorse\v_PommelHorse_g01_c04.avi,PommelHorse,357,11.9119,29.97002997002997,320,240,320x240,HighJump,PommelHorse
v_PommelHorse_g01_c05,PommelHorse\v_PommelHorse_g01_c05.avi,PommelHorse,305,10.176833333333333,29.97002997002997,320,240,320x240,HighJump,PommelHorse
v_PommelHorse_g01_c06,PommelHorse\v_PommelHorse_g01_c06.avi,PommelHorse,308,10.276933333333334,29.97002997002997,320,240,320x240,HighJump,PommelHorse
v_PommelHorse_g01_c07,PommelHorse\v_PommelHorse_g01_c07.avi,PommelHorse,504,16.8168,29.97002997002997,320,240,320x240,FloorGymnastics,PommelHorse
v_PommelHorse_g02_c01,PommelHorse\v_PommelHorse_g02_c01.avi,PommelHorse,317,10.577233333333334,29.97002997002997,320,240,320x240,HighJump,FloorGymnastics
v_PommelHorse_g02_c02,PommelHorse\v_PommelHorse_g02_c02.avi,PommelHorse,312,10.4104,29.97002997002997,320,240,320x240,HighJump,PommelHorse
v_PommelHorse_g02_c03,PommelHorse\v_PommelHorse_g02_c03.avi,PommelHorse,312,10.4104,29.97002997002997,320,240,320x240,FloorGymnastics,PommelHorse
v_PommelHorse_g02_c04,PommelHorse\v_PommelHorse_g02_c04.avi,PommelHorse,493,16.449766666666665,29.97002997002997,320,240,320x240,FloorGymnastics,PommelHorse
v_PommelHorse_g03_c01,PommelHorse\v_PommelHorse_g03_c01.avi,PommelHorse,231,7.721448467966574,29.916666666666668,320,240,320x240,PoleVault,PommelHorse
v_PommelHorse_g03_c02,PommelHorse\v_PommelHorse_g03_c02.avi,PommelHorse,243,8.122562674094707,29.916666666666668,320,240,320x240,FloorGymnastics,PommelHorse
v_PommelHorse_g03_c03,PommelHorse\v_PommelHorse_g03_c03.avi,PommelHorse,251,8.389972144846796,29.916666666666668,320,240,320x240,FloorGymnastics,PommelHorse
v_PommelHorse_g03_c04,PommelHorse\v_PommelHorse_g03_c04.avi,PommelHorse,239,7.988857938718662,29.916666666666668,320,240,320x240,FloorGymnastics,PommelHorse
v_PommelHorse_g04_c01,PommelHorse\v_PommelHorse_g04_c01.avi,PommelHorse,298,9.943266666666666,29.97002997002997,320,240,320x240,PommelHorse,PlayingDaf
v_PommelHorse_g04_c02,PommelHorse\v_PommelHorse_g04_c02.avi,PommelHorse,298,9.943266666666666,29.97002997002997,320,240,320x240,PommelHorse,PommelHorse
v_PommelHorse_g04_c03,PommelHorse\v_PommelHorse_g04_c03.avi,PommelHorse,308,10.276933333333334,29.97002997002997,320,240,320x240,PommelHorse,PommelHorse
v_PommelHorse_g04_c04,PommelHorse\v_PommelHorse_g04_c04.avi,PommelHorse,298,9.943266666666666,29.97002997002997,320,240,320x240,PommelHorse,PlayingDaf
v_PommelHorse_g04_c05,PommelHorse\v_PommelHorse_g04_c05.avi,PommelHorse,398,13.279933333333334,29.97002997002997,320,240,320x240,PommelHorse,PommelHorse
v_PommelHorse_g05_c01,PommelHorse\v_PommelHorse_g05_c01.avi,PommelHorse,243,8.122562674094707,29.916666666666668,400,226,400x226,TableTennisShot,PommelHorse
v_PommelHorse_g05_c02,PommelHorse\v_PommelHorse_g05_c02.avi,PommelHorse,251,8.389972144846796,29.916666666666668,400,226,400x226,FloorGymnastics,PommelHorse
v_PommelHorse_g05_c03,PommelHorse\v_PommelHorse_g05_c03.avi,PommelHorse,247,8.256267409470752,29.916666666666668,400,226,400x226,TableTennisShot,PommelHorse
v_PommelHorse_g05_c04,PommelHorse\v_PommelHorse_g05_c04.avi,PommelHorse,294,9.827298050139277,29.916666666666668,400,226,400x226,FloorGymnastics,PommelHorse
v_PommelHorse_g06_c01,PommelHorse\v_PommelHorse_g06_c01.avi,PommelHorse,301,10.043366666666667,29.97002997002997,320,240,320x240,Diving,PommelHorse
v_PommelHorse_g06_c02,PommelHorse\v_PommelHorse_g06_c02.avi,PommelHorse,298,9.943266666666666,29.97002997002997,320,240,320x240,Diving,PommelHorse
v_PommelHorse_g06_c03,PommelHorse\v_PommelHorse_g06_c03.avi,PommelHorse,301,10.043366666666667,29.97002997002997,320,240,320x240,PoleVault,PommelHorse
v_PommelHorse_g06_c04,PommelHorse\v_PommelHorse_g06_c04.avi,PommelHorse,308,10.276933333333334,29.97002997002997,320,240,320x240,HighJump,PommelHorse
v_PommelHorse_g07_c01,PommelHorse\v_PommelHorse_g07_c01.avi,PommelHorse,375,12.5125,29.97002997002997,320,240,320x240,FloorGymnastics,UnevenBars
v_PommelHorse_g07_c02,PommelHorse\v_PommelHorse_g07_c02.avi,PommelHorse,513,17.1171,29.97002997002997,320,240,320x240,FloorGymnastics,UnevenBars
v_PommelHorse_g07_c03,PommelHorse\v_PommelHorse_g07_c03.avi,PommelHorse,435,14.5145,29.97002997002997,320,240,320x240,FloorGymnastics,PommelHorse
v_PommelHorse_g07_c04,PommelHorse\v_PommelHorse_g07_c04.avi,PommelHorse,457,15.248566666666669,29.97002997002997,320,240,320x240,FloorGymnastics,PommelHorse
v_PommelHorse_g07_c05,PommelHorse\v_PommelHorse_g07_c05.avi,PommelHorse,387,12.9129,29.97002997002997,320,240,320x240,FloorGymnastics,PommelHorse
v_PommelHorse_g07_c06,PommelHorse\v_PommelHorse_g07_c06.avi,PommelHorse,670,22.355666666666668,29.97002997002997,320,240,320x240,FloorGymnastics,PommelHorse
v_PommelHorse_g07_c07,PommelHorse\v_PommelHorse_g07_c07.avi,PommelHorse,632,21.087733333333333,29.97002997002997,320,240,320x240,FloorGymnastics,PommelHorse
v_PullUps_g01_c01,PullUps\v_PullUps_g01_c01.avi,PullUps,167,5.572233333333333,29.97002997002997,320,240,320x240,PullUps,PullUps
v_PullUps_g01_c02,PullUps\v_PullUps_g01_c02.avi,PullUps,138,4.6046000000000005,29.97002997002997,320,240,320x240,PullUps,PullUps
v_PullUps_g01_c03,PullUps\v_PullUps_g01_c03.avi,PullUps,181,6.039366666666667,29.97002997002997,320,240,320x240,PullUps,PullUps
v_PullUps_g01_c04,PullUps\v_PullUps_g01_c04.avi,PullUps,157,5.238566666666666,29.97002997002997,320,240,320x240,PullUps,PullUps
v_PullUps_g02_c01,PullUps\v_PullUps_g02_c01.avi,PullUps,122,4.070733333333333,29.97002997002997,320,240,320x240,PullUps,PullUps
v_PullUps_g02_c02,PullUps\v_PullUps_g02_c02.avi,PullUps,176,5.872533333333333,29.97002997002997,320,240,320x240,PullUps,PullUps
v_PullUps_g02_c03,PullUps\v_PullUps_g02_c03.avi,PullUps,131,4.371033333333333,29.97002997002997,320,240,320x240,PullUps,PullUps
v_PullUps_g02_c04,PullUps\v_PullUps_g02_c04.avi,PullUps,178,5.939266666666667,29.97002997002997,320,240,320x240,PullUps,PullUps
v_PullUps_g03_c01,PullUps\v_PullUps_g03_c01.avi,PullUps,178,5.939266666666667,29.97002997002997,320,240,320x240,PullUps,PullUps
v_PullUps_g03_c02,PullUps\v_PullUps_g03_c02.avi,PullUps,208,6.940266666666667,29.97002997002997,320,240,320x240,PullUps,PullUps
v_PullUps_g03_c03,PullUps\v_PullUps_g03_c03.avi,PullUps,203,6.773433333333333,29.97002997002997,320,240,320x240,PullUps,PullUps
v_PullUps_g03_c04,PullUps\v_PullUps_g03_c04.avi,PullUps,249,8.308300000000001,29.97002997002997,320,240,320x240,PullUps,PullUps
v_PullUps_g04_c01,PullUps\v_PullUps_g04_c01.avi,PullUps,141,4.7047,29.97002997002997,320,240,320x240,PullUps,PullUps
v_PullUps_g04_c02,PullUps\v_PullUps_g04_c02.avi,PullUps,142,4.738066666666667,29.97002997002997,320,240,320x240,PullUps,PullUps
v_PullUps_g04_c03,PullUps\v_PullUps_g04_c03.avi,PullUps,154,5.138466666666667,29.97002997002997,320,240,320x240,PullUps,PullUps
v_PullUps_g04_c04,PullUps\v_PullUps_g04_c04.avi,PullUps,138,4.6046000000000005,29.97002997002997,320,240,320x240,PullUps,PoleVault
v_PullUps_g05_c01,PullUps\v_PullUps_g05_c01.avi,PullUps,174,5.8058000000000005,29.97002997002997,320,240,320x240,PullUps,PullUps
v_PullUps_g05_c02,PullUps\v_PullUps_g05_c02.avi,PullUps,121,4.037366666666666,29.97002997002997,320,240,320x240,PullUps,PullUps
v_PullUps_g05_c03,PullUps\v_PullUps_g05_c03.avi,PullUps,108,3.6036,29.97002997002997,320,240,320x240,PullUps,PullUps
v_PullUps_g05_c04,PullUps\v_PullUps_g05_c04.avi,PullUps,144,4.8048,29.97002997002997,320,240,320x240,PullUps,PullUps
v_PullUps_g06_c01,PullUps\v_PullUps_g06_c01.avi,PullUps,84,2.8028,29.97002997002997,320,240,320x240,PullUps,PullUps
v_PullUps_g06_c02,PullUps\v_PullUps_g06_c02.avi,PullUps,87,2.9029000000000003,29.97002997002997,320,240,320x240,PullUps,PullUps
v_PullUps_g06_c03,PullUps\v_PullUps_g06_c03.avi,PullUps,98,3.2699333333333334,29.97002997002997,320,240,320x240,PullUps,PullUps
v_PullUps_g06_c04,PullUps\v_PullUps_g06_c04.avi,PullUps,170,5.672333333333333,29.97002997002997,320,240,320x240,PullUps,PullUps
v_PullUps_g07_c01,PullUps\v_PullUps_g07_c01.avi,PullUps,98,3.2699333333333334,29.97002997002997,320,240,320x240,HighJump,BalanceBeam
v_PullUps_g07_c02,PullUps\v_PullUps_g07_c02.avi,PullUps,128,4.270933333333334,29.97002997002997,320,240,320x240,BalanceBeam,BalanceBeam
v_PullUps_g07_c03,PullUps\v_PullUps_g07_c03.avi,PullUps,93,3.1031,29.97002997002997,320,240,320x240,BalanceBeam,BalanceBeam
v_PullUps_g07_c04,PullUps\v_PullUps_g07_c04.avi,PullUps,93,3.1031,29.97002997002997,320,240,320x240,HighJump,BalanceBeam
v_Punch_g01_c01,Punch\v_Punch_g01_c01.avi,Punch,121,4.84,25.0,320,240,320x240,BoxingSpeedBag,Punch
v_Punch_g01_c02,Punch\v_Punch_g01_c02.avi,Punch,133,5.32,25.0,320,240,320x240,BoxingPunchingBag,SumoWrestling
v_Punch_g01_c03,Punch\v_Punch_g01_c03.avi,Punch,48,1.92,25.0,320,240,320x240,BoxingSpeedBag,Punch
v_Punch_g01_c04,Punch\v_Punch_g01_c04.avi,Punch,101,4.04,25.0,320,240,320x240,BoxingPunchingBag,Punch
v_Punch_g01_c05,Punch\v_Punch_g01_c05.avi,Punch,71,2.84,25.0,320,240,320x240,BoxingPunchingBag,SumoWrestling
v_Punch_g02_c01,Punch\v_Punch_g02_c01.avi,Punch,231,9.24,25.0,320,240,320x240,BoxingSpeedBag,BoxingPunchingBag
v_Punch_g02_c02,Punch\v_Punch_g02_c02.avi,Punch,110,4.4,25.0,320,240,320x240,BoxingSpeedBag,BoxingPunchingBag
v_Punch_g02_c03,Punch\v_Punch_g02_c03.avi,Punch,48,1.92,25.0,320,240,320x240,BoxingSpeedBag,BoxingPunchingBag
v_Punch_g02_c04,Punch\v_Punch_g02_c04.avi,Punch,55,2.2,25.0,320,240,320x240,BoxingPunchingBag,BoxingPunchingBag
v_Punch_g03_c01,Punch\v_Punch_g03_c01.avi,Punch,108,4.32,25.0,320,240,320x240,BoxingPunchingBag,Punch
v_Punch_g03_c02,Punch\v_Punch_g03_c02.avi,Punch,294,11.76,25.0,320,240,320x240,BoxingPunchingBag,Punch
v_Punch_g03_c03,Punch\v_Punch_g03_c03.avi,Punch,138,5.52,25.0,320,240,320x240,BoxingPunchingBag,Punch
v_Punch_g03_c04,Punch\v_Punch_g03_c04.avi,Punch,148,5.92,25.0,320,240,320x240,BoxingPunchingBag,Punch
v_Punch_g04_c01,Punch\v_Punch_g04_c01.avi,Punch,155,6.2,25.0,320,240,320x240,BoxingPunchingBag,Punch
v_Punch_g04_c02,Punch\v_Punch_g04_c02.avi,Punch,300,12.0,25.0,320,240,320x240,BoxingPunchingBag,Punch
v_Punch_g04_c03,Punch\v_Punch_g04_c03.avi,Punch,261,10.44,25.0,320,240,320x240,BoxingPunchingBag,Punch
v_Punch_g04_c04,Punch\v_Punch_g04_c04.avi,Punch,300,12.0,25.0,320,240,320x240,BoxingPunchingBag,Punch
v_Punch_g04_c05,Punch\v_Punch_g04_c05.avi,Punch,198,7.92,25.0,320,240,320x240,BoxingPunchingBag,Punch
v_Punch_g05_c01,Punch\v_Punch_g05_c01.avi,Punch,300,12.0,25.0,320,240,320x240,BoxingSpeedBag,Punch
v_Punch_g05_c02,Punch\v_Punch_g05_c02.avi,Punch,300,12.0,25.0,320,240,320x240,BoxingSpeedBag,Punch
v_Punch_g05_c03,Punch\v_Punch_g05_c03.avi,Punch,300,12.0,25.0,320,240,320x240,BoxingSpeedBag,Punch
v_Punch_g05_c04,Punch\v_Punch_g05_c04.avi,Punch,300,12.0,25.0,320,240,320x240,BoxingSpeedBag,Punch
v_Punch_g05_c05,Punch\v_Punch_g05_c05.avi,Punch,300,12.0,25.0,320,240,320x240,BoxingSpeedBag,Punch
v_Punch_g05_c06,Punch\v_Punch_g05_c06.avi,Punch,300,12.0,25.0,320,240,320x240,BoxingSpeedBag,Punch
v_Punch_g05_c07,Punch\v_Punch_g05_c07.avi,Punch,300,12.0,25.0,320,240,320x240,BoxingSpeedBag,Punch
v_Punch_g06_c01,Punch\v_Punch_g06_c01.avi,Punch,300,12.0,25.0,320,240,320x240,BoxingSpeedBag,BoxingPunchingBag
v_Punch_g06_c02,Punch\v_Punch_g06_c02.avi,Punch,300,12.0,25.0,320,240,320x240,BoxingSpeedBag,BoxingPunchingBag
v_Punch_g06_c03,Punch\v_Punch_g06_c03.avi,Punch,271,10.84,25.0,320,240,320x240,BoxingSpeedBag,BoxingPunchingBag
v_Punch_g06_c04,Punch\v_Punch_g06_c04.avi,Punch,300,12.0,25.0,320,240,320x240,BoxingSpeedBag,BoxingPunchingBag
v_Punch_g06_c05,Punch\v_Punch_g06_c05.avi,Punch,300,12.0,25.0,320,240,320x240,BoxingSpeedBag,BoxingPunchingBag
v_Punch_g06_c06,Punch\v_Punch_g06_c06.avi,Punch,292,11.68,25.0,320,240,320x240,BoxingSpeedBag,BoxingPunchingBag
v_Punch_g06_c07,Punch\v_Punch_g06_c07.avi,Punch,300,12.0,25.0,320,240,320x240,BoxingSpeedBag,BoxingPunchingBag
v_Punch_g07_c01,Punch\v_Punch_g07_c01.avi,Punch,300,12.0,25.0,320,240,320x240,BoxingSpeedBag,Punch
v_Punch_g07_c02,Punch\v_Punch_g07_c02.avi,Punch,292,11.68,25.0,320,240,320x240,BoxingSpeedBag,Punch
v_Punch_g07_c03,Punch\v_Punch_g07_c03.avi,Punch,300,12.0,25.0,320,240,320x240,BoxingSpeedBag,Punch
v_Punch_g07_c04,Punch\v_Punch_g07_c04.avi,Punch,300,12.0,25.0,320,240,320x240,BoxingSpeedBag,Punch
v_Punch_g07_c05,Punch\v_Punch_g07_c05.avi,Punch,300,12.0,25.0,320,240,320x240,BoxingSpeedBag,Punch
v_Punch_g07_c06,Punch\v_Punch_g07_c06.avi,Punch,300,12.0,25.0,320,240,320x240,BoxingPunchingBag,Punch
v_Punch_g07_c07,Punch\v_Punch_g07_c07.avi,Punch,300,12.0,25.0,320,240,320x240,BoxingSpeedBag,Punch
v_PushUps_g01_c01,PushUps\v_PushUps_g01_c01.avi,PushUps,56,2.24,25.0,320,240,320x240,PushUps,WallPushups
v_PushUps_g01_c02,PushUps\v_PushUps_g01_c02.avi,PushUps,53,2.12,25.0,320,240,320x240,PushUps,WallPushups
v_PushUps_g01_c03,PushUps\v_PushUps_g01_c03.avi,PushUps,51,2.04,25.0,320,240,320x240,PushUps,WallPushups
v_PushUps_g01_c04,PushUps\v_PushUps_g01_c04.avi,PushUps,104,4.16,25.0,320,240,320x240,HandstandPushups,HandstandPushups
v_PushUps_g01_c05,PushUps\v_PushUps_g01_c05.avi,PushUps,63,2.52,25.0,320,240,320x240,PushUps,WallPushups
v_PushUps_g02_c01,PushUps\v_PushUps_g02_c01.avi,PushUps,67,2.68,25.0,320,240,320x240,PushUps,WallPushups
v_PushUps_g02_c02,PushUps\v_PushUps_g02_c02.avi,PushUps,73,2.92,25.0,320,240,320x240,PushUps,WallPushups
v_PushUps_g02_c03,PushUps\v_PushUps_g02_c03.avi,PushUps,79,3.16,25.0,320,240,320x240,PushUps,WallPushups
v_PushUps_g02_c04,PushUps\v_PushUps_g02_c04.avi,PushUps,84,3.36,25.0,320,240,320x240,PushUps,WallPushups
v_PushUps_g03_c01,PushUps\v_PushUps_g03_c01.avi,PushUps,72,2.88,25.0,320,240,320x240,Lunges,BenchPress
v_PushUps_g03_c02,PushUps\v_PushUps_g03_c02.avi,PushUps,63,2.52,25.0,320,240,320x240,PushUps,BenchPress
v_PushUps_g03_c03,PushUps\v_PushUps_g03_c03.avi,PushUps,63,2.52,25.0,320,240,320x240,Lunges,BenchPress
v_PushUps_g03_c04,PushUps\v_PushUps_g03_c04.avi,PushUps,72,2.88,25.0,320,240,320x240,PushUps,BenchPress
v_PushUps_g04_c01,PushUps\v_PushUps_g04_c01.avi,PushUps,91,3.64,25.0,320,240,320x240,PushUps,PushUps
v_PushUps_g04_c02,PushUps\v_PushUps_g04_c02.avi,PushUps,97,3.88,25.0,320,240,320x240,PushUps,PushUps
v_PushUps_g04_c03,PushUps\v_PushUps_g04_c03.avi,PushUps,111,4.44,25.0,320,240,320x240,PushUps,PushUps
v_PushUps_g04_c04,PushUps\v_PushUps_g04_c04.avi,PushUps,130,5.2,25.0,320,240,320x240,PushUps,PushUps
v_PushUps_g04_c05,PushUps\v_PushUps_g04_c05.avi,PushUps,134,5.36,25.0,320,240,320x240,PushUps,PushUps
v_PushUps_g05_c01,PushUps\v_PushUps_g05_c01.avi,PushUps,150,6.0,25.0,320,240,320x240,PushUps,WallPushups
v_PushUps_g05_c02,PushUps\v_PushUps_g05_c02.avi,PushUps,150,6.0,25.0,320,240,320x240,PushUps,WallPushups
v_PushUps_g05_c03,PushUps\v_PushUps_g05_c03.avi,PushUps,150,6.0,25.0,320,240,320x240,PushUps,WallPushups
v_PushUps_g05_c04,PushUps\v_PushUps_g05_c04.avi,PushUps,150,6.0,25.0,320,240,320x240,PushUps,WallPushups
v_PushUps_g06_c01,PushUps\v_PushUps_g06_c01.avi,PushUps,85,3.4,25.0,320,240,320x240,PushUps,PushUps
v_PushUps_g06_c02,PushUps\v_PushUps_g06_c02.avi,PushUps,81,3.24,25.0,320,240,320x240,PushUps,PushUps
v_PushUps_g06_c03,PushUps\v_PushUps_g06_c03.avi,PushUps,86,3.44,25.0,320,240,320x240,PushUps,PushUps
v_PushUps_g06_c04,PushUps\v_PushUps_g06_c04.avi,PushUps,68,2.72,25.0,320,240,320x240,PushUps,PushUps
v_PushUps_g07_c01,PushUps\v_PushUps_g07_c01.avi,PushUps,74,2.96,25.0,320,240,320x240,BoxingSpeedBag,BoxingPunchingBag
v_PushUps_g07_c02,PushUps\v_PushUps_g07_c02.avi,PushUps,77,3.08,25.0,320,240,320x240,BoxingSpeedBag,BoxingPunchingBag
v_PushUps_g07_c03,PushUps\v_PushUps_g07_c03.avi,PushUps,78,3.12,25.0,320,240,320x240,PushUps,PushUps
v_PushUps_g07_c04,PushUps\v_PushUps_g07_c04.avi,PushUps,77,3.08,25.0,320,240,320x240,PushUps,PushUps
v_Rafting_g01_c01,Rafting\v_Rafting_g01_c01.avi,Rafting,233,9.32,25.0,320,240,320x240,Rafting,Rafting
v_Rafting_g01_c02,Rafting\v_Rafting_g01_c02.avi,Rafting,213,8.52,25.0,320,240,320x240,Rafting,Rafting
v_Rafting_g01_c03,Rafting\v_Rafting_g01_c03.avi,Rafting,248,9.92,25.0,320,240,320x240,Rafting,Rafting
v_Rafting_g01_c04,Rafting\v_Rafting_g01_c04.avi,Rafting,255,10.2,25.0,320,240,320x240,Rafting,Rafting
v_Rafting_g02_c01,Rafting\v_Rafting_g02_c01.avi,Rafting,240,9.6,25.0,320,240,320x240,Rafting,Rafting
v_Rafting_g02_c02,Rafting\v_Rafting_g02_c02.avi,Rafting,251,10.04,25.0,320,240,320x240,Rafting,Rafting
v_Rafting_g02_c03,Rafting\v_Rafting_g02_c03.avi,Rafting,233,9.32,25.0,320,240,320x240,Rafting,Rafting
v_Rafting_g02_c04,Rafting\v_Rafting_g02_c04.avi,Rafting,225,9.0,25.0,320,240,320x240,Rafting,Skijet
v_Rafting_g03_c01,Rafting\v_Rafting_g03_c01.avi,Rafting,112,4.48,25.0,320,240,320x240,Surfing,Surfing
v_Rafting_g03_c02,Rafting\v_Rafting_g03_c02.avi,Rafting,118,4.72,25.0,320,240,320x240,Rafting,Rafting
v_Rafting_g03_c03,Rafting\v_Rafting_g03_c03.avi,Rafting,112,4.48,25.0,320,240,320x240,Rafting,Rafting
v_Rafting_g03_c04,Rafting\v_Rafting_g03_c04.avi,Rafting,118,4.72,25.0,320,240,320x240,Rafting,Rafting
v_Rafting_g04_c01,Rafting\v_Rafting_g04_c01.avi,Rafting,185,7.4,25.0,320,240,320x240,Rafting,Rafting
v_Rafting_g04_c02,Rafting\v_Rafting_g04_c02.avi,Rafting,270,10.8,25.0,320,240,320x240,Rafting,Rafting
v_Rafting_g04_c03,Rafting\v_Rafting_g04_c03.avi,Rafting,144,5.76,25.0,320,240,320x240,Rafting,Rafting
v_Rafting_g04_c04,Rafting\v_Rafting_g04_c04.avi,Rafting,222,8.88,25.0,320,240,320x240,Rafting,Rafting
v_Rafting_g05_c01,Rafting\v_Rafting_g05_c01.avi,Rafting,101,4.04,25.0,320,240,320x240,Rafting,Rafting
v_Rafting_g05_c02,Rafting\v_Rafting_g05_c02.avi,Rafting,124,4.96,25.0,320,240,320x240,Rafting,Rafting
v_Rafting_g05_c03,Rafting\v_Rafting_g05_c03.avi,Rafting,108,4.32,25.0,320,240,320x240,Rafting,Rafting
v_Rafting_g05_c04,Rafting\v_Rafting_g05_c04.avi,Rafting,239,9.56,25.0,320,240,320x240,Rafting,Rafting
v_Rafting_g06_c01,Rafting\v_Rafting_g06_c01.avi,Rafting,253,10.12,25.0,320,240,320x240,Rafting,Rafting
v_Rafting_g06_c02,Rafting\v_Rafting_g06_c02.avi,Rafting,105,4.2,25.0,320,240,320x240,Rafting,Rafting
v_Rafting_g06_c03,Rafting\v_Rafting_g06_c03.avi,Rafting,263,10.52,25.0,320,240,320x240,Rafting,Rafting
v_Rafting_g06_c04,Rafting\v_Rafting_g06_c04.avi,Rafting,128,5.12,25.0,320,240,320x240,Rafting,Rafting
v_Rafting_g07_c01,Rafting\v_Rafting_g07_c01.avi,Rafting,236,9.44,25.0,320,240,320x240,Rafting,Rafting
v_Rafting_g07_c02,Rafting\v_Rafting_g07_c02.avi,Rafting,245,9.8,25.0,320,240,320x240,Rafting,Rafting
v_Rafting_g07_c03,Rafting\v_Rafting_g07_c03.avi,Rafting,182,7.28,25.0,320,240,320x240,Rafting,Rafting
v_Rafting_g07_c04,Rafting\v_Rafting_g07_c04.avi,Rafting,272,10.88,25.0,320,240,320x240,Rafting,Rafting
v_RockClimbingIndoor_g01_c01,RockClimbingIndoor\v_RockClimbingIndoor_g01_c01.avi,RockClimbingIndoor,529,21.16,25.0,320,240,320x240,RockClimbingIndoor,RockClimbingIndoor
v_RockClimbingIndoor_g01_c02,RockClimbingIndoor\v_RockClimbingIndoor_g01_c02.avi,RockClimbingIndoor,535,21.4,25.0,320,240,320x240,RockClimbingIndoor,RockClimbingIndoor
v_RockClimbingIndoor_g01_c03,RockClimbingIndoor\v_RockClimbingIndoor_g01_c03.avi,RockClimbingIndoor,504,20.16,25.0,320,240,320x240,RockClimbingIndoor,RockClimbingIndoor
v_RockClimbingIndoor_g01_c04,RockClimbingIndoor\v_RockClimbingIndoor_g01_c04.avi,RockClimbingIndoor,544,21.76,25.0,320,240,320x240,RockClimbingIndoor,RockClimbingIndoor
v_RockClimbingIndoor_g01_c05,RockClimbingIndoor\v_RockClimbingIndoor_g01_c05.avi,RockClimbingIndoor,464,18.56,25.0,320,240,320x240,RockClimbingIndoor,RockClimbingIndoor
v_RockClimbingIndoor_g02_c01,RockClimbingIndoor\v_RockClimbingIndoor_g02_c01.avi,RockClimbingIndoor,320,12.8,25.0,320,240,320x240,RockClimbingIndoor,RockClimbingIndoor
v_RockClimbingIndoor_g02_c02,RockClimbingIndoor\v_RockClimbingIndoor_g02_c02.avi,RockClimbingIndoor,354,14.16,25.0,320,240,320x240,RopeClimbing,RockClimbingIndoor
v_RockClimbingIndoor_g02_c03,RockClimbingIndoor\v_RockClimbingIndoor_g02_c03.avi,RockClimbingIndoor,300,12.0,25.0,320,240,320x240,RockClimbingIndoor,RockClimbingIndoor
v_RockClimbingIndoor_g02_c04,RockClimbingIndoor\v_RockClimbingIndoor_g02_c04.avi,RockClimbingIndoor,290,11.6,25.0,320,240,320x240,RockClimbingIndoor,RockClimbingIndoor
v_RockClimbingIndoor_g02_c05,RockClimbingIndoor\v_RockClimbingIndoor_g02_c05.avi,RockClimbingIndoor,310,12.4,25.0,320,240,320x240,RockClimbingIndoor,RockClimbingIndoor
v_RockClimbingIndoor_g03_c01,RockClimbingIndoor\v_RockClimbingIndoor_g03_c01.avi,RockClimbingIndoor,344,13.76,25.0,320,240,320x240,RockClimbingIndoor,RockClimbingIndoor
v_RockClimbingIndoor_g03_c02,RockClimbingIndoor\v_RockClimbingIndoor_g03_c02.avi,RockClimbingIndoor,298,11.92,25.0,320,240,320x240,RockClimbingIndoor,RockClimbingIndoor
v_RockClimbingIndoor_g03_c03,RockClimbingIndoor\v_RockClimbingIndoor_g03_c03.avi,RockClimbingIndoor,300,12.0,25.0,320,240,320x240,RockClimbingIndoor,RockClimbingIndoor
v_RockClimbingIndoor_g03_c04,RockClimbingIndoor\v_RockClimbingIndoor_g03_c04.avi,RockClimbingIndoor,300,12.0,25.0,320,240,320x240,RockClimbingIndoor,RockClimbingIndoor
v_RockClimbingIndoor_g03_c05,RockClimbingIndoor\v_RockClimbingIndoor_g03_c05.avi,RockClimbingIndoor,293,11.72,25.0,320,240,320x240,RockClimbingIndoor,RockClimbingIndoor
v_RockClimbingIndoor_g03_c06,RockClimbingIndoor\v_RockClimbingIndoor_g03_c06.avi,RockClimbingIndoor,413,16.52,25.0,320,240,320x240,RockClimbingIndoor,RockClimbingIndoor
v_RockClimbingIndoor_g03_c07,RockClimbingIndoor\v_RockClimbingIndoor_g03_c07.avi,RockClimbingIndoor,412,16.48,25.0,320,240,320x240,RockClimbingIndoor,RockClimbingIndoor
v_RockClimbingIndoor_g04_c01,RockClimbingIndoor\v_RockClimbingIndoor_g04_c01.avi,RockClimbingIndoor,844,33.76,25.0,320,240,320x240,RockClimbingIndoor,RockClimbingIndoor
v_RockClimbingIndoor_g04_c02,RockClimbingIndoor\v_RockClimbingIndoor_g04_c02.avi,RockClimbingIndoor,814,32.56,25.0,320,240,320x240,RockClimbingIndoor,RockClimbingIndoor
v_RockClimbingIndoor_g04_c03,RockClimbingIndoor\v_RockClimbingIndoor_g04_c03.avi,RockClimbingIndoor,841,33.64,25.0,320,240,320x240,RockClimbingIndoor,RockClimbingIndoor
v_RockClimbingIndoor_g04_c04,RockClimbingIndoor\v_RockClimbingIndoor_g04_c04.avi,RockClimbingIndoor,834,33.36,25.0,320,240,320x240,RockClimbingIndoor,RockClimbingIndoor
v_RockClimbingIndoor_g05_c01,RockClimbingIndoor\v_RockClimbingIndoor_g05_c01.avi,RockClimbingIndoor,353,14.12,25.0,320,240,320x240,RockClimbingIndoor,RockClimbingIndoor
v_RockClimbingIndoor_g05_c02,RockClimbingIndoor\v_RockClimbingIndoor_g05_c02.avi,RockClimbingIndoor,344,13.76,25.0,320,240,320x240,RockClimbingIndoor,RockClimbingIndoor
v_RockClimbingIndoor_g05_c03,RockClimbingIndoor\v_RockClimbingIndoor_g05_c03.avi,RockClimbingIndoor,370,14.8,25.0,320,240,320x240,RockClimbingIndoor,RockClimbingIndoor
v_RockClimbingIndoor_g05_c04,RockClimbingIndoor\v_RockClimbingIndoor_g05_c04.avi,RockClimbingIndoor,382,15.28,25.0,320,240,320x240,RockClimbingIndoor,RockClimbingIndoor
v_RockClimbingIndoor_g05_c05,RockClimbingIndoor\v_RockClimbingIndoor_g05_c05.avi,RockClimbingIndoor,328,13.12,25.0,320,240,320x240,RockClimbingIndoor,RockClimbingIndoor
v_RockClimbingIndoor_g05_c06,RockClimbingIndoor\v_RockClimbingIndoor_g05_c06.avi,RockClimbingIndoor,332,13.28,25.0,320,240,320x240,RockClimbingIndoor,RockClimbingIndoor
v_RockClimbingIndoor_g06_c01,RockClimbingIndoor\v_RockClimbingIndoor_g06_c01.avi,RockClimbingIndoor,312,12.48,25.0,320,240,320x240,RockClimbingIndoor,RockClimbingIndoor
v_RockClimbingIndoor_g06_c02,RockClimbingIndoor\v_RockClimbingIndoor_g06_c02.avi,RockClimbingIndoor,308,12.32,25.0,320,240,320x240,RockClimbingIndoor,RockClimbingIndoor
v_RockClimbingIndoor_g06_c03,RockClimbingIndoor\v_RockClimbingIndoor_g06_c03.avi,RockClimbingIndoor,312,12.48,25.0,320,240,320x240,RockClimbingIndoor,RockClimbingIndoor
v_RockClimbingIndoor_g06_c04,RockClimbingIndoor\v_RockClimbingIndoor_g06_c04.avi,RockClimbingIndoor,313,12.52,25.0,320,240,320x240,RockClimbingIndoor,RockClimbingIndoor
v_RockClimbingIndoor_g06_c05,RockClimbingIndoor\v_RockClimbingIndoor_g06_c05.avi,RockClimbingIndoor,559,22.36,25.0,320,240,320x240,RockClimbingIndoor,RockClimbingIndoor
v_RockClimbingIndoor_g06_c06,RockClimbingIndoor\v_RockClimbingIndoor_g06_c06.avi,RockClimbingIndoor,502,20.08,25.0,320,240,320x240,RockClimbingIndoor,RockClimbingIndoor
v_RockClimbingIndoor_g06_c07,RockClimbingIndoor\v_RockClimbingIndoor_g06_c07.avi,RockClimbingIndoor,407,16.28,25.0,320,240,320x240,RockClimbingIndoor,RockClimbingIndoor
v_RockClimbingIndoor_g07_c01,RockClimbingIndoor\v_RockClimbingIndoor_g07_c01.avi,RockClimbingIndoor,418,16.72,25.0,320,240,320x240,RockClimbingIndoor,RockClimbingIndoor
v_RockClimbingIndoor_g07_c02,RockClimbingIndoor\v_RockClimbingIndoor_g07_c02.avi,RockClimbingIndoor,443,17.72,25.0,320,240,320x240,RockClimbingIndoor,RockClimbingIndoor
v_RockClimbingIndoor_g07_c03,RockClimbingIndoor\v_RockClimbingIndoor_g07_c03.avi,RockClimbingIndoor,458,18.32,25.0,320,240,320x240,RockClimbingIndoor,RockClimbingIndoor
v_RockClimbingIndoor_g07_c04,RockClimbingIndoor\v_RockClimbingIndoor_g07_c04.avi,RockClimbingIndoor,398,15.92,25.0,320,240,320x240,RockClimbingIndoor,RockClimbingIndoor
v_RockClimbingIndoor_g07_c05,RockClimbingIndoor\v_RockClimbingIndoor_g07_c05.avi,RockClimbingIndoor,442,17.68,25.0,320,240,320x240,RockClimbingIndoor,RockClimbingIndoor
v_RockClimbingIndoor_g07_c06,RockClimbingIndoor\v_RockClimbingIndoor_g07_c06.avi,RockClimbingIndoor,411,16.44,25.0,320,240,320x240,RockClimbingIndoor,RockClimbingIndoor
v_RockClimbingIndoor_g07_c07,RockClimbingIndoor\v_RockClimbingIndoor_g07_c07.avi,RockClimbingIndoor,428,17.12,25.0,320,240,320x240,RockClimbingIndoor,RockClimbingIndoor
v_RopeClimbing_g01_c01,RopeClimbing\v_RopeClimbing_g01_c01.avi,RopeClimbing,161,6.44,25.0,320,240,320x240,FloorGymnastics,FloorGymnastics
v_RopeClimbing_g01_c02,RopeClimbing\v_RopeClimbing_g01_c02.avi,RopeClimbing,170,6.8,25.0,320,240,320x240,PullUps,RopeClimbing
v_RopeClimbing_g01_c03,RopeClimbing\v_RopeClimbing_g01_c03.avi,RopeClimbing,159,6.36,25.0,320,240,320x240,PullUps,RopeClimbing
v_RopeClimbing_g01_c04,RopeClimbing\v_RopeClimbing_g01_c04.avi,RopeClimbing,188,7.52,25.0,320,240,320x240,PullUps,StillRings
v_RopeClimbing_g02_c01,RopeClimbing\v_RopeClimbing_g02_c01.avi,RopeClimbing,152,6.08,25.0,320,240,320x240,PullUps,RopeClimbing
v_RopeClimbing_g02_c02,RopeClimbing\v_RopeClimbing_g02_c02.avi,RopeClimbing,151,6.04,25.0,320,240,320x240,RopeClimbing,RopeClimbing
v_RopeClimbing_g02_c03,RopeClimbing\v_RopeClimbing_g02_c03.avi,RopeClimbing,170,6.8,25.0,320,240,320x240,PullUps,RopeClimbing
v_RopeClimbing_g02_c04,RopeClimbing\v_RopeClimbing_g02_c04.avi,RopeClimbing,151,6.04,25.0,320,240,320x240,HighJump,RopeClimbing
v_RopeClimbing_g02_c05,RopeClimbing\v_RopeClimbing_g02_c05.avi,RopeClimbing,154,6.16,25.0,320,240,320x240,PullUps,RopeClimbing
v_RopeClimbing_g02_c06,RopeClimbing\v_RopeClimbing_g02_c06.avi,RopeClimbing,186,7.44,25.0,320,240,320x240,RopeClimbing,RopeClimbing
v_RopeClimbing_g03_c01,RopeClimbing\v_RopeClimbing_g03_c01.avi,RopeClimbing,153,6.12,25.0,320,240,320x240,CleanAndJerk,RopeClimbing
v_RopeClimbing_g03_c02,RopeClimbing\v_RopeClimbing_g03_c02.avi,RopeClimbing,152,6.08,25.0,320,240,320x240,PullUps,CleanAndJerk
v_RopeClimbing_g03_c03,RopeClimbing\v_RopeClimbing_g03_c03.avi,RopeClimbing,166,6.64,25.0,320,240,320x240,PullUps,RopeClimbing
v_RopeClimbing_g03_c04,RopeClimbing\v_RopeClimbing_g03_c04.avi,RopeClimbing,152,6.08,25.0,320,240,320x240,PullUps,PullUps
v_RopeClimbing_g04_c01,RopeClimbing\v_RopeClimbing_g04_c01.avi,RopeClimbing,155,6.2,25.0,320,240,320x240,FloorGymnastics,UnevenBars
v_RopeClimbing_g04_c02,RopeClimbing\v_RopeClimbing_g04_c02.avi,RopeClimbing,158,6.32,25.0,320,240,320x240,BalanceBeam,UnevenBars
v_RopeClimbing_g04_c03,RopeClimbing\v_RopeClimbing_g04_c03.avi,RopeClimbing,155,6.2,25.0,320,240,320x240,RockClimbingIndoor,StillRings
v_RopeClimbing_g04_c04,RopeClimbing\v_RopeClimbing_g04_c04.avi,RopeClimbing,155,6.2,25.0,320,240,320x240,RopeClimbing,StillRings
v_RopeClimbing_g05_c01,RopeClimbing\v_RopeClimbing_g05_c01.avi,RopeClimbing,156,6.24,25.0,320,240,320x240,RockClimbingIndoor,StillRings
v_RopeClimbing_g05_c02,RopeClimbing\v_RopeClimbing_g05_c02.avi,RopeClimbing,160,6.4,25.0,320,240,320x240,PoleVault,StillRings
v_RopeClimbing_g05_c03,RopeClimbing\v_RopeClimbing_g05_c03.avi,RopeClimbing,166,6.64,25.0,320,240,320x240,PoleVault,UnevenBars
v_RopeClimbing_g05_c04,RopeClimbing\v_RopeClimbing_g05_c04.avi,RopeClimbing,166,6.64,25.0,320,240,320x240,PullUps,StillRings
v_RopeClimbing_g05_c05,RopeClimbing\v_RopeClimbing_g05_c05.avi,RopeClimbing,175,7.0,25.0,320,240,320x240,PullUps,StillRings
v_RopeClimbing_g05_c06,RopeClimbing\v_RopeClimbing_g05_c06.avi,RopeClimbing,188,7.52,25.0,320,240,320x240,PoleVault,RopeClimbing
v_RopeClimbing_g05_c07,RopeClimbing\v_RopeClimbing_g05_c07.avi,RopeClimbing,157,6.28,25.0,320,240,320x240,HighJump,BalanceBeam
v_RopeClimbing_g06_c01,RopeClimbing\v_RopeClimbing_g06_c01.avi,RopeClimbing,152,6.08,25.0,320,240,320x240,PullUps,RopeClimbing
v_RopeClimbing_g06_c02,RopeClimbing\v_RopeClimbing_g06_c02.avi,RopeClimbing,161,6.44,25.0,320,240,320x240,PullUps,RopeClimbing
v_RopeClimbing_g06_c03,RopeClimbing\v_RopeClimbing_g06_c03.avi,RopeClimbing,159,6.36,25.0,320,240,320x240,PullUps,StillRings
v_RopeClimbing_g06_c04,RopeClimbing\v_RopeClimbing_g06_c04.avi,RopeClimbing,189,7.56,25.0,320,240,320x240,PullUps,StillRings
v_RopeClimbing_g07_c01,RopeClimbing\v_RopeClimbing_g07_c01.avi,RopeClimbing,197,7.88,25.0,320,240,320x240,PoleVault,UnevenBars
v_RopeClimbing_g07_c02,RopeClimbing\v_RopeClimbing_g07_c02.avi,RopeClimbing,206,8.24,25.0,320,240,320x240,PullUps,UnevenBars
v_RopeClimbing_g07_c03,RopeClimbing\v_RopeClimbing_g07_c03.avi,RopeClimbing,197,7.88,25.0,320,240,320x240,PullUps,StillRings
v_RopeClimbing_g07_c04,RopeClimbing\v_RopeClimbing_g07_c04.avi,RopeClimbing,181,7.24,25.0,320,240,320x240,PullUps,StillRings
v_RopeClimbing_g07_c05,RopeClimbing\v_RopeClimbing_g07_c05.avi,RopeClimbing,195,7.8,25.0,320,240,320x240,PoleVault,UnevenBars
v_Rowing_g01_c01,Rowing\v_Rowing_g01_c01.avi,Rowing,353,14.12,25.0,320,240,320x240,Rowing,Rowing
v_Rowing_g01_c02,Rowing\v_Rowing_g01_c02.avi,Rowing,301,12.04,25.0,320,240,320x240,Rowing,Rowing
v_Rowing_g01_c03,Rowing\v_Rowing_g01_c03.avi,Rowing,227,9.08,25.0,320,240,320x240,Rowing,Rowing
v_Rowing_g01_c04,Rowing\v_Rowing_g01_c04.avi,Rowing,203,8.12,25.0,320,240,320x240,Rowing,Rowing
v_Rowing_g02_c01,Rowing\v_Rowing_g02_c01.avi,Rowing,359,14.36,25.0,320,240,320x240,Rowing,Rowing
v_Rowing_g02_c02,Rowing\v_Rowing_g02_c02.avi,Rowing,374,14.96,25.0,320,240,320x240,Rowing,Rowing
v_Rowing_g02_c03,Rowing\v_Rowing_g02_c03.avi,Rowing,386,15.44,25.0,320,240,320x240,Rowing,Rowing
v_Rowing_g02_c04,Rowing\v_Rowing_g02_c04.avi,Rowing,414,16.56,25.0,320,240,320x240,Rowing,Rowing
v_Rowing_g02_c05,Rowing\v_Rowing_g02_c05.avi,Rowing,408,16.32,25.0,320,240,320x240,Rowing,Rowing
v_Rowing_g02_c06,Rowing\v_Rowing_g02_c06.avi,Rowing,290,11.6,25.0,320,240,320x240,Rowing,Rowing
v_Rowing_g03_c01,Rowing\v_Rowing_g03_c01.avi,Rowing,377,15.08,25.0,320,240,320x240,Rowing,Rowing
v_Rowing_g03_c02,Rowing\v_Rowing_g03_c02.avi,Rowing,481,19.24,25.0,320,240,320x240,Rowing,Rowing
v_Rowing_g03_c03,Rowing\v_Rowing_g03_c03.avi,Rowing,499,19.96,25.0,320,240,320x240,Rowing,Rowing
v_Rowing_g03_c04,Rowing\v_Rowing_g03_c04.avi,Rowing,500,20.0,25.0,320,240,320x240,Rowing,Rowing
v_Rowing_g03_c05,Rowing\v_Rowing_g03_c05.avi,Rowing,499,19.96,25.0,320,240,320x240,Rowing,Rowing
v_Rowing_g03_c06,Rowing\v_Rowing_g03_c06.avi,Rowing,367,14.68,25.0,320,240,320x240,Rowing,Rowing
v_Rowing_g03_c07,Rowing\v_Rowing_g03_c07.avi,Rowing,497,19.88,25.0,320,240,320x240,Rowing,Rowing
v_Rowing_g04_c01,Rowing\v_Rowing_g04_c01.avi,Rowing,262,10.48,25.0,320,240,320x240,Rowing,Rowing
v_Rowing_g04_c02,Rowing\v_Rowing_g04_c02.avi,Rowing,297,11.88,25.0,320,240,320x240,Rowing,Rowing
v_Rowing_g04_c03,Rowing\v_Rowing_g04_c03.avi,Rowing,307,12.28,25.0,320,240,320x240,Rowing,Rowing
v_Rowing_g04_c04,Rowing\v_Rowing_g04_c04.avi,Rowing,294,11.76,25.0,320,240,320x240,Rowing,Rowing
v_Rowing_g04_c05,Rowing\v_Rowing_g04_c05.avi,Rowing,300,12.0,25.0,320,240,320x240,Rowing,Rowing
v_Rowing_g04_c06,Rowing\v_Rowing_g04_c06.avi,Rowing,346,13.84,25.0,320,240,320x240,Rowing,Rowing
v_Rowing_g05_c01,Rowing\v_Rowing_g05_c01.avi,Rowing,326,13.04,25.0,320,240,320x240,Rowing,Rowing
v_Rowing_g05_c02,Rowing\v_Rowing_g05_c02.avi,Rowing,342,13.68,25.0,320,240,320x240,Rowing,Rowing
v_Rowing_g05_c03,Rowing\v_Rowing_g05_c03.avi,Rowing,414,16.56,25.0,320,240,320x240,Rowing,Rowing
v_Rowing_g05_c04,Rowing\v_Rowing_g05_c04.avi,Rowing,426,17.04,25.0,320,240,320x240,Rowing,Rowing
v_Rowing_g06_c01,Rowing\v_Rowing_g06_c01.avi,Rowing,325,13.0,25.0,320,240,320x240,Rowing,Rowing
v_Rowing_g06_c02,Rowing\v_Rowing_g06_c02.avi,Rowing,412,16.48,25.0,320,240,320x240,Rowing,Rowing
v_Rowing_g06_c03,Rowing\v_Rowing_g06_c03.avi,Rowing,307,12.28,25.0,320,240,320x240,Rowing,Rowing
v_Rowing_g06_c04,Rowing\v_Rowing_g06_c04.avi,Rowing,292,11.68,25.0,320,240,320x240,Rowing,Skijet
v_Rowing_g07_c01,Rowing\v_Rowing_g07_c01.avi,Rowing,188,7.52,25.0,320,240,320x240,Rowing,Rowing
v_Rowing_g07_c02,Rowing\v_Rowing_g07_c02.avi,Rowing,274,10.96,25.0,320,240,320x240,Rowing,Rowing
v_Rowing_g07_c03,Rowing\v_Rowing_g07_c03.avi,Rowing,266,10.64,25.0,320,240,320x240,Rowing,Rowing
v_Rowing_g07_c04,Rowing\v_Rowing_g07_c04.avi,Rowing,314,12.56,25.0,320,240,320x240,Rowing,Rowing
v_Rowing_g07_c05,Rowing\v_Rowing_g07_c05.avi,Rowing,345,13.8,25.0,320,240,320x240,Rowing,Rowing
v_SalsaSpin_g01_c01,SalsaSpin\v_SalsaSpin_g01_c01.avi,SalsaSpin,167,6.68,25.0,320,240,320x240,JavelinThrow,SalsaSpin
v_SalsaSpin_g01_c02,SalsaSpin\v_SalsaSpin_g01_c02.avi,SalsaSpin,167,6.68,25.0,320,240,320x240,PlayingViolin,SalsaSpin
v_SalsaSpin_g01_c03,SalsaSpin\v_SalsaSpin_g01_c03.avi,SalsaSpin,167,6.68,25.0,320,240,320x240,JavelinThrow,SalsaSpin
v_SalsaSpin_g01_c04,SalsaSpin\v_SalsaSpin_g01_c04.avi,SalsaSpin,167,6.68,25.0,320,240,320x240,JavelinThrow,SalsaSpin
v_SalsaSpin_g01_c05,SalsaSpin\v_SalsaSpin_g01_c05.avi,SalsaSpin,167,6.68,25.0,320,240,320x240,SumoWrestling,SalsaSpin
v_SalsaSpin_g01_c06,SalsaSpin\v_SalsaSpin_g01_c06.avi,SalsaSpin,167,6.68,25.0,320,240,320x240,JavelinThrow,SalsaSpin
v_SalsaSpin_g01_c07,SalsaSpin\v_SalsaSpin_g01_c07.avi,SalsaSpin,167,6.68,25.0,320,240,320x240,JavelinThrow,SalsaSpin
v_SalsaSpin_g02_c01,SalsaSpin\v_SalsaSpin_g02_c01.avi,SalsaSpin,333,13.32,25.0,320,240,320x240,MoppingFloor,SalsaSpin
v_SalsaSpin_g02_c02,SalsaSpin\v_SalsaSpin_g02_c02.avi,SalsaSpin,333,13.32,25.0,320,240,320x240,SumoWrestling,FloorGymnastics
v_SalsaSpin_g02_c03,SalsaSpin\v_SalsaSpin_g02_c03.avi,SalsaSpin,333,13.32,25.0,320,240,320x240,SumoWrestling,SalsaSpin
v_SalsaSpin_g02_c04,SalsaSpin\v_SalsaSpin_g02_c04.avi,SalsaSpin,333,13.32,25.0,320,240,320x240,SumoWrestling,SalsaSpin
v_SalsaSpin_g02_c05,SalsaSpin\v_SalsaSpin_g02_c05.avi,SalsaSpin,333,13.32,25.0,320,240,320x240,SumoWrestling,SalsaSpin
v_SalsaSpin_g02_c06,SalsaSpin\v_SalsaSpin_g02_c06.avi,SalsaSpin,333,13.32,25.0,320,240,320x240,SumoWrestling,SalsaSpin
v_SalsaSpin_g02_c07,SalsaSpin\v_SalsaSpin_g02_c07.avi,SalsaSpin,333,13.32,25.0,320,240,320x240,MoppingFloor,SalsaSpin
v_SalsaSpin_g03_c01,SalsaSpin\v_SalsaSpin_g03_c01.avi,SalsaSpin,168,6.72,25.0,320,240,320x240,IceDancing,SalsaSpin
v_SalsaSpin_g03_c02,SalsaSpin\v_SalsaSpin_g03_c02.avi,SalsaSpin,168,6.72,25.0,320,240,320x240,IceDancing,SalsaSpin
v_SalsaSpin_g03_c03,SalsaSpin\v_SalsaSpin_g03_c03.avi,SalsaSpin,168,6.72,25.0,320,240,320x240,Swing,SalsaSpin
v_SalsaSpin_g03_c04,SalsaSpin\v_SalsaSpin_g03_c04.avi,SalsaSpin,168,6.72,25.0,320,240,320x240,IceDancing,SalsaSpin
v_SalsaSpin_g03_c05,SalsaSpin\v_SalsaSpin_g03_c05.avi,SalsaSpin,168,6.72,25.0,320,240,320x240,JumpRope,SalsaSpin
v_SalsaSpin_g03_c06,SalsaSpin\v_SalsaSpin_g03_c06.avi,SalsaSpin,168,6.72,25.0,320,240,320x240,Swing,SalsaSpin
v_SalsaSpin_g04_c01,SalsaSpin\v_SalsaSpin_g04_c01.avi,SalsaSpin,333,13.32,25.0,320,240,320x240,Fencing,SalsaSpin
v_SalsaSpin_g04_c02,SalsaSpin\v_SalsaSpin_g04_c02.avi,SalsaSpin,333,13.32,25.0,320,240,320x240,Fencing,SalsaSpin
v_SalsaSpin_g04_c03,SalsaSpin\v_SalsaSpin_g04_c03.avi,SalsaSpin,333,13.32,25.0,320,240,320x240,Fencing,SalsaSpin
v_SalsaSpin_g04_c04,SalsaSpin\v_SalsaSpin_g04_c04.avi,SalsaSpin,333,13.32,25.0,320,240,320x240,JumpRope,SalsaSpin
v_SalsaSpin_g04_c05,SalsaSpin\v_SalsaSpin_g04_c05.avi,SalsaSpin,333,13.32,25.0,320,240,320x240,JumpRope,SalsaSpin
v_SalsaSpin_g04_c06,SalsaSpin\v_SalsaSpin_g04_c06.avi,SalsaSpin,333,13.32,25.0,320,240,320x240,JumpRope,SalsaSpin
v_SalsaSpin_g05_c01,SalsaSpin\v_SalsaSpin_g05_c01.avi,SalsaSpin,200,8.0,25.0,320,240,320x240,IceDancing,SalsaSpin
v_SalsaSpin_g05_c02,SalsaSpin\v_SalsaSpin_g05_c02.avi,SalsaSpin,200,8.0,25.0,320,240,320x240,IceDancing,SalsaSpin
v_SalsaSpin_g05_c03,SalsaSpin\v_SalsaSpin_g05_c03.avi,SalsaSpin,200,8.0,25.0,320,240,320x240,TaiChi,SalsaSpin
v_SalsaSpin_g05_c04,SalsaSpin\v_SalsaSpin_g05_c04.avi,SalsaSpin,200,8.0,25.0,320,240,320x240,IceDancing,SalsaSpin
v_SalsaSpin_g05_c05,SalsaSpin\v_SalsaSpin_g05_c05.avi,SalsaSpin,200,8.0,25.0,320,240,320x240,IceDancing,SalsaSpin
v_SalsaSpin_g05_c06,SalsaSpin\v_SalsaSpin_g05_c06.avi,SalsaSpin,200,8.0,25.0,320,240,320x240,TaiChi,SalsaSpin
v_SalsaSpin_g06_c01,SalsaSpin\v_SalsaSpin_g06_c01.avi,SalsaSpin,167,6.68,25.0,320,240,320x240,IceDancing,SalsaSpin
v_SalsaSpin_g06_c02,SalsaSpin\v_SalsaSpin_g06_c02.avi,SalsaSpin,167,6.68,25.0,320,240,320x240,IceDancing,SalsaSpin
v_SalsaSpin_g06_c03,SalsaSpin\v_SalsaSpin_g06_c03.avi,SalsaSpin,167,6.68,25.0,320,240,320x240,IceDancing,SalsaSpin
v_SalsaSpin_g06_c04,SalsaSpin\v_SalsaSpin_g06_c04.avi,SalsaSpin,167,6.68,25.0,320,240,320x240,IceDancing,SalsaSpin
v_SalsaSpin_g06_c05,SalsaSpin\v_SalsaSpin_g06_c05.avi,SalsaSpin,167,6.68,25.0,320,240,320x240,IceDancing,SalsaSpin
v_SalsaSpin_g07_c01,SalsaSpin\v_SalsaSpin_g07_c01.avi,SalsaSpin,167,6.68,25.0,320,240,320x240,Bowling,SalsaSpin
v_SalsaSpin_g07_c02,SalsaSpin\v_SalsaSpin_g07_c02.avi,SalsaSpin,167,6.68,25.0,320,240,320x240,Swing,SalsaSpin
v_SalsaSpin_g07_c03,SalsaSpin\v_SalsaSpin_g07_c03.avi,SalsaSpin,167,6.68,25.0,320,240,320x240,Swing,SalsaSpin
v_SalsaSpin_g07_c04,SalsaSpin\v_SalsaSpin_g07_c04.avi,SalsaSpin,167,6.68,25.0,320,240,320x240,JumpRope,SalsaSpin
v_SalsaSpin_g07_c05,SalsaSpin\v_SalsaSpin_g07_c05.avi,SalsaSpin,167,6.68,25.0,320,240,320x240,IceDancing,SalsaSpin
v_SalsaSpin_g07_c06,SalsaSpin\v_SalsaSpin_g07_c06.avi,SalsaSpin,167,6.68,25.0,320,240,320x240,IceDancing,SalsaSpin
v_ShavingBeard_g01_c01,ShavingBeard\v_ShavingBeard_g01_c01.avi,ShavingBeard,127,5.08,25.0,320,240,320x240,ShavingBeard,ShavingBeard
v_ShavingBeard_g01_c02,ShavingBeard\v_ShavingBeard_g01_c02.avi,ShavingBeard,137,5.48,25.0,320,240,320x240,ShavingBeard,ShavingBeard
v_ShavingBeard_g01_c03,ShavingBeard\v_ShavingBeard_g01_c03.avi,ShavingBeard,130,5.2,25.0,320,240,320x240,ShavingBeard,ShavingBeard
v_ShavingBeard_g01_c04,ShavingBeard\v_ShavingBeard_g01_c04.avi,ShavingBeard,91,3.64,25.0,320,240,320x240,ShavingBeard,ShavingBeard
v_ShavingBeard_g02_c01,ShavingBeard\v_ShavingBeard_g02_c01.avi,ShavingBeard,179,7.16,25.0,320,240,320x240,ShavingBeard,ShavingBeard
v_ShavingBeard_g02_c02,ShavingBeard\v_ShavingBeard_g02_c02.avi,ShavingBeard,193,7.72,25.0,320,240,320x240,ShavingBeard,ShavingBeard
v_ShavingBeard_g02_c03,ShavingBeard\v_ShavingBeard_g02_c03.avi,ShavingBeard,191,7.64,25.0,320,240,320x240,ShavingBeard,ShavingBeard
v_ShavingBeard_g02_c04,ShavingBeard\v_ShavingBeard_g02_c04.avi,ShavingBeard,147,5.88,25.0,320,240,320x240,ShavingBeard,ShavingBeard
v_ShavingBeard_g02_c05,ShavingBeard\v_ShavingBeard_g02_c05.avi,ShavingBeard,179,7.16,25.0,320,240,320x240,ShavingBeard,ShavingBeard
v_ShavingBeard_g02_c06,ShavingBeard\v_ShavingBeard_g02_c06.avi,ShavingBeard,203,8.12,25.0,320,240,320x240,ShavingBeard,ShavingBeard
v_ShavingBeard_g02_c07,ShavingBeard\v_ShavingBeard_g02_c07.avi,ShavingBeard,250,10.0,25.0,320,240,320x240,ShavingBeard,ShavingBeard
v_ShavingBeard_g03_c01,ShavingBeard\v_ShavingBeard_g03_c01.avi,ShavingBeard,98,3.92,25.0,320,240,320x240,ShavingBeard,ShavingBeard
v_ShavingBeard_g03_c02,ShavingBeard\v_ShavingBeard_g03_c02.avi,ShavingBeard,98,3.92,25.0,320,240,320x240,ShavingBeard,ShavingBeard
v_ShavingBeard_g03_c03,ShavingBeard\v_ShavingBeard_g03_c03.avi,ShavingBeard,105,4.2,25.0,320,240,320x240,ShavingBeard,ShavingBeard
v_ShavingBeard_g03_c04,ShavingBeard\v_ShavingBeard_g03_c04.avi,ShavingBeard,106,4.24,25.0,320,240,320x240,ShavingBeard,ShavingBeard
v_ShavingBeard_g03_c05,ShavingBeard\v_ShavingBeard_g03_c05.avi,ShavingBeard,183,7.32,25.0,320,240,320x240,ShavingBeard,ShavingBeard
v_ShavingBeard_g03_c06,ShavingBeard\v_ShavingBeard_g03_c06.avi,ShavingBeard,149,5.96,25.0,320,240,320x240,ShavingBeard,ShavingBeard
v_ShavingBeard_g03_c07,ShavingBeard\v_ShavingBeard_g03_c07.avi,ShavingBeard,157,6.28,25.0,320,240,320x240,ShavingBeard,ShavingBeard
v_ShavingBeard_g04_c01,ShavingBeard\v_ShavingBeard_g04_c01.avi,ShavingBeard,222,8.88,25.0,320,240,320x240,ShavingBeard,ShavingBeard
v_ShavingBeard_g04_c02,ShavingBeard\v_ShavingBeard_g04_c02.avi,ShavingBeard,178,7.12,25.0,320,240,320x240,ShavingBeard,ShavingBeard
v_ShavingBeard_g04_c03,ShavingBeard\v_ShavingBeard_g04_c03.avi,ShavingBeard,191,7.64,25.0,320,240,320x240,ShavingBeard,ShavingBeard
v_ShavingBeard_g04_c04,ShavingBeard\v_ShavingBeard_g04_c04.avi,ShavingBeard,211,8.44,25.0,320,240,320x240,ShavingBeard,ShavingBeard
v_ShavingBeard_g05_c01,ShavingBeard\v_ShavingBeard_g05_c01.avi,ShavingBeard,500,20.0,25.0,320,240,320x240,ShavingBeard,ShavingBeard
v_ShavingBeard_g05_c02,ShavingBeard\v_ShavingBeard_g05_c02.avi,ShavingBeard,507,20.28,25.0,320,240,320x240,ShavingBeard,ShavingBeard
v_ShavingBeard_g05_c03,ShavingBeard\v_ShavingBeard_g05_c03.avi,ShavingBeard,508,20.32,25.0,320,240,320x240,ShavingBeard,ShavingBeard
v_ShavingBeard_g05_c04,ShavingBeard\v_ShavingBeard_g05_c04.avi,ShavingBeard,500,20.0,25.0,320,240,320x240,ShavingBeard,ShavingBeard
v_ShavingBeard_g05_c05,ShavingBeard\v_ShavingBeard_g05_c05.avi,ShavingBeard,521,20.84,25.0,320,240,320x240,ShavingBeard,ShavingBeard
v_ShavingBeard_g05_c06,ShavingBeard\v_ShavingBeard_g05_c06.avi,ShavingBeard,521,20.84,25.0,320,240,320x240,ShavingBeard,ShavingBeard
v_ShavingBeard_g05_c07,ShavingBeard\v_ShavingBeard_g05_c07.avi,ShavingBeard,528,21.12,25.0,320,240,320x240,BrushingTeeth,ShavingBeard
v_ShavingBeard_g06_c01,ShavingBeard\v_ShavingBeard_g06_c01.avi,ShavingBeard,181,7.24,25.0,320,240,320x240,ShavingBeard,ShavingBeard
v_ShavingBeard_g06_c02,ShavingBeard\v_ShavingBeard_g06_c02.avi,ShavingBeard,204,8.16,25.0,320,240,320x240,ShavingBeard,ShavingBeard
v_ShavingBeard_g06_c03,ShavingBeard\v_ShavingBeard_g06_c03.avi,ShavingBeard,188,7.52,25.0,320,240,320x240,ShavingBeard,ShavingBeard
v_ShavingBeard_g06_c04,ShavingBeard\v_ShavingBeard_g06_c04.avi,ShavingBeard,279,11.16,25.0,320,240,320x240,ShavingBeard,ShavingBeard
v_ShavingBeard_g06_c05,ShavingBeard\v_ShavingBeard_g06_c05.avi,ShavingBeard,359,14.36,25.0,320,240,320x240,ShavingBeard,ShavingBeard
v_ShavingBeard_g06_c06,ShavingBeard\v_ShavingBeard_g06_c06.avi,ShavingBeard,180,7.2,25.0,320,240,320x240,ShavingBeard,ShavingBeard
v_ShavingBeard_g06_c07,ShavingBeard\v_ShavingBeard_g06_c07.avi,ShavingBeard,251,10.04,25.0,320,240,320x240,ShavingBeard,ShavingBeard
v_ShavingBeard_g07_c01,ShavingBeard\v_ShavingBeard_g07_c01.avi,ShavingBeard,229,9.16,25.0,320,240,320x240,ShavingBeard,ShavingBeard
v_ShavingBeard_g07_c02,ShavingBeard\v_ShavingBeard_g07_c02.avi,ShavingBeard,231,9.24,25.0,320,240,320x240,ShavingBeard,ShavingBeard
v_ShavingBeard_g07_c03,ShavingBeard\v_ShavingBeard_g07_c03.avi,ShavingBeard,265,10.6,25.0,320,240,320x240,Haircut,Haircut
v_ShavingBeard_g07_c04,ShavingBeard\v_ShavingBeard_g07_c04.avi,ShavingBeard,230,9.2,25.0,320,240,320x240,Haircut,Haircut
v_ShavingBeard_g07_c05,ShavingBeard\v_ShavingBeard_g07_c05.avi,ShavingBeard,314,12.56,25.0,320,240,320x240,Haircut,Haircut
v_ShavingBeard_g07_c06,ShavingBeard\v_ShavingBeard_g07_c06.avi,ShavingBeard,386,15.44,25.0,320,240,320x240,Haircut,Haircut
v_ShavingBeard_g07_c07,ShavingBeard\v_ShavingBeard_g07_c07.avi,ShavingBeard,386,15.44,25.0,320,240,320x240,Haircut,Haircut
v_Shotput_g01_c01,Shotput\v_Shotput_g01_c01.avi,Shotput,61,2.44,25.0,320,240,320x240,ThrowDiscus,ThrowDiscus
v_Shotput_g01_c02,Shotput\v_Shotput_g01_c02.avi,Shotput,101,4.04,25.0,320,240,320x240,ThrowDiscus,HammerThrow
v_Shotput_g01_c03,Shotput\v_Shotput_g01_c03.avi,Shotput,94,3.76,25.0,320,240,320x240,ThrowDiscus,ThrowDiscus
v_Shotput_g01_c04,Shotput\v_Shotput_g01_c04.avi,Shotput,91,3.64,25.0,320,240,320x240,ThrowDiscus,ThrowDiscus
v_Shotput_g01_c05,Shotput\v_Shotput_g01_c05.avi,Shotput,97,3.88,25.0,320,240,320x240,ThrowDiscus,ThrowDiscus
v_Shotput_g01_c06,Shotput\v_Shotput_g01_c06.avi,Shotput,101,4.04,25.0,320,240,320x240,ThrowDiscus,ThrowDiscus
v_Shotput_g01_c07,Shotput\v_Shotput_g01_c07.avi,Shotput,101,4.04,25.0,320,240,320x240,ThrowDiscus,ThrowDiscus
v_Shotput_g02_c01,Shotput\v_Shotput_g02_c01.avi,Shotput,85,3.4,25.0,320,240,320x240,HammerThrow,ThrowDiscus
v_Shotput_g02_c02,Shotput\v_Shotput_g02_c02.avi,Shotput,90,3.6,25.0,320,240,320x240,BaseballPitch,LongJump
v_Shotput_g02_c03,Shotput\v_Shotput_g02_c03.avi,Shotput,73,2.92,25.0,320,240,320x240,BaseballPitch,BaseballPitch
v_Shotput_g02_c04,Shotput\v_Shotput_g02_c04.avi,Shotput,76,3.04,25.0,320,240,320x240,LongJump,LongJump
v_Shotput_g02_c05,Shotput\v_Shotput_g02_c05.avi,Shotput,94,3.76,25.0,320,240,320x240,BaseballPitch,BaseballPitch
v_Shotput_g02_c06,Shotput\v_Shotput_g02_c06.avi,Shotput,71,2.84,25.0,320,240,320x240,BaseballPitch,LongJump
v_Shotput_g02_c07,Shotput\v_Shotput_g02_c07.avi,Shotput,88,3.52,25.0,320,240,320x240,BaseballPitch,ThrowDiscus
v_Shotput_g03_c01,Shotput\v_Shotput_g03_c01.avi,Shotput,71,2.84,25.0,320,240,320x240,HammerThrow,ThrowDiscus
v_Shotput_g03_c02,Shotput\v_Shotput_g03_c02.avi,Shotput,85,3.4,25.0,320,240,320x240,HammerThrow,HammerThrow
v_Shotput_g03_c03,Shotput\v_Shotput_g03_c03.avi,Shotput,70,2.8,25.0,320,240,320x240,HammerThrow,HammerThrow
v_Shotput_g03_c04,Shotput\v_Shotput_g03_c04.avi,Shotput,91,3.64,25.0,320,240,320x240,HammerThrow,HammerThrow
v_Shotput_g03_c05,Shotput\v_Shotput_g03_c05.avi,Shotput,66,2.64,25.0,320,240,320x240,HammerThrow,ThrowDiscus
v_Shotput_g03_c06,Shotput\v_Shotput_g03_c06.avi,Shotput,85,3.4,25.0,320,240,320x240,HammerThrow,HammerThrow
v_Shotput_g04_c01,Shotput\v_Shotput_g04_c01.avi,Shotput,80,3.2,25.0,320,240,320x240,ThrowDiscus,ThrowDiscus
v_Shotput_g04_c02,Shotput\v_Shotput_g04_c02.avi,Shotput,77,3.08,25.0,320,240,320x240,ThrowDiscus,ThrowDiscus
v_Shotput_g04_c03,Shotput\v_Shotput_g04_c03.avi,Shotput,86,3.44,25.0,320,240,320x240,ThrowDiscus,ThrowDiscus
v_Shotput_g04_c04,Shotput\v_Shotput_g04_c04.avi,Shotput,91,3.64,25.0,320,240,320x240,ThrowDiscus,ThrowDiscus
v_Shotput_g04_c05,Shotput\v_Shotput_g04_c05.avi,Shotput,73,2.92,25.0,320,240,320x240,ThrowDiscus,ThrowDiscus
v_Shotput_g05_c01,Shotput\v_Shotput_g05_c01.avi,Shotput,67,2.68,25.0,320,240,320x240,HammerThrow,JavelinThrow
v_Shotput_g05_c02,Shotput\v_Shotput_g05_c02.avi,Shotput,130,5.2,25.0,320,240,320x240,HammerThrow,ThrowDiscus
v_Shotput_g05_c03,Shotput\v_Shotput_g05_c03.avi,Shotput,130,5.2,25.0,320,240,320x240,HammerThrow,HammerThrow
v_Shotput_g05_c04,Shotput\v_Shotput_g05_c04.avi,Shotput,125,5.0,25.0,320,240,320x240,HammerThrow,ThrowDiscus
v_Shotput_g05_c05,Shotput\v_Shotput_g05_c05.avi,Shotput,132,5.28,25.0,320,240,320x240,HammerThrow,ThrowDiscus
v_Shotput_g05_c06,Shotput\v_Shotput_g05_c06.avi,Shotput,125,5.0,25.0,320,240,320x240,HammerThrow,ThrowDiscus
v_Shotput_g05_c07,Shotput\v_Shotput_g05_c07.avi,Shotput,150,6.0,25.0,320,240,320x240,HammerThrow,ThrowDiscus
v_Shotput_g06_c01,Shotput\v_Shotput_g06_c01.avi,Shotput,101,4.04,25.0,320,240,320x240,HammerThrow,ThrowDiscus
v_Shotput_g06_c02,Shotput\v_Shotput_g06_c02.avi,Shotput,101,4.04,25.0,320,240,320x240,ThrowDiscus,ThrowDiscus
v_Shotput_g06_c03,Shotput\v_Shotput_g06_c03.avi,Shotput,88,3.52,25.0,320,240,320x240,HammerThrow,ThrowDiscus
v_Shotput_g06_c04,Shotput\v_Shotput_g06_c04.avi,Shotput,95,3.8,25.0,320,240,320x240,ThrowDiscus,ThrowDiscus
v_Shotput_g06_c05,Shotput\v_Shotput_g06_c05.avi,Shotput,86,3.44,25.0,320,240,320x240,ThrowDiscus,ThrowDiscus
v_Shotput_g06_c06,Shotput\v_Shotput_g06_c06.avi,Shotput,90,3.6,25.0,320,240,320x240,HammerThrow,ThrowDiscus
v_Shotput_g06_c07,Shotput\v_Shotput_g06_c07.avi,Shotput,101,4.04,25.0,320,240,320x240,ThrowDiscus,ThrowDiscus
v_Shotput_g07_c01,Shotput\v_Shotput_g07_c01.avi,Shotput,79,3.16,25.0,320,240,320x240,PoleVault,PoleVault
v_Shotput_g07_c02,Shotput\v_Shotput_g07_c02.avi,Shotput,65,2.6,25.0,320,240,320x240,HammerThrow,ThrowDiscus
v_Shotput_g07_c03,Shotput\v_Shotput_g07_c03.avi,Shotput,71,2.84,25.0,320,240,320x240,ThrowDiscus,PoleVault
v_Shotput_g07_c04,Shotput\v_Shotput_g07_c04.avi,Shotput,81,3.24,25.0,320,240,320x240,HammerThrow,JavelinThrow
v_Shotput_g07_c05,Shotput\v_Shotput_g07_c05.avi,Shotput,81,3.24,25.0,320,240,320x240,HammerThrow,ThrowDiscus
v_Shotput_g07_c06,Shotput\v_Shotput_g07_c06.avi,Shotput,60,2.4,25.0,320,240,320x240,HammerThrow,ThrowDiscus
v_Shotput_g07_c07,Shotput\v_Shotput_g07_c07.avi,Shotput,78,3.12,25.0,320,240,320x240,PoleVault,PoleVault
v_SkateBoarding_g01_c01,SkateBoarding\v_SkateBoarding_g01_c01.avi,SkateBoarding,202,8.08,25.0,320,240,320x240,SkateBoarding,SkateBoarding
v_SkateBoarding_g01_c02,SkateBoarding\v_SkateBoarding_g01_c02.avi,SkateBoarding,175,7.0,25.0,320,240,320x240,SkateBoarding,SkateBoarding
v_SkateBoarding_g01_c03,SkateBoarding\v_SkateBoarding_g01_c03.avi,SkateBoarding,112,4.48,25.0,320,240,320x240,Skiing,Skiing
v_SkateBoarding_g01_c04,SkateBoarding\v_SkateBoarding_g01_c04.avi,SkateBoarding,168,6.72,25.0,320,240,320x240,Biking,Biking
v_SkateBoarding_g02_c01,SkateBoarding\v_SkateBoarding_g02_c01.avi,SkateBoarding,369,14.76,25.0,320,240,320x240,SkateBoarding,SkateBoarding
v_SkateBoarding_g02_c02,SkateBoarding\v_SkateBoarding_g02_c02.avi,SkateBoarding,128,5.12,25.0,320,240,320x240,SkateBoarding,SkateBoarding
v_SkateBoarding_g02_c03,SkateBoarding\v_SkateBoarding_g02_c03.avi,SkateBoarding,111,4.44,25.0,320,240,320x240,Surfing,SkateBoarding
v_SkateBoarding_g02_c04,SkateBoarding\v_SkateBoarding_g02_c04.avi,SkateBoarding,77,3.08,25.0,320,240,320x240,SkateBoarding,SkateBoarding
v_SkateBoarding_g02_c05,SkateBoarding\v_SkateBoarding_g02_c05.avi,SkateBoarding,112,4.48,25.0,320,240,320x240,SkateBoarding,SkateBoarding
v_SkateBoarding_g02_c06,SkateBoarding\v_SkateBoarding_g02_c06.avi,SkateBoarding,300,12.0,25.0,320,240,320x240,SkateBoarding,SkateBoarding
v_SkateBoarding_g03_c01,SkateBoarding\v_SkateBoarding_g03_c01.avi,SkateBoarding,126,5.04,25.0,320,240,320x240,SkateBoarding,SkateBoarding
v_SkateBoarding_g03_c02,SkateBoarding\v_SkateBoarding_g03_c02.avi,SkateBoarding,126,5.04,25.0,320,240,320x240,SkateBoarding,SkateBoarding
v_SkateBoarding_g03_c03,SkateBoarding\v_SkateBoarding_g03_c03.avi,SkateBoarding,126,5.04,25.0,320,240,320x240,SkateBoarding,SkateBoarding
v_SkateBoarding_g03_c04,SkateBoarding\v_SkateBoarding_g03_c04.avi,SkateBoarding,128,5.12,25.0,320,240,320x240,SkateBoarding,SkateBoarding
v_SkateBoarding_g04_c01,SkateBoarding\v_SkateBoarding_g04_c01.avi,SkateBoarding,106,4.24,25.0,320,240,320x240,SkateBoarding,SkateBoarding
v_SkateBoarding_g04_c02,SkateBoarding\v_SkateBoarding_g04_c02.avi,SkateBoarding,145,5.8,25.0,320,240,320x240,SkateBoarding,SkateBoarding
v_SkateBoarding_g04_c03,SkateBoarding\v_SkateBoarding_g04_c03.avi,SkateBoarding,91,3.64,25.0,320,240,320x240,SkateBoarding,SkateBoarding
v_SkateBoarding_g04_c04,SkateBoarding\v_SkateBoarding_g04_c04.avi,SkateBoarding,135,5.4,25.0,320,240,320x240,SkateBoarding,SkateBoarding
v_SkateBoarding_g04_c05,SkateBoarding\v_SkateBoarding_g04_c05.avi,SkateBoarding,103,4.12,25.0,320,240,320x240,SkateBoarding,SkateBoarding
v_SkateBoarding_g05_c01,SkateBoarding\v_SkateBoarding_g05_c01.avi,SkateBoarding,140,5.6,25.0,320,240,320x240,SkateBoarding,SkateBoarding
v_SkateBoarding_g05_c02,SkateBoarding\v_SkateBoarding_g05_c02.avi,SkateBoarding,104,4.16,25.0,320,240,320x240,SkateBoarding,SkateBoarding
v_SkateBoarding_g05_c03,SkateBoarding\v_SkateBoarding_g05_c03.avi,SkateBoarding,160,6.4,25.0,320,240,320x240,SkateBoarding,SkateBoarding
v_SkateBoarding_g05_c04,SkateBoarding\v_SkateBoarding_g05_c04.avi,SkateBoarding,185,7.4,25.0,320,240,320x240,SkateBoarding,SkateBoarding
v_SkateBoarding_g06_c01,SkateBoarding\v_SkateBoarding_g06_c01.avi,SkateBoarding,129,5.16,25.0,320,240,320x240,SkateBoarding,SkateBoarding
v_SkateBoarding_g06_c02,SkateBoarding\v_SkateBoarding_g06_c02.avi,SkateBoarding,150,6.0,25.0,320,240,320x240,SkateBoarding,SkateBoarding
v_SkateBoarding_g06_c03,SkateBoarding\v_SkateBoarding_g06_c03.avi,SkateBoarding,123,4.92,25.0,320,240,320x240,SkateBoarding,SkateBoarding
v_SkateBoarding_g06_c04,SkateBoarding\v_SkateBoarding_g06_c04.avi,SkateBoarding,150,6.0,25.0,320,240,320x240,SkateBoarding,SkateBoarding
v_SkateBoarding_g07_c01,SkateBoarding\v_SkateBoarding_g07_c01.avi,SkateBoarding,146,5.84,25.0,320,240,320x240,SkateBoarding,SkateBoarding
v_SkateBoarding_g07_c02,SkateBoarding\v_SkateBoarding_g07_c02.avi,SkateBoarding,199,7.96,25.0,320,240,320x240,SkateBoarding,SkateBoarding
v_SkateBoarding_g07_c03,SkateBoarding\v_SkateBoarding_g07_c03.avi,SkateBoarding,185,7.4,25.0,320,240,320x240,SkateBoarding,SkateBoarding
v_SkateBoarding_g07_c04,SkateBoarding\v_SkateBoarding_g07_c04.avi,SkateBoarding,172,6.88,25.0,320,240,320x240,SkateBoarding,SkateBoarding
v_SkateBoarding_g07_c05,SkateBoarding\v_SkateBoarding_g07_c05.avi,SkateBoarding,149,5.96,25.0,320,240,320x240,SkateBoarding,SkateBoarding
v_Skiing_g01_c01,Skiing\v_Skiing_g01_c01.avi,Skiing,240,9.6,25.0,320,240,320x240,Skiing,Skiing
v_Skiing_g01_c02,Skiing\v_Skiing_g01_c02.avi,Skiing,244,9.76,25.0,320,240,320x240,Skiing,Skiing
v_Skiing_g01_c03,Skiing\v_Skiing_g01_c03.avi,Skiing,245,9.8,25.0,320,240,320x240,Skiing,Skiing
v_Skiing_g01_c04,Skiing\v_Skiing_g01_c04.avi,Skiing,252,10.08,25.0,320,240,320x240,Skiing,Skiing
v_Skiing_g01_c05,Skiing\v_Skiing_g01_c05.avi,Skiing,260,10.4,25.0,320,240,320x240,Skiing,Skiing
v_Skiing_g01_c06,Skiing\v_Skiing_g01_c06.avi,Skiing,174,6.96,25.0,320,240,320x240,Skiing,Skiing
v_Skiing_g02_c01,Skiing\v_Skiing_g02_c01.avi,Skiing,175,7.0,25.0,320,240,320x240,Skiing,Skiing
v_Skiing_g02_c02,Skiing\v_Skiing_g02_c02.avi,Skiing,202,8.08,25.0,320,240,320x240,Skiing,Skiing
v_Skiing_g02_c03,Skiing\v_Skiing_g02_c03.avi,Skiing,200,8.0,25.0,320,240,320x240,Skiing,Skiing
v_Skiing_g02_c04,Skiing\v_Skiing_g02_c04.avi,Skiing,177,7.08,25.0,320,240,320x240,Skiing,Skiing
v_Skiing_g02_c05,Skiing\v_Skiing_g02_c05.avi,Skiing,118,4.72,25.0,320,240,320x240,Skiing,Skiing
v_Skiing_g03_c01,Skiing\v_Skiing_g03_c01.avi,Skiing,208,8.32,25.0,320,240,320x240,Skiing,Skiing
v_Skiing_g03_c02,Skiing\v_Skiing_g03_c02.avi,Skiing,110,4.4,25.0,320,240,320x240,Skiing,Skiing
v_Skiing_g03_c03,Skiing\v_Skiing_g03_c03.avi,Skiing,206,8.24,25.0,320,240,320x240,Skiing,Skiing
v_Skiing_g03_c04,Skiing\v_Skiing_g03_c04.avi,Skiing,308,12.32,25.0,320,240,320x240,Skiing,Skiing
v_Skiing_g03_c05,Skiing\v_Skiing_g03_c05.avi,Skiing,230,9.2,25.0,320,240,320x240,Skiing,Skiing
v_Skiing_g03_c06,Skiing\v_Skiing_g03_c06.avi,Skiing,300,12.0,25.0,320,240,320x240,Skiing,Skiing
v_Skiing_g03_c07,Skiing\v_Skiing_g03_c07.avi,Skiing,300,12.0,25.0,320,240,320x240,Skiing,Skiing
v_Skiing_g04_c01,Skiing\v_Skiing_g04_c01.avi,Skiing,230,9.2,25.0,320,240,320x240,Surfing,Surfing
v_Skiing_g04_c02,Skiing\v_Skiing_g04_c02.avi,Skiing,252,10.08,25.0,320,240,320x240,Surfing,Surfing
v_Skiing_g04_c03,Skiing\v_Skiing_g04_c03.avi,Skiing,154,6.16,25.0,320,240,320x240,Skiing,Skiing
v_Skiing_g04_c04,Skiing\v_Skiing_g04_c04.avi,Skiing,200,8.0,25.0,320,240,320x240,Skiing,Skiing
v_Skiing_g04_c05,Skiing\v_Skiing_g04_c05.avi,Skiing,199,7.96,25.0,320,240,320x240,Skiing,Skiing
v_Skiing_g04_c06,Skiing\v_Skiing_g04_c06.avi,Skiing,187,7.48,25.0,320,240,320x240,Skiing,Skiing
v_Skiing_g04_c07,Skiing\v_Skiing_g04_c07.avi,Skiing,279,11.16,25.0,320,240,320x240,Surfing,Surfing
v_Skiing_g05_c01,Skiing\v_Skiing_g05_c01.avi,Skiing,184,7.36,25.0,320,240,320x240,Skiing,Skiing
v_Skiing_g05_c02,Skiing\v_Skiing_g05_c02.avi,Skiing,108,4.32,25.0,320,240,320x240,Skiing,Skiing
v_Skiing_g05_c03,Skiing\v_Skiing_g05_c03.avi,Skiing,278,11.12,25.0,320,240,320x240,Skiing,Skiing
v_Skiing_g05_c04,Skiing\v_Skiing_g05_c04.avi,Skiing,254,10.16,25.0,320,240,320x240,Skiing,Skiing
v_Skiing_g06_c01,Skiing\v_Skiing_g06_c01.avi,Skiing,300,12.0,25.0,320,240,320x240,Skiing,Skiing
v_Skiing_g06_c02,Skiing\v_Skiing_g06_c02.avi,Skiing,300,12.0,25.0,320,240,320x240,Skiing,Skiing
v_Skiing_g06_c03,Skiing\v_Skiing_g06_c03.avi,Skiing,300,12.0,25.0,320,240,320x240,Skiing,Skiing
v_Skiing_g06_c04,Skiing\v_Skiing_g06_c04.avi,Skiing,300,12.0,25.0,320,240,320x240,Skiing,Skiing
v_Skiing_g06_c05,Skiing\v_Skiing_g06_c05.avi,Skiing,300,12.0,25.0,320,240,320x240,Skiing,Skiing
v_Skiing_g06_c06,Skiing\v_Skiing_g06_c06.avi,Skiing,300,12.0,25.0,320,240,320x240,Skiing,Skiing
v_Skiing_g06_c07,Skiing\v_Skiing_g06_c07.avi,Skiing,300,12.0,25.0,320,240,320x240,Skiing,Skiing
v_Skiing_g07_c01,Skiing\v_Skiing_g07_c01.avi,Skiing,236,9.44,25.0,320,240,320x240,Skiing,Skiing
v_Skiing_g07_c02,Skiing\v_Skiing_g07_c02.avi,Skiing,179,7.16,25.0,320,240,320x240,Skiing,Skiing
v_Skiing_g07_c03,Skiing\v_Skiing_g07_c03.avi,Skiing,103,4.12,25.0,320,240,320x240,Skiing,Skiing
v_Skiing_g07_c04,Skiing\v_Skiing_g07_c04.avi,Skiing,85,3.4,25.0,320,240,320x240,Skiing,Skiing
v_Skijet_g01_c01,Skijet\v_Skijet_g01_c01.avi,Skijet,418,13.947266666666668,29.97002997002997,320,240,320x240,Kayaking,Skijet
v_Skijet_g01_c02,Skijet\v_Skijet_g01_c02.avi,Skijet,416,13.880533333333334,29.97002997002997,320,240,320x240,Kayaking,Skijet
v_Skijet_g01_c03,Skijet\v_Skijet_g01_c03.avi,Skijet,416,13.880533333333334,29.97002997002997,320,240,320x240,Kayaking,Skijet
v_Skijet_g01_c04,Skijet\v_Skijet_g01_c04.avi,Skijet,416,13.880533333333334,29.97002997002997,320,240,320x240,Kayaking,Skijet
v_Skijet_g02_c01,Skijet\v_Skijet_g02_c01.avi,Skijet,210,7.007000000000001,29.97002997002997,320,240,320x240,Surfing,Skijet
v_Skijet_g02_c02,Skijet\v_Skijet_g02_c02.avi,Skijet,183,6.1061000000000005,29.97002997002997,320,240,320x240,Surfing,Skijet
v_Skijet_g02_c03,Skijet\v_Skijet_g02_c03.avi,Skijet,210,7.007000000000001,29.97002997002997,320,240,320x240,Surfing,Skijet
v_Skijet_g02_c04,Skijet\v_Skijet_g02_c04.avi,Skijet,210,7.007000000000001,29.97002997002997,320,240,320x240,Surfing,Skijet
v_Skijet_g03_c01,Skijet\v_Skijet_g03_c01.avi,Skijet,316,10.543866666666666,29.97002997002997,320,240,320x240,Surfing,Skijet
v_Skijet_g03_c02,Skijet\v_Skijet_g03_c02.avi,Skijet,316,10.543866666666666,29.97002997002997,320,240,320x240,Surfing,Skijet
v_Skijet_g03_c03,Skijet\v_Skijet_g03_c03.avi,Skijet,316,10.543866666666666,29.97002997002997,320,240,320x240,Skijet,Skijet
v_Skijet_g03_c04,Skijet\v_Skijet_g03_c04.avi,Skijet,310,10.343666666666667,29.97002997002997,320,240,320x240,Surfing,Skijet
v_Skijet_g04_c01,Skijet\v_Skijet_g04_c01.avi,Skijet,251,8.375033333333333,29.97002997002997,320,240,320x240,Surfing,Skijet
v_Skijet_g04_c02,Skijet\v_Skijet_g04_c02.avi,Skijet,251,8.375033333333333,29.97002997002997,320,240,320x240,CliffDiving,Skijet
v_Skijet_g04_c03,Skijet\v_Skijet_g04_c03.avi,Skijet,251,8.375033333333333,29.97002997002997,320,240,320x240,CliffDiving,CliffDiving
v_Skijet_g04_c04,Skijet\v_Skijet_g04_c04.avi,Skijet,251,8.375033333333333,29.97002997002997,320,240,320x240,CliffDiving,Surfing
v_Skijet_g05_c01,Skijet\v_Skijet_g05_c01.avi,Skijet,210,7.007000000000001,29.97002997002997,320,240,320x240,Surfing,Skijet
v_Skijet_g05_c02,Skijet\v_Skijet_g05_c02.avi,Skijet,210,7.007000000000001,29.97002997002997,320,240,320x240,Surfing,Skijet
v_Skijet_g05_c03,Skijet\v_Skijet_g05_c03.avi,Skijet,210,7.007000000000001,29.97002997002997,320,240,320x240,Surfing,Skijet
v_Skijet_g05_c04,Skijet\v_Skijet_g05_c04.avi,Skijet,210,7.007000000000001,29.97002997002997,320,240,320x240,Surfing,Skijet
v_Skijet_g06_c01,Skijet\v_Skijet_g06_c01.avi,Skijet,251,8.375033333333333,29.97002997002997,320,240,320x240,Surfing,Skijet
v_Skijet_g06_c02,Skijet\v_Skijet_g06_c02.avi,Skijet,251,8.375033333333333,29.97002997002997,320,240,320x240,Surfing,Skijet
v_Skijet_g06_c03,Skijet\v_Skijet_g06_c03.avi,Skijet,251,8.375033333333333,29.97002997002997,320,240,320x240,Surfing,Skijet
v_Skijet_g06_c04,Skijet\v_Skijet_g06_c04.avi,Skijet,251,8.375033333333333,29.97002997002997,320,240,320x240,Surfing,Skijet
v_Skijet_g07_c01,Skijet\v_Skijet_g07_c01.avi,Skijet,199,6.639966666666667,29.97002997002997,320,240,320x240,Surfing,Surfing
v_Skijet_g07_c02,Skijet\v_Skijet_g07_c02.avi,Skijet,197,6.5732333333333335,29.97002997002997,320,240,320x240,Surfing,Skijet
v_Skijet_g07_c03,Skijet\v_Skijet_g07_c03.avi,Skijet,197,6.5732333333333335,29.97002997002997,320,240,320x240,Surfing,Surfing
v_Skijet_g07_c04,Skijet\v_Skijet_g07_c04.avi,Skijet,203,6.773433333333333,29.97002997002997,320,240,320x240,Surfing,Skijet
v_SkyDiving_g01_c01,SkyDiving\v_SkyDiving_g01_c01.avi,SkyDiving,187,7.48,25.0,320,240,320x240,SkyDiving,SkyDiving
v_SkyDiving_g01_c02,SkyDiving\v_SkyDiving_g01_c02.avi,SkyDiving,194,7.76,25.0,320,240,320x240,SkyDiving,SkyDiving
v_SkyDiving_g01_c03,SkyDiving\v_SkyDiving_g01_c03.avi,SkyDiving,126,5.04,25.0,320,240,320x240,SkyDiving,SkyDiving
v_SkyDiving_g01_c04,SkyDiving\v_SkyDiving_g01_c04.avi,SkyDiving,97,3.88,25.0,320,240,320x240,SkyDiving,SkyDiving
v_SkyDiving_g02_c01,SkyDiving\v_SkyDiving_g02_c01.avi,SkyDiving,30,1.2,25.0,320,240,320x240,SkyDiving,SkyDiving
v_SkyDiving_g02_c02,SkyDiving\v_SkyDiving_g02_c02.avi,SkyDiving,127,5.08,25.0,320,240,320x240,SkyDiving,SkyDiving
v_SkyDiving_g02_c03,SkyDiving\v_SkyDiving_g02_c03.avi,SkyDiving,136,5.44,25.0,320,240,320x240,SkyDiving,SkyDiving
v_SkyDiving_g02_c04,SkyDiving\v_SkyDiving_g02_c04.avi,SkyDiving,114,4.56,25.0,320,240,320x240,SkyDiving,SkyDiving
v_SkyDiving_g03_c01,SkyDiving\v_SkyDiving_g03_c01.avi,SkyDiving,187,7.48,25.0,320,240,320x240,SkyDiving,SkyDiving
v_SkyDiving_g03_c02,SkyDiving\v_SkyDiving_g03_c02.avi,SkyDiving,202,8.08,25.0,320,240,320x240,SkyDiving,SkyDiving
v_SkyDiving_g03_c03,SkyDiving\v_SkyDiving_g03_c03.avi,SkyDiving,194,7.76,25.0,320,240,320x240,SkyDiving,SkyDiving
v_SkyDiving_g03_c04,SkyDiving\v_SkyDiving_g03_c04.avi,SkyDiving,232,9.28,25.0,320,240,320x240,SkyDiving,SkyDiving
v_SkyDiving_g03_c05,SkyDiving\v_SkyDiving_g03_c05.avi,SkyDiving,247,9.88,25.0,320,240,320x240,SkyDiving,SkyDiving
v_SkyDiving_g04_c01,SkyDiving\v_SkyDiving_g04_c01.avi,SkyDiving,149,5.96,25.0,320,240,320x240,SkyDiving,SkyDiving
v_SkyDiving_g04_c02,SkyDiving\v_SkyDiving_g04_c02.avi,SkyDiving,141,5.64,25.0,320,240,320x240,SkyDiving,SkyDiving
v_SkyDiving_g04_c03,SkyDiving\v_SkyDiving_g04_c03.avi,SkyDiving,127,5.08,25.0,320,240,320x240,SkyDiving,SkyDiving
v_SkyDiving_g04_c04,SkyDiving\v_SkyDiving_g04_c04.avi,SkyDiving,102,4.08,25.0,320,240,320x240,SkyDiving,SkyDiving
v_SkyDiving_g05_c01,SkyDiving\v_SkyDiving_g05_c01.avi,SkyDiving,186,7.44,25.0,320,240,320x240,SkyDiving,SkyDiving
v_SkyDiving_g05_c02,SkyDiving\v_SkyDiving_g05_c02.avi,SkyDiving,170,6.8,25.0,320,240,320x240,SkyDiving,SkyDiving
v_SkyDiving_g05_c03,SkyDiving\v_SkyDiving_g05_c03.avi,SkyDiving,200,8.0,25.0,320,240,320x240,SkyDiving,SkyDiving
v_SkyDiving_g05_c04,SkyDiving\v_SkyDiving_g05_c04.avi,SkyDiving,211,8.44,25.0,320,240,320x240,SkyDiving,SkyDiving
v_SkyDiving_g05_c05,SkyDiving\v_SkyDiving_g05_c05.avi,SkyDiving,220,8.8,25.0,320,240,320x240,SkyDiving,SkyDiving
v_SkyDiving_g06_c01,SkyDiving\v_SkyDiving_g06_c01.avi,SkyDiving,84,3.36,25.0,320,240,320x240,SkyDiving,SkyDiving
v_SkyDiving_g06_c02,SkyDiving\v_SkyDiving_g06_c02.avi,SkyDiving,153,6.12,25.0,320,240,320x240,SkyDiving,SkyDiving
v_SkyDiving_g06_c03,SkyDiving\v_SkyDiving_g06_c03.avi,SkyDiving,160,6.4,25.0,320,240,320x240,SkyDiving,SkyDiving
v_SkyDiving_g06_c04,SkyDiving\v_SkyDiving_g06_c04.avi,SkyDiving,154,6.16,25.0,320,240,320x240,SkyDiving,SkyDiving
v_SkyDiving_g07_c01,SkyDiving\v_SkyDiving_g07_c01.avi,SkyDiving,167,6.68,25.0,320,240,320x240,SkyDiving,SkyDiving
v_SkyDiving_g07_c02,SkyDiving\v_SkyDiving_g07_c02.avi,SkyDiving,179,7.16,25.0,320,240,320x240,SkyDiving,SkyDiving
v_SkyDiving_g07_c03,SkyDiving\v_SkyDiving_g07_c03.avi,SkyDiving,203,8.12,25.0,320,240,320x240,SkyDiving,SkyDiving
v_SkyDiving_g07_c04,SkyDiving\v_SkyDiving_g07_c04.avi,SkyDiving,92,3.68,25.0,320,240,320x240,SkyDiving,SkyDiving
v_SkyDiving_g07_c05,SkyDiving\v_SkyDiving_g07_c05.avi,SkyDiving,156,6.24,25.0,320,240,320x240,SkyDiving,SkyDiving
v_SoccerJuggling_g01_c01,SoccerJuggling\v_SoccerJuggling_g01_c01.avi,SoccerJuggling,900,30.03,29.97002997002997,320,240,320x240,SoccerJuggling,SoccerJuggling
v_SoccerJuggling_g01_c02,SoccerJuggling\v_SoccerJuggling_g01_c02.avi,SoccerJuggling,502,16.750066666666665,29.97002997002997,320,240,320x240,SoccerJuggling,SoccerJuggling
v_SoccerJuggling_g01_c03,SoccerJuggling\v_SoccerJuggling_g01_c03.avi,SoccerJuggling,880,29.362666666666662,29.97002997002997,320,240,320x240,SoccerJuggling,SoccerJuggling
v_SoccerJuggling_g01_c04,SoccerJuggling\v_SoccerJuggling_g01_c04.avi,SoccerJuggling,705,23.5235,29.97002997002997,320,240,320x240,SoccerJuggling,JumpRope
v_SoccerJuggling_g01_c05,SoccerJuggling\v_SoccerJuggling_g01_c05.avi,SoccerJuggling,290,9.676333333333334,29.97002997002997,320,240,320x240,SoccerJuggling,SoccerJuggling
v_SoccerJuggling_g02_c01,SoccerJuggling\v_SoccerJuggling_g02_c01.avi,SoccerJuggling,240,8.008000000000001,29.97002997002997,320,240,320x240,SoccerJuggling,SoccerJuggling
v_SoccerJuggling_g02_c02,SoccerJuggling\v_SoccerJuggling_g02_c02.avi,SoccerJuggling,240,8.008000000000001,29.97002997002997,320,240,320x240,SoccerJuggling,SoccerJuggling
v_SoccerJuggling_g02_c03,SoccerJuggling\v_SoccerJuggling_g02_c03.avi,SoccerJuggling,240,8.008000000000001,29.97002997002997,320,240,320x240,SoccerJuggling,SoccerJuggling
v_SoccerJuggling_g02_c04,SoccerJuggling\v_SoccerJuggling_g02_c04.avi,SoccerJuggling,240,8.008000000000001,29.97002997002997,320,240,320x240,SoccerJuggling,SoccerJuggling
v_SoccerJuggling_g02_c05,SoccerJuggling\v_SoccerJuggling_g02_c05.avi,SoccerJuggling,240,8.008000000000001,29.97002997002997,320,240,320x240,SoccerJuggling,SoccerJuggling
v_SoccerJuggling_g02_c06,SoccerJuggling\v_SoccerJuggling_g02_c06.avi,SoccerJuggling,240,8.008000000000001,29.97002997002997,320,240,320x240,SoccerJuggling,SoccerJuggling
v_SoccerJuggling_g03_c01,SoccerJuggling\v_SoccerJuggling_g03_c01.avi,SoccerJuggling,230,7.674333333333333,29.97002997002997,320,240,320x240,SoccerJuggling,SoccerJuggling
v_SoccerJuggling_g03_c02,SoccerJuggling\v_SoccerJuggling_g03_c02.avi,SoccerJuggling,230,7.674333333333333,29.97002997002997,320,240,320x240,SoccerJuggling,SoccerJuggling
v_SoccerJuggling_g03_c03,SoccerJuggling\v_SoccerJuggling_g03_c03.avi,SoccerJuggling,230,7.674333333333333,29.97002997002997,320,240,320x240,TennisSwing,TennisSwing
v_SoccerJuggling_g03_c04,SoccerJuggling\v_SoccerJuggling_g03_c04.avi,SoccerJuggling,230,7.674333333333333,29.97002997002997,320,240,320x240,TennisSwing,TennisSwing
v_SoccerJuggling_g04_c01,SoccerJuggling\v_SoccerJuggling_g04_c01.avi,SoccerJuggling,360,12.012,29.97002997002997,320,240,320x240,SoccerJuggling,FrisbeeCatch
v_SoccerJuggling_g04_c02,SoccerJuggling\v_SoccerJuggling_g04_c02.avi,SoccerJuggling,360,12.012,29.97002997002997,320,240,320x240,SoccerJuggling,SoccerJuggling
v_SoccerJuggling_g04_c03,SoccerJuggling\v_SoccerJuggling_g04_c03.avi,SoccerJuggling,360,12.012,29.97002997002997,320,240,320x240,SoccerJuggling,SoccerJuggling
v_SoccerJuggling_g04_c04,SoccerJuggling\v_SoccerJuggling_g04_c04.avi,SoccerJuggling,360,12.012,29.97002997002997,320,240,320x240,SoccerJuggling,SoccerJuggling
v_SoccerJuggling_g04_c05,SoccerJuggling\v_SoccerJuggling_g04_c05.avi,SoccerJuggling,360,12.012,29.97002997002997,320,240,320x240,SoccerJuggling,SoccerJuggling
v_SoccerJuggling_g04_c06,SoccerJuggling\v_SoccerJuggling_g04_c06.avi,SoccerJuggling,360,12.012,29.97002997002997,320,240,320x240,SoccerJuggling,SoccerJuggling
v_SoccerJuggling_g05_c01,SoccerJuggling\v_SoccerJuggling_g05_c01.avi,SoccerJuggling,240,8.008000000000001,29.97002997002997,320,240,320x240,SoccerJuggling,SoccerJuggling
v_SoccerJuggling_g05_c02,SoccerJuggling\v_SoccerJuggling_g05_c02.avi,SoccerJuggling,240,8.008000000000001,29.97002997002997,320,240,320x240,SoccerJuggling,SoccerJuggling
v_SoccerJuggling_g05_c03,SoccerJuggling\v_SoccerJuggling_g05_c03.avi,SoccerJuggling,240,8.008000000000001,29.97002997002997,320,240,320x240,SoccerJuggling,SoccerJuggling
v_SoccerJuggling_g05_c04,SoccerJuggling\v_SoccerJuggling_g05_c04.avi,SoccerJuggling,240,8.008000000000001,29.97002997002997,320,240,320x240,SoccerJuggling,FrisbeeCatch
v_SoccerJuggling_g05_c05,SoccerJuggling\v_SoccerJuggling_g05_c05.avi,SoccerJuggling,240,8.008000000000001,29.97002997002997,320,240,320x240,SoccerJuggling,FrisbeeCatch
v_SoccerJuggling_g05_c06,SoccerJuggling\v_SoccerJuggling_g05_c06.avi,SoccerJuggling,240,8.008000000000001,29.97002997002997,320,240,320x240,SoccerJuggling,FrisbeeCatch
v_SoccerJuggling_g06_c01,SoccerJuggling\v_SoccerJuggling_g06_c01.avi,SoccerJuggling,251,8.375033333333333,29.97002997002997,320,240,320x240,SoccerJuggling,FrisbeeCatch
v_SoccerJuggling_g06_c02,SoccerJuggling\v_SoccerJuggling_g06_c02.avi,SoccerJuggling,135,4.5045,29.97002997002997,320,240,320x240,SoccerJuggling,FrisbeeCatch
v_SoccerJuggling_g06_c03,SoccerJuggling\v_SoccerJuggling_g06_c03.avi,SoccerJuggling,229,7.640966666666666,29.97002997002997,320,240,320x240,SoccerJuggling,FrisbeeCatch
v_SoccerJuggling_g06_c04,SoccerJuggling\v_SoccerJuggling_g06_c04.avi,SoccerJuggling,92,3.069733333333333,29.97002997002997,320,240,320x240,SoccerJuggling,FrisbeeCatch
v_SoccerJuggling_g06_c05,SoccerJuggling\v_SoccerJuggling_g06_c05.avi,SoccerJuggling,300,10.01,29.97002997002997,320,240,320x240,SoccerJuggling,FrisbeeCatch
v_SoccerJuggling_g07_c01,SoccerJuggling\v_SoccerJuggling_g07_c01.avi,SoccerJuggling,301,10.043366666666667,29.97002997002997,320,240,320x240,SoccerJuggling,SoccerJuggling
v_SoccerJuggling_g07_c02,SoccerJuggling\v_SoccerJuggling_g07_c02.avi,SoccerJuggling,301,10.043366666666667,29.97002997002997,320,240,320x240,SoccerJuggling,FrisbeeCatch
v_SoccerJuggling_g07_c03,SoccerJuggling\v_SoccerJuggling_g07_c03.avi,SoccerJuggling,301,10.043366666666667,29.97002997002997,320,240,320x240,SoccerJuggling,SoccerJuggling
v_SoccerJuggling_g07_c04,SoccerJuggling\v_SoccerJuggling_g07_c04.avi,SoccerJuggling,301,10.043366666666667,29.97002997002997,320,240,320x240,SoccerJuggling,SoccerJuggling
v_SoccerJuggling_g07_c05,SoccerJuggling\v_SoccerJuggling_g07_c05.avi,SoccerJuggling,360,12.012,29.97002997002997,320,240,320x240,SoccerJuggling,SoccerJuggling
v_SoccerJuggling_g07_c06,SoccerJuggling\v_SoccerJuggling_g07_c06.avi,SoccerJuggling,360,12.012,29.97002997002997,320,240,320x240,SoccerJuggling,SoccerJuggling
v_SoccerJuggling_g07_c07,SoccerJuggling\v_SoccerJuggling_g07_c07.avi,SoccerJuggling,360,12.012,29.97002997002997,320,240,320x240,SoccerJuggling,FrisbeeCatch
v_SoccerPenalty_g01_c01,SoccerPenalty\v_SoccerPenalty_g01_c01.avi,SoccerPenalty,153,6.12,25.0,320,240,320x240,SoccerPenalty,SoccerPenalty
v_SoccerPenalty_g01_c02,SoccerPenalty\v_SoccerPenalty_g01_c02.avi,SoccerPenalty,138,5.52,25.0,320,240,320x240,SoccerPenalty,SoccerPenalty
v_SoccerPenalty_g01_c03,SoccerPenalty\v_SoccerPenalty_g01_c03.avi,SoccerPenalty,148,5.92,25.0,320,240,320x240,SoccerPenalty,SoccerPenalty
v_SoccerPenalty_g01_c04,SoccerPenalty\v_SoccerPenalty_g01_c04.avi,SoccerPenalty,132,5.28,25.0,320,240,320x240,SoccerPenalty,SoccerPenalty
v_SoccerPenalty_g01_c05,SoccerPenalty\v_SoccerPenalty_g01_c05.avi,SoccerPenalty,105,4.2,25.0,320,240,320x240,SoccerPenalty,SoccerPenalty
v_SoccerPenalty_g01_c06,SoccerPenalty\v_SoccerPenalty_g01_c06.avi,SoccerPenalty,92,3.68,25.0,320,240,320x240,SoccerPenalty,SoccerPenalty
v_SoccerPenalty_g02_c01,SoccerPenalty\v_SoccerPenalty_g02_c01.avi,SoccerPenalty,118,4.72,25.0,320,240,320x240,SoccerPenalty,SoccerPenalty
v_SoccerPenalty_g02_c02,SoccerPenalty\v_SoccerPenalty_g02_c02.avi,SoccerPenalty,100,4.0,25.0,320,240,320x240,SoccerPenalty,SoccerPenalty
v_SoccerPenalty_g02_c03,SoccerPenalty\v_SoccerPenalty_g02_c03.avi,SoccerPenalty,91,3.64,25.0,320,240,320x240,SoccerPenalty,SoccerPenalty
v_SoccerPenalty_g02_c04,SoccerPenalty\v_SoccerPenalty_g02_c04.avi,SoccerPenalty,121,4.84,25.0,320,240,320x240,SoccerPenalty,SoccerPenalty
v_SoccerPenalty_g02_c05,SoccerPenalty\v_SoccerPenalty_g02_c05.avi,SoccerPenalty,100,4.0,25.0,320,240,320x240,SoccerPenalty,SoccerPenalty
v_SoccerPenalty_g03_c01,SoccerPenalty\v_SoccerPenalty_g03_c01.avi,SoccerPenalty,98,3.92,25.0,320,240,320x240,SoccerPenalty,SoccerPenalty
v_SoccerPenalty_g03_c02,SoccerPenalty\v_SoccerPenalty_g03_c02.avi,SoccerPenalty,96,3.84,25.0,320,240,320x240,SoccerPenalty,SoccerPenalty
v_SoccerPenalty_g03_c03,SoccerPenalty\v_SoccerPenalty_g03_c03.avi,SoccerPenalty,138,5.52,25.0,320,240,320x240,SoccerPenalty,SoccerPenalty
v_SoccerPenalty_g03_c04,SoccerPenalty\v_SoccerPenalty_g03_c04.avi,SoccerPenalty,98,3.92,25.0,320,240,320x240,SoccerPenalty,SoccerPenalty
v_SoccerPenalty_g03_c05,SoccerPenalty\v_SoccerPenalty_g03_c05.avi,SoccerPenalty,70,2.8,25.0,320,240,320x240,SoccerPenalty,SoccerPenalty
v_SoccerPenalty_g04_c01,SoccerPenalty\v_SoccerPenalty_g04_c01.avi,SoccerPenalty,58,2.32,25.0,320,240,320x240,SoccerPenalty,SoccerPenalty
v_SoccerPenalty_g04_c02,SoccerPenalty\v_SoccerPenalty_g04_c02.avi,SoccerPenalty,72,2.88,25.0,320,240,320x240,SoccerPenalty,SoccerPenalty
v_SoccerPenalty_g04_c03,SoccerPenalty\v_SoccerPenalty_g04_c03.avi,SoccerPenalty,70,2.8,25.0,320,240,320x240,SoccerPenalty,SoccerPenalty
v_SoccerPenalty_g04_c04,SoccerPenalty\v_SoccerPenalty_g04_c04.avi,SoccerPenalty,83,3.32,25.0,320,240,320x240,SoccerPenalty,SoccerPenalty
v_SoccerPenalty_g04_c05,SoccerPenalty\v_SoccerPenalty_g04_c05.avi,SoccerPenalty,115,4.6,25.0,320,240,320x240,SoccerPenalty,SoccerPenalty
v_SoccerPenalty_g05_c01,SoccerPenalty\v_SoccerPenalty_g05_c01.avi,SoccerPenalty,94,3.76,25.0,320,240,320x240,SoccerPenalty,SoccerPenalty
v_SoccerPenalty_g05_c02,SoccerPenalty\v_SoccerPenalty_g05_c02.avi,SoccerPenalty,78,3.12,25.0,320,240,320x240,SoccerPenalty,SoccerPenalty
v_SoccerPenalty_g05_c03,SoccerPenalty\v_SoccerPenalty_g05_c03.avi,SoccerPenalty,89,3.56,25.0,320,240,320x240,SoccerPenalty,SoccerPenalty
v_SoccerPenalty_g05_c04,SoccerPenalty\v_SoccerPenalty_g05_c04.avi,SoccerPenalty,79,3.16,25.0,320,240,320x240,SoccerPenalty,SoccerPenalty
v_SoccerPenalty_g05_c05,SoccerPenalty\v_SoccerPenalty_g05_c05.avi,SoccerPenalty,100,4.0,25.0,320,240,320x240,SoccerPenalty,SoccerPenalty
v_SoccerPenalty_g05_c06,SoccerPenalty\v_SoccerPenalty_g05_c06.avi,SoccerPenalty,75,3.0,25.0,320,240,320x240,SoccerPenalty,SoccerPenalty
v_SoccerPenalty_g05_c07,SoccerPenalty\v_SoccerPenalty_g05_c07.avi,SoccerPenalty,137,5.48,25.0,320,240,320x240,SoccerPenalty,SoccerPenalty
v_SoccerPenalty_g06_c01,SoccerPenalty\v_SoccerPenalty_g06_c01.avi,SoccerPenalty,101,4.04,25.0,320,240,320x240,SoccerPenalty,SoccerPenalty
v_SoccerPenalty_g06_c02,SoccerPenalty\v_SoccerPenalty_g06_c02.avi,SoccerPenalty,50,2.0,25.0,320,240,320x240,SoccerPenalty,SoccerPenalty
v_SoccerPenalty_g06_c03,SoccerPenalty\v_SoccerPenalty_g06_c03.avi,SoccerPenalty,65,2.6,25.0,320,240,320x240,SoccerPenalty,SoccerPenalty
v_SoccerPenalty_g06_c04,SoccerPenalty\v_SoccerPenalty_g06_c04.avi,SoccerPenalty,55,2.2,25.0,320,240,320x240,SoccerPenalty,SoccerPenalty
v_SoccerPenalty_g06_c05,SoccerPenalty\v_SoccerPenalty_g06_c05.avi,SoccerPenalty,60,2.4,25.0,320,240,320x240,SoccerPenalty,SoccerPenalty
v_SoccerPenalty_g06_c06,SoccerPenalty\v_SoccerPenalty_g06_c06.avi,SoccerPenalty,86,3.44,25.0,320,240,320x240,SoccerPenalty,SoccerPenalty
v_SoccerPenalty_g06_c07,SoccerPenalty\v_SoccerPenalty_g06_c07.avi,SoccerPenalty,62,2.48,25.0,320,240,320x240,SoccerPenalty,SoccerPenalty
v_SoccerPenalty_g07_c01,SoccerPenalty\v_SoccerPenalty_g07_c01.avi,SoccerPenalty,60,2.4,25.0,320,240,320x240,SoccerPenalty,SoccerPenalty
v_SoccerPenalty_g07_c02,SoccerPenalty\v_SoccerPenalty_g07_c02.avi,SoccerPenalty,146,5.84,25.0,320,240,320x240,SoccerPenalty,SoccerPenalty
v_SoccerPenalty_g07_c03,SoccerPenalty\v_SoccerPenalty_g07_c03.avi,SoccerPenalty,73,2.92,25.0,320,240,320x240,SoccerPenalty,SoccerPenalty
v_SoccerPenalty_g07_c04,SoccerPenalty\v_SoccerPenalty_g07_c04.avi,SoccerPenalty,71,2.84,25.0,320,240,320x240,SoccerPenalty,SoccerPenalty
v_SoccerPenalty_g07_c05,SoccerPenalty\v_SoccerPenalty_g07_c05.avi,SoccerPenalty,70,2.8,25.0,320,240,320x240,SoccerPenalty,SoccerPenalty
v_SoccerPenalty_g07_c06,SoccerPenalty\v_SoccerPenalty_g07_c06.avi,SoccerPenalty,96,3.84,25.0,320,240,320x240,SoccerPenalty,SoccerPenalty
v_StillRings_g01_c01,StillRings\v_StillRings_g01_c01.avi,StillRings,125,5.0,25.0,320,240,320x240,PoleVault,UnevenBars
v_StillRings_g01_c02,StillRings\v_StillRings_g01_c02.avi,StillRings,207,8.28,25.0,320,240,320x240,PoleVault,UnevenBars
v_StillRings_g01_c03,StillRings\v_StillRings_g01_c03.avi,StillRings,146,5.84,25.0,320,240,320x240,PoleVault,UnevenBars
v_StillRings_g01_c04,StillRings\v_StillRings_g01_c04.avi,StillRings,138,5.52,25.0,320,240,320x240,PoleVault,UnevenBars
v_StillRings_g01_c05,StillRings\v_StillRings_g01_c05.avi,StillRings,236,9.44,25.0,320,240,320x240,PoleVault,UnevenBars
v_StillRings_g02_c01,StillRings\v_StillRings_g02_c01.avi,StillRings,188,7.52,25.0,320,240,320x240,PoleVault,UnevenBars
v_StillRings_g02_c02,StillRings\v_StillRings_g02_c02.avi,StillRings,94,3.76,25.0,320,240,320x240,PoleVault,UnevenBars
v_StillRings_g02_c03,StillRings\v_StillRings_g02_c03.avi,StillRings,159,6.36,25.0,320,240,320x240,PoleVault,StillRings
v_StillRings_g02_c04,StillRings\v_StillRings_g02_c04.avi,StillRings,156,6.24,25.0,320,240,320x240,HighJump,UnevenBars
v_StillRings_g03_c01,StillRings\v_StillRings_g03_c01.avi,StillRings,116,4.64,25.0,320,240,320x240,HighJump,UnevenBars
v_StillRings_g03_c02,StillRings\v_StillRings_g03_c02.avi,StillRings,113,4.52,25.0,320,240,320x240,HighJump,UnevenBars
v_StillRings_g03_c03,StillRings\v_StillRings_g03_c03.avi,StillRings,146,5.84,25.0,320,240,320x240,HighJump,UnevenBars
v_StillRings_g03_c04,StillRings\v_StillRings_g03_c04.avi,StillRings,123,4.92,25.0,320,240,320x240,HighJump,UnevenBars
v_StillRings_g03_c05,StillRings\v_StillRings_g03_c05.avi,StillRings,196,7.84,25.0,320,240,320x240,PoleVault,UnevenBars
v_StillRings_g03_c06,StillRings\v_StillRings_g03_c06.avi,StillRings,261,10.44,25.0,320,240,320x240,HighJump,UnevenBars
v_StillRings_g03_c07,StillRings\v_StillRings_g03_c07.avi,StillRings,139,5.56,25.0,320,240,320x240,HighJump,UnevenBars
v_StillRings_g04_c01,StillRings\v_StillRings_g04_c01.avi,StillRings,113,4.52,25.0,320,240,320x240,PoleVault,UnevenBars
v_StillRings_g04_c02,StillRings\v_StillRings_g04_c02.avi,StillRings,183,7.32,25.0,320,240,320x240,PoleVault,UnevenBars
v_StillRings_g04_c03,StillRings\v_StillRings_g04_c03.avi,StillRings,177,7.08,25.0,320,240,320x240,PoleVault,UnevenBars
v_StillRings_g04_c04,StillRings\v_StillRings_g04_c04.avi,StillRings,77,3.08,25.0,320,240,320x240,PoleVault,PoleVault
v_StillRings_g05_c01,StillRings\v_StillRings_g05_c01.avi,StillRings,86,3.44,25.0,320,240,320x240,PoleVault,PoleVault
v_StillRings_g05_c02,StillRings\v_StillRings_g05_c02.avi,StillRings,166,6.64,25.0,320,240,320x240,PoleVault,StillRings
v_StillRings_g05_c03,StillRings\v_StillRings_g05_c03.avi,StillRings,122,4.88,25.0,320,240,320x240,PoleVault,StillRings
v_StillRings_g05_c04,StillRings\v_StillRings_g05_c04.avi,StillRings,106,4.24,25.0,320,240,320x240,PoleVault,StillRings
v_StillRings_g06_c01,StillRings\v_StillRings_g06_c01.avi,StillRings,155,6.2,25.0,320,240,320x240,PoleVault,StillRings
v_StillRings_g06_c02,StillRings\v_StillRings_g06_c02.avi,StillRings,78,3.12,25.0,320,240,320x240,PoleVault,StillRings
v_StillRings_g06_c03,StillRings\v_StillRings_g06_c03.avi,StillRings,128,5.12,25.0,320,240,320x240,PoleVault,StillRings
v_StillRings_g06_c04,StillRings\v_StillRings_g06_c04.avi,StillRings,125,5.0,25.0,320,240,320x240,PoleVault,StillRings
v_StillRings_g07_c01,StillRings\v_StillRings_g07_c01.avi,StillRings,162,6.48,25.0,320,240,320x240,RopeClimbing,StillRings
v_StillRings_g07_c02,StillRings\v_StillRings_g07_c02.avi,StillRings,271,10.84,25.0,320,240,320x240,HighJump,StillRings
v_StillRings_g07_c03,StillRings\v_StillRings_g07_c03.avi,StillRings,237,9.48,25.0,320,240,320x240,PoleVault,UnevenBars
v_StillRings_g07_c04,StillRings\v_StillRings_g07_c04.avi,StillRings,216,8.64,25.0,320,240,320x240,HighJump,StillRings
v_SumoWrestling_g01_c01,SumoWrestling\v_SumoWrestling_g01_c01.avi,SumoWrestling,241,9.64,25.0,320,240,320x240,SumoWrestling,SumoWrestling
v_SumoWrestling_g01_c02,SumoWrestling\v_SumoWrestling_g01_c02.avi,SumoWrestling,155,6.2,25.0,320,240,320x240,SumoWrestling,SumoWrestling
v_SumoWrestling_g01_c03,SumoWrestling\v_SumoWrestling_g01_c03.avi,SumoWrestling,112,4.48,25.0,320,240,320x240,SumoWrestling,SumoWrestling
v_SumoWrestling_g01_c04,SumoWrestling\v_SumoWrestling_g01_c04.avi,SumoWrestling,173,6.92,25.0,320,240,320x240,SumoWrestling,SumoWrestling
v_SumoWrestling_g02_c01,SumoWrestling\v_SumoWrestling_g02_c01.avi,SumoWrestling,263,10.52,25.0,320,240,320x240,SumoWrestling,SumoWrestling
v_SumoWrestling_g02_c02,SumoWrestling\v_SumoWrestling_g02_c02.avi,SumoWrestling,111,4.44,25.0,320,240,320x240,SumoWrestling,SumoWrestling
v_SumoWrestling_g02_c03,SumoWrestling\v_SumoWrestling_g02_c03.avi,SumoWrestling,187,7.48,25.0,320,240,320x240,SumoWrestling,SumoWrestling
v_SumoWrestling_g02_c04,SumoWrestling\v_SumoWrestling_g02_c04.avi,SumoWrestling,277,11.08,25.0,320,240,320x240,SumoWrestling,SumoWrestling
v_SumoWrestling_g03_c01,SumoWrestling\v_SumoWrestling_g03_c01.avi,SumoWrestling,116,4.64,25.0,320,240,320x240,SumoWrestling,SumoWrestling
v_SumoWrestling_g03_c02,SumoWrestling\v_SumoWrestling_g03_c02.avi,SumoWrestling,231,9.24,25.0,320,240,320x240,SumoWrestling,SumoWrestling
v_SumoWrestling_g03_c03,SumoWrestling\v_SumoWrestling_g03_c03.avi,SumoWrestling,251,10.04,25.0,320,240,320x240,SumoWrestling,SumoWrestling
v_SumoWrestling_g03_c04,SumoWrestling\v_SumoWrestling_g03_c04.avi,SumoWrestling,273,10.92,25.0,320,240,320x240,SumoWrestling,SumoWrestling
v_SumoWrestling_g04_c01,SumoWrestling\v_SumoWrestling_g04_c01.avi,SumoWrestling,171,6.84,25.0,320,240,320x240,SumoWrestling,SumoWrestling
v_SumoWrestling_g04_c02,SumoWrestling\v_SumoWrestling_g04_c02.avi,SumoWrestling,255,10.2,25.0,320,240,320x240,SumoWrestling,SumoWrestling
v_SumoWrestling_g04_c03,SumoWrestling\v_SumoWrestling_g04_c03.avi,SumoWrestling,248,9.92,25.0,320,240,320x240,SumoWrestling,SumoWrestling
v_SumoWrestling_g04_c04,SumoWrestling\v_SumoWrestling_g04_c04.avi,SumoWrestling,123,4.92,25.0,320,240,320x240,SumoWrestling,SumoWrestling
v_SumoWrestling_g05_c01,SumoWrestling\v_SumoWrestling_g05_c01.avi,SumoWrestling,126,5.04,25.0,320,240,320x240,SumoWrestling,SumoWrestling
v_SumoWrestling_g05_c02,SumoWrestling\v_SumoWrestling_g05_c02.avi,SumoWrestling,289,11.56,25.0,320,240,320x240,SumoWrestling,SumoWrestling
v_SumoWrestling_g05_c03,SumoWrestling\v_SumoWrestling_g05_c03.avi,SumoWrestling,219,8.76,25.0,320,240,320x240,SumoWrestling,SumoWrestling
v_SumoWrestling_g05_c04,SumoWrestling\v_SumoWrestling_g05_c04.avi,SumoWrestling,226,9.04,25.0,320,240,320x240,SumoWrestling,SumoWrestling
v_SumoWrestling_g06_c01,SumoWrestling\v_SumoWrestling_g06_c01.avi,SumoWrestling,241,9.64,25.0,320,240,320x240,SumoWrestling,SumoWrestling
v_SumoWrestling_g06_c02,SumoWrestling\v_SumoWrestling_g06_c02.avi,SumoWrestling,150,6.0,25.0,320,240,320x240,SumoWrestling,SumoWrestling
v_SumoWrestling_g06_c03,SumoWrestling\v_SumoWrestling_g06_c03.avi,SumoWrestling,72,2.88,25.0,320,240,320x240,SumoWrestling,SumoWrestling
v_SumoWrestling_g06_c04,SumoWrestling\v_SumoWrestling_g06_c04.avi,SumoWrestling,303,12.12,25.0,320,240,320x240,SumoWrestling,SumoWrestling
v_SumoWrestling_g06_c05,SumoWrestling\v_SumoWrestling_g06_c05.avi,SumoWrestling,121,4.84,25.0,320,240,320x240,SumoWrestling,SumoWrestling
v_SumoWrestling_g06_c06,SumoWrestling\v_SumoWrestling_g06_c06.avi,SumoWrestling,228,9.12,25.0,320,240,320x240,SumoWrestling,SumoWrestling
v_SumoWrestling_g06_c07,SumoWrestling\v_SumoWrestling_g06_c07.avi,SumoWrestling,264,10.56,25.0,320,240,320x240,SumoWrestling,SumoWrestling
v_SumoWrestling_g07_c01,SumoWrestling\v_SumoWrestling_g07_c01.avi,SumoWrestling,109,4.36,25.0,320,240,320x240,SumoWrestling,SumoWrestling
v_SumoWrestling_g07_c02,SumoWrestling\v_SumoWrestling_g07_c02.avi,SumoWrestling,261,10.44,25.0,320,240,320x240,SumoWrestling,SumoWrestling
v_SumoWrestling_g07_c03,SumoWrestling\v_SumoWrestling_g07_c03.avi,SumoWrestling,157,6.28,25.0,320,240,320x240,SumoWrestling,SumoWrestling
v_SumoWrestling_g07_c04,SumoWrestling\v_SumoWrestling_g07_c04.avi,SumoWrestling,103,4.12,25.0,320,240,320x240,SumoWrestling,SumoWrestling
v_SumoWrestling_g07_c05,SumoWrestling\v_SumoWrestling_g07_c05.avi,SumoWrestling,247,9.88,25.0,320,240,320x240,SumoWrestling,SumoWrestling
v_SumoWrestling_g07_c06,SumoWrestling\v_SumoWrestling_g07_c06.avi,SumoWrestling,234,9.36,25.0,320,240,320x240,SumoWrestling,SumoWrestling
v_SumoWrestling_g07_c07,SumoWrestling\v_SumoWrestling_g07_c07.avi,SumoWrestling,187,7.48,25.0,320,240,320x240,SumoWrestling,SumoWrestling
v_Surfing_g01_c01,Surfing\v_Surfing_g01_c01.avi,Surfing,254,10.16,25.0,320,240,320x240,Surfing,Surfing
v_Surfing_g01_c02,Surfing\v_Surfing_g01_c02.avi,Surfing,203,8.12,25.0,320,240,320x240,Surfing,Surfing
v_Surfing_g01_c03,Surfing\v_Surfing_g01_c03.avi,Surfing,220,8.8,25.0,320,240,320x240,Surfing,Surfing
v_Surfing_g01_c04,Surfing\v_Surfing_g01_c04.avi,Surfing,283,11.32,25.0,320,240,320x240,Surfing,Surfing
v_Surfing_g01_c05,Surfing\v_Surfing_g01_c05.avi,Surfing,118,4.72,25.0,320,240,320x240,Surfing,Surfing
v_Surfing_g01_c06,Surfing\v_Surfing_g01_c06.avi,Surfing,213,8.52,25.0,320,240,320x240,Surfing,Surfing
v_Surfing_g01_c07,Surfing\v_Surfing_g01_c07.avi,Surfing,235,9.4,25.0,320,240,320x240,Surfing,Surfing
v_Surfing_g02_c01,Surfing\v_Surfing_g02_c01.avi,Surfing,158,6.32,25.0,320,240,320x240,Surfing,Surfing
v_Surfing_g02_c02,Surfing\v_Surfing_g02_c02.avi,Surfing,94,3.76,25.0,320,240,320x240,Surfing,Surfing
v_Surfing_g02_c03,Surfing\v_Surfing_g02_c03.avi,Surfing,279,11.16,25.0,320,240,320x240,Surfing,Surfing
v_Surfing_g02_c04,Surfing\v_Surfing_g02_c04.avi,Surfing,243,9.72,25.0,320,240,320x240,Surfing,Surfing
v_Surfing_g02_c05,Surfing\v_Surfing_g02_c05.avi,Surfing,168,6.72,25.0,320,240,320x240,Surfing,Surfing
v_Surfing_g02_c06,Surfing\v_Surfing_g02_c06.avi,Surfing,278,11.12,25.0,320,240,320x240,Surfing,Surfing
v_Surfing_g03_c01,Surfing\v_Surfing_g03_c01.avi,Surfing,125,5.0,25.0,320,240,320x240,Surfing,Surfing
v_Surfing_g03_c02,Surfing\v_Surfing_g03_c02.avi,Surfing,127,5.08,25.0,320,240,320x240,Surfing,Surfing
v_Surfing_g03_c03,Surfing\v_Surfing_g03_c03.avi,Surfing,125,5.0,25.0,320,240,320x240,Surfing,Surfing
v_Surfing_g03_c04,Surfing\v_Surfing_g03_c04.avi,Surfing,134,5.36,25.0,320,240,320x240,Surfing,Surfing
v_Surfing_g04_c01,Surfing\v_Surfing_g04_c01.avi,Surfing,113,4.52,25.0,320,240,320x240,Surfing,Surfing
v_Surfing_g04_c02,Surfing\v_Surfing_g04_c02.avi,Surfing,176,7.04,25.0,320,240,320x240,Surfing,Surfing
v_Surfing_g04_c03,Surfing\v_Surfing_g04_c03.avi,Surfing,144,5.76,25.0,320,240,320x240,Surfing,Surfing
v_Surfing_g04_c04,Surfing\v_Surfing_g04_c04.avi,Surfing,132,5.28,25.0,320,240,320x240,Surfing,Surfing
v_Surfing_g05_c01,Surfing\v_Surfing_g05_c01.avi,Surfing,237,9.48,25.0,320,240,320x240,Surfing,Surfing
v_Surfing_g05_c02,Surfing\v_Surfing_g05_c02.avi,Surfing,297,11.88,25.0,320,240,320x240,Surfing,Surfing
v_Surfing_g05_c03,Surfing\v_Surfing_g05_c03.avi,Surfing,277,11.08,25.0,320,240,320x240,Surfing,Surfing
v_Surfing_g05_c04,Surfing\v_Surfing_g05_c04.avi,Surfing,241,9.64,25.0,320,240,320x240,Surfing,Surfing
v_Surfing_g06_c01,Surfing\v_Surfing_g06_c01.avi,Surfing,265,10.6,25.0,320,240,320x240,Surfing,Surfing
v_Surfing_g06_c02,Surfing\v_Surfing_g06_c02.avi,Surfing,265,10.6,25.0,320,240,320x240,Surfing,Surfing
v_Surfing_g06_c03,Surfing\v_Surfing_g06_c03.avi,Surfing,125,5.0,25.0,320,240,320x240,Surfing,Surfing
v_Surfing_g06_c04,Surfing\v_Surfing_g06_c04.avi,Surfing,139,5.56,25.0,320,240,320x240,Surfing,Surfing
v_Surfing_g07_c01,Surfing\v_Surfing_g07_c01.avi,Surfing,264,10.56,25.0,320,240,320x240,Surfing,Surfing
v_Surfing_g07_c02,Surfing\v_Surfing_g07_c02.avi,Surfing,241,9.64,25.0,320,240,320x240,Surfing,Surfing
v_Surfing_g07_c03,Surfing\v_Surfing_g07_c03.avi,Surfing,196,7.84,25.0,320,240,320x240,Surfing,Surfing
v_Surfing_g07_c04,Surfing\v_Surfing_g07_c04.avi,Surfing,213,8.52,25.0,320,240,320x240,Surfing,Surfing
v_Swing_g01_c01,Swing\v_Swing_g01_c01.avi,Swing,168,6.72,25.0,320,240,320x240,WalkingWithDog,WalkingWithDog
v_Swing_g01_c02,Swing\v_Swing_g01_c02.avi,Swing,168,6.72,25.0,320,240,320x240,Swing,FrisbeeCatch
v_Swing_g01_c03,Swing\v_Swing_g01_c03.avi,Swing,168,6.72,25.0,320,240,320x240,FrisbeeCatch,WalkingWithDog
v_Swing_g01_c04,Swing\v_Swing_g01_c04.avi,Swing,126,5.04,25.0,320,240,320x240,FrisbeeCatch,FrisbeeCatch
v_Swing_g01_c05,Swing\v_Swing_g01_c05.avi,Swing,201,8.04,25.0,320,240,320x240,ThrowDiscus,FrisbeeCatch
v_Swing_g02_c01,Swing\v_Swing_g02_c01.avi,Swing,136,5.44,25.0,320,240,320x240,TennisSwing,YoYo
v_Swing_g02_c02,Swing\v_Swing_g02_c02.avi,Swing,335,13.4,25.0,320,240,320x240,TennisSwing,YoYo
v_Swing_g02_c03,Swing\v_Swing_g02_c03.avi,Swing,300,12.0,25.0,320,240,320x240,TennisSwing,JumpRope
v_Swing_g02_c04,Swing\v_Swing_g02_c04.avi,Swing,335,13.4,25.0,320,240,320x240,BabyCrawling,TrampolineJumping
v_Swing_g02_c05,Swing\v_Swing_g02_c05.avi,Swing,201,8.04,25.0,320,240,320x240,Swing,Swing
v_Swing_g03_c01,Swing\v_Swing_g03_c01.avi,Swing,145,5.8,25.0,320,240,320x240,TrampolineJumping,FrisbeeCatch
v_Swing_g03_c02,Swing\v_Swing_g03_c02.avi,Swing,145,5.8,25.0,320,240,320x240,FrisbeeCatch,FrisbeeCatch
v_Swing_g03_c03,Swing\v_Swing_g03_c03.avi,Swing,145,5.8,25.0,320,240,320x240,TrampolineJumping,FrisbeeCatch
v_Swing_g03_c04,Swing\v_Swing_g03_c04.avi,Swing,145,5.8,25.0,320,240,320x240,TrampolineJumping,FrisbeeCatch
v_Swing_g04_c01,Swing\v_Swing_g04_c01.avi,Swing,126,5.04,25.0,320,240,320x240,TrampolineJumping,TrampolineJumping
v_Swing_g04_c02,Swing\v_Swing_g04_c02.avi,Swing,126,5.04,25.0,320,240,320x240,TrampolineJumping,FrisbeeCatch
v_Swing_g04_c03,Swing\v_Swing_g04_c03.avi,Swing,168,6.72,25.0,320,240,320x240,Swing,TrampolineJumping
v_Swing_g04_c04,Swing\v_Swing_g04_c04.avi,Swing,168,6.72,25.0,320,240,320x240,Swing,TrampolineJumping
v_Swing_g04_c05,Swing\v_Swing_g04_c05.avi,Swing,151,6.04,25.0,320,240,320x240,TrampolineJumping,TrampolineJumping
v_Swing_g04_c06,Swing\v_Swing_g04_c06.avi,Swing,201,8.04,25.0,320,240,320x240,Swing,TrampolineJumping
v_Swing_g04_c07,Swing\v_Swing_g04_c07.avi,Swing,201,8.04,25.0,320,240,320x240,Swing,TrampolineJumping
v_Swing_g05_c01,Swing\v_Swing_g05_c01.avi,Swing,109,4.36,25.0,320,240,320x240,Swing,RopeClimbing
v_Swing_g05_c02,Swing\v_Swing_g05_c02.avi,Swing,109,4.36,25.0,320,240,320x240,JumpRope,JumpRope
v_Swing_g05_c03,Swing\v_Swing_g05_c03.avi,Swing,109,4.36,25.0,320,240,320x240,JumpRope,JumpRope
v_Swing_g05_c04,Swing\v_Swing_g05_c04.avi,Swing,109,4.36,25.0,320,240,320x240,Swing,Swing
v_Swing_g05_c05,Swing\v_Swing_g05_c05.avi,Swing,201,8.04,25.0,320,240,320x240,JumpRope,JumpRope
v_Swing_g05_c06,Swing\v_Swing_g05_c06.avi,Swing,201,8.04,25.0,320,240,320x240,Swing,Swing
v_Swing_g05_c07,Swing\v_Swing_g05_c07.avi,Swing,201,8.04,25.0,320,240,320x240,Swing,TrampolineJumping
v_Swing_g06_c01,Swing\v_Swing_g06_c01.avi,Swing,126,5.04,25.0,320,240,320x240,TrampolineJumping,TrampolineJumping
v_Swing_g06_c02,Swing\v_Swing_g06_c02.avi,Swing,126,5.04,25.0,320,240,320x240,TrampolineJumping,JumpRope
v_Swing_g06_c03,Swing\v_Swing_g06_c03.avi,Swing,126,5.04,25.0,320,240,320x240,Swing,JumpRope
v_Swing_g06_c04,Swing\v_Swing_g06_c04.avi,Swing,126,5.04,25.0,320,240,320x240,TrampolineJumping,JumpRope
v_Swing_g06_c05,Swing\v_Swing_g06_c05.avi,Swing,151,6.04,25.0,320,240,320x240,TrampolineJumping,TrampolineJumping
v_Swing_g06_c06,Swing\v_Swing_g06_c06.avi,Swing,151,6.04,25.0,320,240,320x240,Swing,TrampolineJumping
v_Swing_g06_c07,Swing\v_Swing_g06_c07.avi,Swing,51,2.04,25.0,320,240,320x240,Swing,TrampolineJumping
v_Swing_g07_c01,Swing\v_Swing_g07_c01.avi,Swing,126,5.04,25.0,320,240,320x240,TrampolineJumping,TrampolineJumping
v_Swing_g07_c02,Swing\v_Swing_g07_c02.avi,Swing,251,10.04,25.0,320,240,320x240,Swing,Swing
v_Swing_g07_c03,Swing\v_Swing_g07_c03.avi,Swing,251,10.04,25.0,320,240,320x240,Swing,Swing
v_Swing_g07_c04,Swing\v_Swing_g07_c04.avi,Swing,201,8.04,25.0,320,240,320x240,Swing,TrampolineJumping
v_Swing_g07_c05,Swing\v_Swing_g07_c05.avi,Swing,151,6.04,25.0,320,240,320x240,TrampolineJumping,TrampolineJumping
v_Swing_g07_c06,Swing\v_Swing_g07_c06.avi,Swing,161,6.44,25.0,320,240,320x240,TrampolineJumping,TrampolineJumping
v_Swing_g07_c07,Swing\v_Swing_g07_c07.avi,Swing,151,6.04,25.0,320,240,320x240,TrampolineJumping,TrampolineJumping
v_TableTennisShot_g01_c01,TableTennisShot\v_TableTennisShot_g01_c01.avi,TableTennisShot,157,6.28,25.0,320,240,320x240,TableTennisShot,TableTennisShot
v_TableTennisShot_g01_c02,TableTennisShot\v_TableTennisShot_g01_c02.avi,TableTennisShot,169,6.76,25.0,320,240,320x240,TableTennisShot,TableTennisShot
v_TableTennisShot_g01_c03,TableTennisShot\v_TableTennisShot_g01_c03.avi,TableTennisShot,126,5.04,25.0,320,240,320x240,TableTennisShot,TableTennisShot
v_TableTennisShot_g01_c04,TableTennisShot\v_TableTennisShot_g01_c04.avi,TableTennisShot,163,6.52,25.0,320,240,320x240,TableTennisShot,TableTennisShot
v_TableTennisShot_g01_c05,TableTennisShot\v_TableTennisShot_g01_c05.avi,TableTennisShot,164,6.56,25.0,320,240,320x240,TableTennisShot,TableTennisShot
v_TableTennisShot_g01_c06,TableTennisShot\v_TableTennisShot_g01_c06.avi,TableTennisShot,194,7.76,25.0,320,240,320x240,TableTennisShot,TableTennisShot
v_TableTennisShot_g02_c01,TableTennisShot\v_TableTennisShot_g02_c01.avi,TableTennisShot,225,9.0,25.0,320,240,320x240,TableTennisShot,TableTennisShot
v_TableTennisShot_g02_c02,TableTennisShot\v_TableTennisShot_g02_c02.avi,TableTennisShot,225,9.0,25.0,320,240,320x240,TableTennisShot,TableTennisShot
v_TableTennisShot_g02_c03,TableTennisShot\v_TableTennisShot_g02_c03.avi,TableTennisShot,145,5.8,25.0,320,240,320x240,TableTennisShot,TableTennisShot
v_TableTennisShot_g02_c04,TableTennisShot\v_TableTennisShot_g02_c04.avi,TableTennisShot,119,4.76,25.0,320,240,320x240,TableTennisShot,TableTennisShot
v_TableTennisShot_g03_c01,TableTennisShot\v_TableTennisShot_g03_c01.avi,TableTennisShot,125,5.0,25.0,320,240,320x240,TableTennisShot,TableTennisShot
v_TableTennisShot_g03_c02,TableTennisShot\v_TableTennisShot_g03_c02.avi,TableTennisShot,89,3.56,25.0,320,240,320x240,TableTennisShot,TableTennisShot
v_TableTennisShot_g03_c03,TableTennisShot\v_TableTennisShot_g03_c03.avi,TableTennisShot,105,4.2,25.0,320,240,320x240,TableTennisShot,TableTennisShot
v_TableTennisShot_g03_c04,TableTennisShot\v_TableTennisShot_g03_c04.avi,TableTennisShot,131,5.24,25.0,320,240,320x240,TableTennisShot,TableTennisShot
v_TableTennisShot_g03_c05,TableTennisShot\v_TableTennisShot_g03_c05.avi,TableTennisShot,106,4.24,25.0,320,240,320x240,TableTennisShot,TableTennisShot
v_TableTennisShot_g04_c01,TableTennisShot\v_TableTennisShot_g04_c01.avi,TableTennisShot,210,8.4,25.0,320,240,320x240,TableTennisShot,TableTennisShot
v_TableTennisShot_g04_c02,TableTennisShot\v_TableTennisShot_g04_c02.avi,TableTennisShot,134,5.36,25.0,320,240,320x240,TableTennisShot,TableTennisShot
v_TableTennisShot_g04_c03,TableTennisShot\v_TableTennisShot_g04_c03.avi,TableTennisShot,134,5.36,25.0,320,240,320x240,TableTennisShot,TableTennisShot
v_TableTennisShot_g04_c04,TableTennisShot\v_TableTennisShot_g04_c04.avi,TableTennisShot,191,7.64,25.0,320,240,320x240,TableTennisShot,TableTennisShot
v_TableTennisShot_g04_c05,TableTennisShot\v_TableTennisShot_g04_c05.avi,TableTennisShot,104,4.16,25.0,320,240,320x240,TableTennisShot,TableTennisShot
v_TableTennisShot_g04_c06,TableTennisShot\v_TableTennisShot_g04_c06.avi,TableTennisShot,211,8.44,25.0,320,240,320x240,TableTennisShot,TableTennisShot
v_TableTennisShot_g04_c07,TableTennisShot\v_TableTennisShot_g04_c07.avi,TableTennisShot,142,5.68,25.0,320,240,320x240,TableTennisShot,TableTennisShot
v_TableTennisShot_g05_c01,TableTennisShot\v_TableTennisShot_g05_c01.avi,TableTennisShot,204,8.16,25.0,320,240,320x240,TableTennisShot,TableTennisShot
v_TableTennisShot_g05_c02,TableTennisShot\v_TableTennisShot_g05_c02.avi,TableTennisShot,173,6.92,25.0,320,240,320x240,TableTennisShot,TableTennisShot
v_TableTennisShot_g05_c03,TableTennisShot\v_TableTennisShot_g05_c03.avi,TableTennisShot,221,8.84,25.0,320,240,320x240,TableTennisShot,TableTennisShot
v_TableTennisShot_g05_c04,TableTennisShot\v_TableTennisShot_g05_c04.avi,TableTennisShot,176,7.04,25.0,320,240,320x240,TableTennisShot,TableTennisShot
v_TableTennisShot_g05_c05,TableTennisShot\v_TableTennisShot_g05_c05.avi,TableTennisShot,134,5.36,25.0,320,240,320x240,TableTennisShot,TableTennisShot
v_TableTennisShot_g05_c06,TableTennisShot\v_TableTennisShot_g05_c06.avi,TableTennisShot,186,7.44,25.0,320,240,320x240,TableTennisShot,TableTennisShot
v_TableTennisShot_g05_c07,TableTennisShot\v_TableTennisShot_g05_c07.avi,TableTennisShot,157,6.28,25.0,320,240,320x240,TableTennisShot,TableTennisShot
v_TableTennisShot_g06_c01,TableTennisShot\v_TableTennisShot_g06_c01.avi,TableTennisShot,207,8.28,25.0,320,240,320x240,TableTennisShot,TableTennisShot
v_TableTennisShot_g06_c02,TableTennisShot\v_TableTennisShot_g06_c02.avi,TableTennisShot,175,7.0,25.0,320,240,320x240,TableTennisShot,TableTennisShot
v_TableTennisShot_g06_c03,TableTennisShot\v_TableTennisShot_g06_c03.avi,TableTennisShot,136,5.44,25.0,320,240,320x240,TableTennisShot,TableTennisShot
v_TableTennisShot_g06_c04,TableTennisShot\v_TableTennisShot_g06_c04.avi,TableTennisShot,111,4.44,25.0,320,240,320x240,TableTennisShot,TableTennisShot
v_TableTennisShot_g06_c05,TableTennisShot\v_TableTennisShot_g06_c05.avi,TableTennisShot,170,6.8,25.0,320,240,320x240,TableTennisShot,TableTennisShot
v_TableTennisShot_g06_c06,TableTennisShot\v_TableTennisShot_g06_c06.avi,TableTennisShot,123,4.92,25.0,320,240,320x240,TableTennisShot,TableTennisShot
v_TableTennisShot_g07_c01,TableTennisShot\v_TableTennisShot_g07_c01.avi,TableTennisShot,75,3.0,25.0,320,240,320x240,TableTennisShot,TableTennisShot
v_TableTennisShot_g07_c02,TableTennisShot\v_TableTennisShot_g07_c02.avi,TableTennisShot,101,4.04,25.0,320,240,320x240,TableTennisShot,TableTennisShot
v_TableTennisShot_g07_c03,TableTennisShot\v_TableTennisShot_g07_c03.avi,TableTennisShot,76,3.04,25.0,320,240,320x240,TableTennisShot,TableTennisShot
v_TableTennisShot_g07_c04,TableTennisShot\v_TableTennisShot_g07_c04.avi,TableTennisShot,80,3.2,25.0,320,240,320x240,TableTennisShot,TableTennisShot
v_TaiChi_g01_c01,TaiChi\v_TaiChi_g01_c01.avi,TaiChi,168,6.72,25.0,320,240,320x240,TaiChi,TaiChi
v_TaiChi_g01_c02,TaiChi\v_TaiChi_g01_c02.avi,TaiChi,168,6.72,25.0,320,240,320x240,TaiChi,TaiChi
v_TaiChi_g01_c03,TaiChi\v_TaiChi_g01_c03.avi,TaiChi,169,6.76,25.0,320,240,320x240,TaiChi,TaiChi
v_TaiChi_g01_c04,TaiChi\v_TaiChi_g01_c04.avi,TaiChi,168,6.72,25.0,320,240,320x240,TaiChi,TaiChi
v_TaiChi_g02_c01,TaiChi\v_TaiChi_g02_c01.avi,TaiChi,176,7.04,25.0,320,240,320x240,JumpRope,TaiChi
v_TaiChi_g02_c02,TaiChi\v_TaiChi_g02_c02.avi,TaiChi,171,6.84,25.0,320,240,320x240,HandstandWalking,TaiChi
v_TaiChi_g02_c03,TaiChi\v_TaiChi_g02_c03.avi,TaiChi,176,7.04,25.0,320,240,320x240,HandstandWalking,TaiChi
v_TaiChi_g02_c04,TaiChi\v_TaiChi_g02_c04.avi,TaiChi,171,6.84,25.0,320,240,320x240,TaiChi,TaiChi
v_TaiChi_g03_c01,TaiChi\v_TaiChi_g03_c01.avi,TaiChi,180,7.2,25.0,320,240,320x240,Nunchucks,Nunchucks
v_TaiChi_g03_c02,TaiChi\v_TaiChi_g03_c02.avi,TaiChi,170,6.8,25.0,320,240,320x240,TaiChi,TaiChi
v_TaiChi_g03_c03,TaiChi\v_TaiChi_g03_c03.avi,TaiChi,175,7.0,25.0,320,240,320x240,TaiChi,TaiChi
v_TaiChi_g03_c04,TaiChi\v_TaiChi_g03_c04.avi,TaiChi,171,6.84,25.0,320,240,320x240,TaiChi,TaiChi
v_TaiChi_g04_c01,TaiChi\v_TaiChi_g04_c01.avi,TaiChi,180,7.2,25.0,320,240,320x240,SoccerJuggling,TaiChi
v_TaiChi_g04_c02,TaiChi\v_TaiChi_g04_c02.avi,TaiChi,180,7.2,25.0,320,240,320x240,TaiChi,TaiChi
v_TaiChi_g04_c03,TaiChi\v_TaiChi_g04_c03.avi,TaiChi,180,7.2,25.0,320,240,320x240,TaiChi,TaiChi
v_TaiChi_g04_c04,TaiChi\v_TaiChi_g04_c04.avi,TaiChi,174,6.96,25.0,320,240,320x240,TaiChi,TaiChi
v_TaiChi_g05_c01,TaiChi\v_TaiChi_g05_c01.avi,TaiChi,169,6.76,25.0,320,240,320x240,TaiChi,TaiChi
v_TaiChi_g05_c02,TaiChi\v_TaiChi_g05_c02.avi,TaiChi,171,6.84,25.0,320,240,320x240,Lunges,TaiChi
v_TaiChi_g05_c03,TaiChi\v_TaiChi_g05_c03.avi,TaiChi,170,6.8,25.0,320,240,320x240,TaiChi,TaiChi
v_TaiChi_g05_c04,TaiChi\v_TaiChi_g05_c04.avi,TaiChi,169,6.76,25.0,320,240,320x240,TaiChi,TaiChi
v_TaiChi_g06_c01,TaiChi\v_TaiChi_g06_c01.avi,TaiChi,183,7.32,25.0,320,240,320x240,Nunchucks,Nunchucks
v_TaiChi_g06_c02,TaiChi\v_TaiChi_g06_c02.avi,TaiChi,172,6.88,25.0,320,240,320x240,Nunchucks,Nunchucks
v_TaiChi_g06_c03,TaiChi\v_TaiChi_g06_c03.avi,TaiChi,179,7.16,25.0,320,240,320x240,Nunchucks,TaiChi
v_TaiChi_g06_c04,TaiChi\v_TaiChi_g06_c04.avi,TaiChi,177,7.08,25.0,320,240,320x240,Nunchucks,Nunchucks
v_TaiChi_g07_c01,TaiChi\v_TaiChi_g07_c01.avi,TaiChi,192,7.68,25.0,320,240,320x240,Nunchucks,TaiChi
v_TaiChi_g07_c02,TaiChi\v_TaiChi_g07_c02.avi,TaiChi,177,7.08,25.0,320,240,320x240,SoccerJuggling,TaiChi
v_TaiChi_g07_c03,TaiChi\v_TaiChi_g07_c03.avi,TaiChi,171,6.84,25.0,320,240,320x240,TaiChi,TaiChi
v_TaiChi_g07_c04,TaiChi\v_TaiChi_g07_c04.avi,TaiChi,171,6.84,25.0,320,240,320x240,SoccerJuggling,TaiChi
v_TennisSwing_g01_c01,TennisSwing\v_TennisSwing_g01_c01.avi,TennisSwing,77,2.569233333333333,29.97002997002997,320,240,320x240,TennisSwing,TennisSwing
v_TennisSwing_g01_c02,TennisSwing\v_TennisSwing_g01_c02.avi,TennisSwing,85,2.8361666666666667,29.97002997002997,320,240,320x240,TennisSwing,TennisSwing
v_TennisSwing_g01_c03,TennisSwing\v_TennisSwing_g01_c03.avi,TennisSwing,84,2.8028,29.97002997002997,320,240,320x240,TennisSwing,TennisSwing
v_TennisSwing_g01_c04,TennisSwing\v_TennisSwing_g01_c04.avi,TennisSwing,90,3.003,29.97002997002997,320,240,320x240,TennisSwing,TennisSwing
v_TennisSwing_g01_c05,TennisSwing\v_TennisSwing_g01_c05.avi,TennisSwing,85,2.8361666666666667,29.97002997002997,320,240,320x240,TennisSwing,TennisSwing
v_TennisSwing_g01_c06,TennisSwing\v_TennisSwing_g01_c06.avi,TennisSwing,90,3.003,29.97002997002997,320,240,320x240,TennisSwing,TennisSwing
v_TennisSwing_g01_c07,TennisSwing\v_TennisSwing_g01_c07.avi,TennisSwing,86,2.869533333333333,29.97002997002997,320,240,320x240,TennisSwing,TennisSwing
v_TennisSwing_g02_c01,TennisSwing\v_TennisSwing_g02_c01.avi,TennisSwing,74,2.469133333333333,29.97002997002997,320,240,320x240,TennisSwing,HammerThrow
v_TennisSwing_g02_c02,TennisSwing\v_TennisSwing_g02_c02.avi,TennisSwing,95,3.169833333333333,29.97002997002997,320,240,320x240,TennisSwing,TennisSwing
v_TennisSwing_g02_c03,TennisSwing\v_TennisSwing_g02_c03.avi,TennisSwing,74,2.469133333333333,29.97002997002997,320,240,320x240,TennisSwing,HammerThrow
v_TennisSwing_g02_c04,TennisSwing\v_TennisSwing_g02_c04.avi,TennisSwing,85,2.8361666666666667,29.97002997002997,320,240,320x240,TennisSwing,TennisSwing
v_TennisSwing_g02_c05,TennisSwing\v_TennisSwing_g02_c05.avi,TennisSwing,178,5.939266666666667,29.97002997002997,320,240,320x240,TennisSwing,HammerThrow
v_TennisSwing_g02_c06,TennisSwing\v_TennisSwing_g02_c06.avi,TennisSwing,95,3.169833333333333,29.97002997002997,320,240,320x240,TennisSwing,TennisSwing
v_TennisSwing_g02_c07,TennisSwing\v_TennisSwing_g02_c07.avi,TennisSwing,217,7.240566666666667,29.97002997002997,320,240,320x240,TennisSwing,ThrowDiscus
v_TennisSwing_g03_c01,TennisSwing\v_TennisSwing_g03_c01.avi,TennisSwing,80,2.6693333333333333,29.97002997002997,320,240,320x240,TennisSwing,TennisSwing
v_TennisSwing_g03_c02,TennisSwing\v_TennisSwing_g03_c02.avi,TennisSwing,62,2.0687333333333333,29.97002997002997,320,240,320x240,TennisSwing,TennisSwing
v_TennisSwing_g03_c03,TennisSwing\v_TennisSwing_g03_c03.avi,TennisSwing,81,2.7027,29.97002997002997,320,240,320x240,TennisSwing,TennisSwing
v_TennisSwing_g03_c04,TennisSwing\v_TennisSwing_g03_c04.avi,TennisSwing,79,2.6359666666666666,29.97002997002997,320,240,320x240,TennisSwing,TennisSwing
v_TennisSwing_g03_c05,TennisSwing\v_TennisSwing_g03_c05.avi,TennisSwing,97,3.2365666666666666,29.97002997002997,320,240,320x240,TennisSwing,TennisSwing
v_TennisSwing_g03_c06,TennisSwing\v_TennisSwing_g03_c06.avi,TennisSwing,85,2.8361666666666667,29.97002997002997,320,240,320x240,TennisSwing,TennisSwing
v_TennisSwing_g03_c07,TennisSwing\v_TennisSwing_g03_c07.avi,TennisSwing,74,2.469133333333333,29.97002997002997,320,240,320x240,TennisSwing,TennisSwing
v_TennisSwing_g04_c01,TennisSwing\v_TennisSwing_g04_c01.avi,TennisSwing,146,4.871533333333334,29.97002997002997,320,240,320x240,TennisSwing,TennisSwing
v_TennisSwing_g04_c02,TennisSwing\v_TennisSwing_g04_c02.avi,TennisSwing,98,3.2699333333333334,29.97002997002997,320,240,320x240,TennisSwing,TennisSwing
v_TennisSwing_g04_c03,TennisSwing\v_TennisSwing_g04_c03.avi,TennisSwing,86,2.869533333333333,29.97002997002997,320,240,320x240,TennisSwing,TennisSwing
v_TennisSwing_g04_c04,TennisSwing\v_TennisSwing_g04_c04.avi,TennisSwing,97,3.2365666666666666,29.97002997002997,320,240,320x240,TennisSwing,TennisSwing
v_TennisSwing_g04_c05,TennisSwing\v_TennisSwing_g04_c05.avi,TennisSwing,122,4.070733333333333,29.97002997002997,320,240,320x240,TennisSwing,TennisSwing
v_TennisSwing_g04_c06,TennisSwing\v_TennisSwing_g04_c06.avi,TennisSwing,98,3.2699333333333334,29.97002997002997,320,240,320x240,TennisSwing,TennisSwing
v_TennisSwing_g04_c07,TennisSwing\v_TennisSwing_g04_c07.avi,TennisSwing,131,4.371033333333333,29.97002997002997,320,240,320x240,TennisSwing,TennisSwing
v_TennisSwing_g05_c01,TennisSwing\v_TennisSwing_g05_c01.avi,TennisSwing,122,4.070733333333333,29.97002997002997,320,240,320x240,TennisSwing,TennisSwing
v_TennisSwing_g05_c02,TennisSwing\v_TennisSwing_g05_c02.avi,TennisSwing,174,5.8058000000000005,29.97002997002997,320,240,320x240,TennisSwing,TennisSwing
v_TennisSwing_g05_c03,TennisSwing\v_TennisSwing_g05_c03.avi,TennisSwing,168,5.6056,29.97002997002997,320,240,320x240,TennisSwing,TennisSwing
v_TennisSwing_g05_c04,TennisSwing\v_TennisSwing_g05_c04.avi,TennisSwing,142,4.738066666666667,29.97002997002997,320,240,320x240,TennisSwing,TennisSwing
v_TennisSwing_g05_c05,TennisSwing\v_TennisSwing_g05_c05.avi,TennisSwing,154,5.138466666666667,29.97002997002997,320,240,320x240,TennisSwing,TennisSwing
v_TennisSwing_g05_c06,TennisSwing\v_TennisSwing_g05_c06.avi,TennisSwing,166,5.538866666666666,29.97002997002997,320,240,320x240,TennisSwing,TennisSwing
v_TennisSwing_g05_c07,TennisSwing\v_TennisSwing_g05_c07.avi,TennisSwing,96,3.2032000000000003,29.97002997002997,320,240,320x240,TennisSwing,TennisSwing
v_TennisSwing_g06_c01,TennisSwing\v_TennisSwing_g06_c01.avi,TennisSwing,139,4.637966666666666,29.97002997002997,320,240,320x240,TennisSwing,TennisSwing
v_TennisSwing_g06_c02,TennisSwing\v_TennisSwing_g06_c02.avi,TennisSwing,211,7.040366666666666,29.97002997002997,320,240,320x240,TennisSwing,TennisSwing
v_TennisSwing_g06_c03,TennisSwing\v_TennisSwing_g06_c03.avi,TennisSwing,245,8.174833333333334,29.97002997002997,320,240,320x240,TennisSwing,TennisSwing
v_TennisSwing_g06_c04,TennisSwing\v_TennisSwing_g06_c04.avi,TennisSwing,231,7.7077,29.97002997002997,320,240,320x240,TennisSwing,TennisSwing
v_TennisSwing_g06_c05,TennisSwing\v_TennisSwing_g06_c05.avi,TennisSwing,245,8.174833333333334,29.97002997002997,320,240,320x240,TennisSwing,TennisSwing
v_TennisSwing_g06_c06,TennisSwing\v_TennisSwing_g06_c06.avi,TennisSwing,205,6.840166666666667,29.97002997002997,320,240,320x240,TennisSwing,TennisSwing
v_TennisSwing_g06_c07,TennisSwing\v_TennisSwing_g06_c07.avi,TennisSwing,186,6.2062,29.97002997002997,320,240,320x240,TennisSwing,TennisSwing
v_TennisSwing_g07_c01,TennisSwing\v_TennisSwing_g07_c01.avi,TennisSwing,204,6.8068,29.97002997002997,320,240,320x240,TrampolineJumping,TrampolineJumping
v_TennisSwing_g07_c02,TennisSwing\v_TennisSwing_g07_c02.avi,TennisSwing,248,8.274933333333333,29.97002997002997,320,240,320x240,TrampolineJumping,HammerThrow
v_TennisSwing_g07_c03,TennisSwing\v_TennisSwing_g07_c03.avi,TennisSwing,130,4.337666666666666,29.97002997002997,320,240,320x240,TrampolineJumping,HammerThrow
v_TennisSwing_g07_c04,TennisSwing\v_TennisSwing_g07_c04.avi,TennisSwing,122,4.070733333333333,29.97002997002997,320,240,320x240,TrampolineJumping,HammerThrow
v_TennisSwing_g07_c05,TennisSwing\v_TennisSwing_g07_c05.avi,TennisSwing,173,5.772433333333334,29.97002997002997,320,240,320x240,TrampolineJumping,HammerThrow
v_TennisSwing_g07_c06,TennisSwing\v_TennisSwing_g07_c06.avi,TennisSwing,169,5.638966666666667,29.97002997002997,320,240,320x240,TrampolineJumping,ThrowDiscus
v_TennisSwing_g07_c07,TennisSwing\v_TennisSwing_g07_c07.avi,TennisSwing,144,4.8048,29.97002997002997,320,240,320x240,TrampolineJumping,TrampolineJumping
v_ThrowDiscus_g01_c01,ThrowDiscus\v_ThrowDiscus_g01_c01.avi,ThrowDiscus,66,2.64,25.0,320,240,320x240,HammerThrow,ThrowDiscus
v_ThrowDiscus_g01_c02,ThrowDiscus\v_ThrowDiscus_g01_c02.avi,ThrowDiscus,94,3.76,25.0,320,240,320x240,ThrowDiscus,ThrowDiscus
v_ThrowDiscus_g01_c03,ThrowDiscus\v_ThrowDiscus_g01_c03.avi,ThrowDiscus,82,3.28,25.0,320,240,320x240,HammerThrow,ThrowDiscus
v_ThrowDiscus_g01_c04,ThrowDiscus\v_ThrowDiscus_g01_c04.avi,ThrowDiscus,78,3.12,25.0,320,240,320x240,HammerThrow,ThrowDiscus
v_ThrowDiscus_g02_c01,ThrowDiscus\v_ThrowDiscus_g02_c01.avi,ThrowDiscus,84,3.36,25.0,320,240,320x240,BaseballPitch,HammerThrow
v_ThrowDiscus_g02_c02,ThrowDiscus\v_ThrowDiscus_g02_c02.avi,ThrowDiscus,90,3.6,25.0,320,240,320x240,HammerThrow,ThrowDiscus
v_ThrowDiscus_g02_c03,ThrowDiscus\v_ThrowDiscus_g02_c03.avi,ThrowDiscus,90,3.6,25.0,320,240,320x240,HammerThrow,HammerThrow
v_ThrowDiscus_g02_c04,ThrowDiscus\v_ThrowDiscus_g02_c04.avi,ThrowDiscus,126,5.04,25.0,320,240,320x240,ThrowDiscus,ThrowDiscus
v_ThrowDiscus_g02_c05,ThrowDiscus\v_ThrowDiscus_g02_c05.avi,ThrowDiscus,84,3.36,25.0,320,240,320x240,HammerThrow,ThrowDiscus
v_ThrowDiscus_g02_c06,ThrowDiscus\v_ThrowDiscus_g02_c06.avi,ThrowDiscus,90,3.6,25.0,320,240,320x240,ThrowDiscus,HammerThrow
v_ThrowDiscus_g02_c07,ThrowDiscus\v_ThrowDiscus_g02_c07.avi,ThrowDiscus,84,3.36,25.0,320,240,320x240,PoleVault,ThrowDiscus
v_ThrowDiscus_g03_c01,ThrowDiscus\v_ThrowDiscus_g03_c01.avi,ThrowDiscus,119,4.76,25.0,320,240,320x240,ThrowDiscus,ThrowDiscus
v_ThrowDiscus_g03_c02,ThrowDiscus\v_ThrowDiscus_g03_c02.avi,ThrowDiscus,91,3.64,25.0,320,240,320x240,ThrowDiscus,ThrowDiscus
v_ThrowDiscus_g03_c03,ThrowDiscus\v_ThrowDiscus_g03_c03.avi,ThrowDiscus,148,5.92,25.0,320,240,320x240,BaseballPitch,BaseballPitch
v_ThrowDiscus_g03_c04,ThrowDiscus\v_ThrowDiscus_g03_c04.avi,ThrowDiscus,110,4.4,25.0,320,240,320x240,BaseballPitch,ThrowDiscus
v_ThrowDiscus_g04_c01,ThrowDiscus\v_ThrowDiscus_g04_c01.avi,ThrowDiscus,61,2.44,25.0,320,240,320x240,ThrowDiscus,ThrowDiscus
v_ThrowDiscus_g04_c02,ThrowDiscus\v_ThrowDiscus_g04_c02.avi,ThrowDiscus,158,6.32,25.0,320,240,320x240,ThrowDiscus,ThrowDiscus
v_ThrowDiscus_g04_c03,ThrowDiscus\v_ThrowDiscus_g04_c03.avi,ThrowDiscus,121,4.84,25.0,320,240,320x240,HammerThrow,ThrowDiscus
v_ThrowDiscus_g04_c04,ThrowDiscus\v_ThrowDiscus_g04_c04.avi,ThrowDiscus,123,4.92,25.0,320,240,320x240,HammerThrow,ThrowDiscus
v_ThrowDiscus_g05_c01,ThrowDiscus\v_ThrowDiscus_g05_c01.avi,ThrowDiscus,76,3.04,25.0,320,240,320x240,ThrowDiscus,ThrowDiscus
v_ThrowDiscus_g05_c02,ThrowDiscus\v_ThrowDiscus_g05_c02.avi,ThrowDiscus,71,2.84,25.0,320,240,320x240,ThrowDiscus,ThrowDiscus
v_ThrowDiscus_g05_c03,ThrowDiscus\v_ThrowDiscus_g05_c03.avi,ThrowDiscus,66,2.64,25.0,320,240,320x240,ThrowDiscus,ThrowDiscus
v_ThrowDiscus_g05_c04,ThrowDiscus\v_ThrowDiscus_g05_c04.avi,ThrowDiscus,78,3.12,25.0,320,240,320x240,ThrowDiscus,ThrowDiscus
v_ThrowDiscus_g05_c05,ThrowDiscus\v_ThrowDiscus_g05_c05.avi,ThrowDiscus,61,2.44,25.0,320,240,320x240,ThrowDiscus,ThrowDiscus
v_ThrowDiscus_g06_c01,ThrowDiscus\v_ThrowDiscus_g06_c01.avi,ThrowDiscus,88,3.52,25.0,320,240,320x240,GolfSwing,GolfSwing
v_ThrowDiscus_g06_c02,ThrowDiscus\v_ThrowDiscus_g06_c02.avi,ThrowDiscus,62,2.48,25.0,320,240,320x240,GolfSwing,GolfSwing
v_ThrowDiscus_g06_c03,ThrowDiscus\v_ThrowDiscus_g06_c03.avi,ThrowDiscus,97,3.88,25.0,320,240,320x240,ThrowDiscus,HammerThrow
v_ThrowDiscus_g06_c04,ThrowDiscus\v_ThrowDiscus_g06_c04.avi,ThrowDiscus,133,5.32,25.0,320,240,320x240,ThrowDiscus,FrisbeeCatch
v_ThrowDiscus_g06_c05,ThrowDiscus\v_ThrowDiscus_g06_c05.avi,ThrowDiscus,133,5.32,25.0,320,240,320x240,ThrowDiscus,ThrowDiscus
v_ThrowDiscus_g06_c06,ThrowDiscus\v_ThrowDiscus_g06_c06.avi,ThrowDiscus,106,4.24,25.0,320,240,320x240,PoleVault,HammerThrow
v_ThrowDiscus_g06_c07,ThrowDiscus\v_ThrowDiscus_g06_c07.avi,ThrowDiscus,71,2.84,25.0,320,240,320x240,PoleVault,ThrowDiscus
v_ThrowDiscus_g07_c01,ThrowDiscus\v_ThrowDiscus_g07_c01.avi,ThrowDiscus,114,4.56,25.0,320,240,320x240,ThrowDiscus,ThrowDiscus
v_ThrowDiscus_g07_c02,ThrowDiscus\v_ThrowDiscus_g07_c02.avi,ThrowDiscus,105,4.2,25.0,320,240,320x240,ThrowDiscus,ThrowDiscus
v_ThrowDiscus_g07_c03,ThrowDiscus\v_ThrowDiscus_g07_c03.avi,ThrowDiscus,155,6.2,25.0,320,240,320x240,ThrowDiscus,ThrowDiscus
v_ThrowDiscus_g07_c04,ThrowDiscus\v_ThrowDiscus_g07_c04.avi,ThrowDiscus,123,4.92,25.0,320,240,320x240,ThrowDiscus,ThrowDiscus
v_ThrowDiscus_g07_c05,ThrowDiscus\v_ThrowDiscus_g07_c05.avi,ThrowDiscus,110,4.4,25.0,320,240,320x240,ThrowDiscus,ThrowDiscus
v_ThrowDiscus_g07_c06,ThrowDiscus\v_ThrowDiscus_g07_c06.avi,ThrowDiscus,105,4.2,25.0,320,240,320x240,ThrowDiscus,ThrowDiscus
v_ThrowDiscus_g07_c07,ThrowDiscus\v_ThrowDiscus_g07_c07.avi,ThrowDiscus,109,4.36,25.0,320,240,320x240,ThrowDiscus,ThrowDiscus
v_TrampolineJumping_g01_c01,TrampolineJumping\v_TrampolineJumping_g01_c01.avi,TrampolineJumping,240,8.008000000000001,29.97002997002997,320,240,320x240,TrampolineJumping,TrampolineJumping
v_TrampolineJumping_g01_c02,TrampolineJumping\v_TrampolineJumping_g01_c02.avi,TrampolineJumping,240,8.008000000000001,29.97002997002997,320,240,320x240,TrampolineJumping,TrampolineJumping
v_TrampolineJumping_g01_c03,TrampolineJumping\v_TrampolineJumping_g01_c03.avi,TrampolineJumping,106,3.5368666666666666,29.97002997002997,320,240,320x240,TrampolineJumping,TrampolineJumping
v_TrampolineJumping_g01_c04,TrampolineJumping\v_TrampolineJumping_g01_c04.avi,TrampolineJumping,106,3.5368666666666666,29.97002997002997,320,240,320x240,TrampolineJumping,TrampolineJumping
v_TrampolineJumping_g02_c01,TrampolineJumping\v_TrampolineJumping_g02_c01.avi,TrampolineJumping,201,6.7067000000000005,29.97002997002997,320,240,320x240,TrampolineJumping,TrampolineJumping
v_TrampolineJumping_g02_c02,TrampolineJumping\v_TrampolineJumping_g02_c02.avi,TrampolineJumping,201,6.7067000000000005,29.97002997002997,320,240,320x240,TrampolineJumping,TrampolineJumping
v_TrampolineJumping_g02_c03,TrampolineJumping\v_TrampolineJumping_g02_c03.avi,TrampolineJumping,201,6.7067000000000005,29.97002997002997,320,240,320x240,TrampolineJumping,TrampolineJumping
v_TrampolineJumping_g02_c04,TrampolineJumping\v_TrampolineJumping_g02_c04.avi,TrampolineJumping,201,6.7067000000000005,29.97002997002997,320,240,320x240,TrampolineJumping,TrampolineJumping
v_TrampolineJumping_g02_c05,TrampolineJumping\v_TrampolineJumping_g02_c05.avi,TrampolineJumping,240,8.008000000000001,29.97002997002997,320,240,320x240,TrampolineJumping,TrampolineJumping
v_TrampolineJumping_g02_c06,TrampolineJumping\v_TrampolineJumping_g02_c06.avi,TrampolineJumping,240,8.008000000000001,29.97002997002997,320,240,320x240,TrampolineJumping,TrampolineJumping
v_TrampolineJumping_g03_c01,TrampolineJumping\v_TrampolineJumping_g03_c01.avi,TrampolineJumping,201,6.7067000000000005,29.97002997002997,320,240,320x240,TrampolineJumping,TrampolineJumping
v_TrampolineJumping_g03_c02,TrampolineJumping\v_TrampolineJumping_g03_c02.avi,TrampolineJumping,201,6.7067000000000005,29.97002997002997,320,240,320x240,TrampolineJumping,TrampolineJumping
v_TrampolineJumping_g03_c03,TrampolineJumping\v_TrampolineJumping_g03_c03.avi,TrampolineJumping,256,8.541866666666667,29.97002997002997,320,240,320x240,TrampolineJumping,TrampolineJumping
v_TrampolineJumping_g03_c04,TrampolineJumping\v_TrampolineJumping_g03_c04.avi,TrampolineJumping,201,6.7067000000000005,29.97002997002997,320,240,320x240,TrampolineJumping,TrampolineJumping
v_TrampolineJumping_g04_c01,TrampolineJumping\v_TrampolineJumping_g04_c01.avi,TrampolineJumping,250,8.341666666666667,29.97002997002997,320,240,320x240,TrampolineJumping,TrampolineJumping
v_TrampolineJumping_g04_c02,TrampolineJumping\v_TrampolineJumping_g04_c02.avi,TrampolineJumping,250,8.341666666666667,29.97002997002997,320,240,320x240,TrampolineJumping,TrampolineJumping
v_TrampolineJumping_g04_c03,TrampolineJumping\v_TrampolineJumping_g04_c03.avi,TrampolineJumping,250,8.341666666666667,29.97002997002997,320,240,320x240,TrampolineJumping,TrampolineJumping
v_TrampolineJumping_g04_c04,TrampolineJumping\v_TrampolineJumping_g04_c04.avi,TrampolineJumping,250,8.341666666666667,29.97002997002997,320,240,320x240,TrampolineJumping,TrampolineJumping
v_TrampolineJumping_g04_c05,TrampolineJumping\v_TrampolineJumping_g04_c05.avi,TrampolineJumping,240,8.008000000000001,29.97002997002997,320,240,320x240,TrampolineJumping,TrampolineJumping
v_TrampolineJumping_g05_c01,TrampolineJumping\v_TrampolineJumping_g05_c01.avi,TrampolineJumping,151,5.038366666666667,29.97002997002997,320,240,320x240,TrampolineJumping,TrampolineJumping
v_TrampolineJumping_g05_c02,TrampolineJumping\v_TrampolineJumping_g05_c02.avi,TrampolineJumping,151,5.038366666666667,29.97002997002997,320,240,320x240,TrampolineJumping,TrampolineJumping
v_TrampolineJumping_g05_c03,TrampolineJumping\v_TrampolineJumping_g05_c03.avi,TrampolineJumping,151,5.038366666666667,29.97002997002997,320,240,320x240,TrampolineJumping,TrampolineJumping
v_TrampolineJumping_g05_c04,TrampolineJumping\v_TrampolineJumping_g05_c04.avi,TrampolineJumping,151,5.038366666666667,29.97002997002997,320,240,320x240,TrampolineJumping,Hammering
v_TrampolineJumping_g06_c01,TrampolineJumping\v_TrampolineJumping_g06_c01.avi,TrampolineJumping,201,6.7067000000000005,29.97002997002997,320,240,320x240,TrampolineJumping,TrampolineJumping
v_TrampolineJumping_g06_c02,TrampolineJumping\v_TrampolineJumping_g06_c02.avi,TrampolineJumping,450,15.015,29.97002997002997,320,240,320x240,TrampolineJumping,TrampolineJumping
v_TrampolineJumping_g06_c03,TrampolineJumping\v_TrampolineJumping_g06_c03.avi,TrampolineJumping,450,15.015,29.97002997002997,320,240,320x240,TrampolineJumping,TrampolineJumping
v_TrampolineJumping_g06_c04,TrampolineJumping\v_TrampolineJumping_g06_c04.avi,TrampolineJumping,330,11.011,29.97002997002997,320,240,320x240,TrampolineJumping,TrampolineJumping
v_TrampolineJumping_g07_c01,TrampolineJumping\v_TrampolineJumping_g07_c01.avi,TrampolineJumping,201,6.7067000000000005,29.97002997002997,320,240,320x240,TrampolineJumping,TrampolineJumping
v_TrampolineJumping_g07_c02,TrampolineJumping\v_TrampolineJumping_g07_c02.avi,TrampolineJumping,401,13.380033333333332,29.97002997002997,320,240,320x240,TrampolineJumping,TrampolineJumping
v_TrampolineJumping_g07_c03,TrampolineJumping\v_TrampolineJumping_g07_c03.avi,TrampolineJumping,201,6.7067000000000005,29.97002997002997,320,240,320x240,TrampolineJumping,TrampolineJumping
v_TrampolineJumping_g07_c04,TrampolineJumping\v_TrampolineJumping_g07_c04.avi,TrampolineJumping,201,6.7067000000000005,29.97002997002997,320,240,320x240,TrampolineJumping,TrampolineJumping
v_TrampolineJumping_g07_c05,TrampolineJumping\v_TrampolineJumping_g07_c05.avi,TrampolineJumping,240,8.008000000000001,29.97002997002997,320,240,320x240,TrampolineJumping,TrampolineJumping
v_Typing_g01_c01,Typing\v_Typing_g01_c01.avi,Typing,127,5.08,25.0,320,240,320x240,Typing,Typing
v_Typing_g01_c02,Typing\v_Typing_g01_c02.avi,Typing,121,4.84,25.0,320,240,320x240,Typing,Typing
v_Typing_g01_c03,Typing\v_Typing_g01_c03.avi,Typing,142,5.68,25.0,320,240,320x240,Typing,Typing
v_Typing_g01_c04,Typing\v_Typing_g01_c04.avi,Typing,156,6.24,25.0,320,240,320x240,Typing,Typing
v_Typing_g01_c05,Typing\v_Typing_g01_c05.avi,Typing,124,4.96,25.0,320,240,320x240,Typing,Typing
v_Typing_g01_c06,Typing\v_Typing_g01_c06.avi,Typing,144,5.76,25.0,320,240,320x240,Typing,Typing
v_Typing_g01_c07,Typing\v_Typing_g01_c07.avi,Typing,127,5.08,25.0,320,240,320x240,Typing,Typing
v_Typing_g02_c01,Typing\v_Typing_g02_c01.avi,Typing,250,10.0,25.0,320,240,320x240,Typing,Typing
v_Typing_g02_c02,Typing\v_Typing_g02_c02.avi,Typing,250,10.0,25.0,320,240,320x240,Typing,Typing
v_Typing_g02_c03,Typing\v_Typing_g02_c03.avi,Typing,250,10.0,25.0,320,240,320x240,Typing,Typing
v_Typing_g02_c04,Typing\v_Typing_g02_c04.avi,Typing,250,10.0,25.0,320,240,320x240,Typing,Typing
v_Typing_g02_c05,Typing\v_Typing_g02_c05.avi,Typing,250,10.0,25.0,320,240,320x240,Typing,Typing
v_Typing_g02_c06,Typing\v_Typing_g02_c06.avi,Typing,250,10.0,25.0,320,240,320x240,Typing,Typing
v_Typing_g03_c01,Typing\v_Typing_g03_c01.avi,Typing,249,9.96,25.0,320,240,320x240,Typing,Typing
v_Typing_g03_c02,Typing\v_Typing_g03_c02.avi,Typing,249,9.96,25.0,320,240,320x240,Typing,Typing
v_Typing_g03_c03,Typing\v_Typing_g03_c03.avi,Typing,250,10.0,25.0,320,240,320x240,Typing,Typing
v_Typing_g03_c04,Typing\v_Typing_g03_c04.avi,Typing,250,10.0,25.0,320,240,320x240,Typing,Typing
v_Typing_g03_c05,Typing\v_Typing_g03_c05.avi,Typing,248,9.92,25.0,320,240,320x240,Typing,Typing
v_Typing_g03_c06,Typing\v_Typing_g03_c06.avi,Typing,261,10.44,25.0,320,240,320x240,Typing,Typing
v_Typing_g03_c07,Typing\v_Typing_g03_c07.avi,Typing,250,10.0,25.0,320,240,320x240,Typing,Typing
v_Typing_g04_c01,Typing\v_Typing_g04_c01.avi,Typing,250,10.0,25.0,320,240,320x240,Typing,Typing
v_Typing_g04_c02,Typing\v_Typing_g04_c02.avi,Typing,181,7.24,25.0,320,240,320x240,Typing,Typing
v_Typing_g04_c03,Typing\v_Typing_g04_c03.avi,Typing,150,6.0,25.0,320,240,320x240,Typing,Typing
v_Typing_g04_c04,Typing\v_Typing_g04_c04.avi,Typing,250,10.0,25.0,320,240,320x240,Typing,Typing
v_Typing_g05_c01,Typing\v_Typing_g05_c01.avi,Typing,250,10.0,25.0,320,240,320x240,Typing,Typing
v_Typing_g05_c02,Typing\v_Typing_g05_c02.avi,Typing,250,10.0,25.0,320,240,320x240,Typing,Typing
v_Typing_g05_c03,Typing\v_Typing_g05_c03.avi,Typing,250,10.0,25.0,320,240,320x240,Typing,Typing
v_Typing_g05_c04,Typing\v_Typing_g05_c04.avi,Typing,250,10.0,25.0,320,240,320x240,Typing,Typing
v_Typing_g05_c05,Typing\v_Typing_g05_c05.avi,Typing,250,10.0,25.0,320,240,320x240,Typing,Typing
v_Typing_g05_c06,Typing\v_Typing_g05_c06.avi,Typing,250,10.0,25.0,320,240,320x240,Typing,Typing
v_Typing_g06_c01,Typing\v_Typing_g06_c01.avi,Typing,141,5.64,25.0,320,240,320x240,Typing,Typing
v_Typing_g06_c02,Typing\v_Typing_g06_c02.avi,Typing,125,5.0,25.0,320,240,320x240,Typing,Typing
v_Typing_g06_c03,Typing\v_Typing_g06_c03.avi,Typing,126,5.04,25.0,320,240,320x240,Typing,Typing
v_Typing_g06_c04,Typing\v_Typing_g06_c04.avi,Typing,123,4.92,25.0,320,240,320x240,Typing,Typing
v_Typing_g06_c05,Typing\v_Typing_g06_c05.avi,Typing,125,5.0,25.0,320,240,320x240,Typing,Typing
v_Typing_g06_c06,Typing\v_Typing_g06_c06.avi,Typing,129,5.16,25.0,320,240,320x240,Typing,Typing
v_Typing_g06_c07,Typing\v_Typing_g06_c07.avi,Typing,119,4.76,25.0,320,240,320x240,Typing,Typing
v_Typing_g07_c01,Typing\v_Typing_g07_c01.avi,Typing,120,4.8,25.0,320,240,320x240,Typing,Typing
v_Typing_g07_c02,Typing\v_Typing_g07_c02.avi,Typing,124,4.96,25.0,320,240,320x240,Typing,Typing
v_Typing_g07_c03,Typing\v_Typing_g07_c03.avi,Typing,128,5.12,25.0,320,240,320x240,Typing,Typing
v_Typing_g07_c04,Typing\v_Typing_g07_c04.avi,Typing,121,4.84,25.0,320,240,320x240,Typing,Typing
v_Typing_g07_c05,Typing\v_Typing_g07_c05.avi,Typing,129,5.16,25.0,320,240,320x240,Typing,Typing
v_Typing_g07_c06,Typing\v_Typing_g07_c06.avi,Typing,110,4.4,25.0,320,240,320x240,Typing,Typing
v_UnevenBars_g01_c01,UnevenBars\v_UnevenBars_g01_c01.avi,UnevenBars,161,6.44,25.0,320,240,320x240,PoleVault,UnevenBars
v_UnevenBars_g01_c02,UnevenBars\v_UnevenBars_g01_c02.avi,UnevenBars,160,6.4,25.0,320,240,320x240,FloorGymnastics,StillRings
v_UnevenBars_g01_c03,UnevenBars\v_UnevenBars_g01_c03.avi,UnevenBars,153,6.12,25.0,320,240,320x240,HighJump,UnevenBars
v_UnevenBars_g01_c04,UnevenBars\v_UnevenBars_g01_c04.avi,UnevenBars,144,5.76,25.0,320,240,320x240,PoleVault,UnevenBars
v_UnevenBars_g02_c01,UnevenBars\v_UnevenBars_g02_c01.avi,UnevenBars,146,5.84,25.0,320,240,320x240,HighJump,UnevenBars
v_UnevenBars_g02_c02,UnevenBars\v_UnevenBars_g02_c02.avi,UnevenBars,194,7.76,25.0,320,240,320x240,PoleVault,UnevenBars
v_UnevenBars_g02_c03,UnevenBars\v_UnevenBars_g02_c03.avi,UnevenBars,156,6.24,25.0,320,240,320x240,FloorGymnastics,UnevenBars
v_UnevenBars_g02_c04,UnevenBars\v_UnevenBars_g02_c04.avi,UnevenBars,196,7.84,25.0,320,240,320x240,PoleVault,UnevenBars
v_UnevenBars_g03_c01,UnevenBars\v_UnevenBars_g03_c01.avi,UnevenBars,129,5.16,25.0,320,240,320x240,HighJump,StillRings
v_UnevenBars_g03_c02,UnevenBars\v_UnevenBars_g03_c02.avi,UnevenBars,142,5.68,25.0,320,240,320x240,FloorGymnastics,UnevenBars
v_UnevenBars_g03_c03,UnevenBars\v_UnevenBars_g03_c03.avi,UnevenBars,150,6.0,25.0,320,240,320x240,PoleVault,UnevenBars
v_UnevenBars_g03_c04,UnevenBars\v_UnevenBars_g03_c04.avi,UnevenBars,246,9.84,25.0,320,240,320x240,PoleVault,UnevenBars
v_UnevenBars_g04_c01,UnevenBars\v_UnevenBars_g04_c01.avi,UnevenBars,142,5.68,25.0,320,240,320x240,PoleVault,UnevenBars
v_UnevenBars_g04_c02,UnevenBars\v_UnevenBars_g04_c02.avi,UnevenBars,125,5.0,25.0,320,240,320x240,HighJump,UnevenBars
v_UnevenBars_g04_c03,UnevenBars\v_UnevenBars_g04_c03.avi,UnevenBars,120,4.8,25.0,320,240,320x240,HighJump,UnevenBars
v_UnevenBars_g04_c04,UnevenBars\v_UnevenBars_g04_c04.avi,UnevenBars,145,5.8,25.0,320,240,320x240,PoleVault,UnevenBars
v_UnevenBars_g05_c01,UnevenBars\v_UnevenBars_g05_c01.avi,UnevenBars,122,4.88,25.0,320,240,320x240,HighJump,UnevenBars
v_UnevenBars_g05_c02,UnevenBars\v_UnevenBars_g05_c02.avi,UnevenBars,178,7.12,25.0,320,240,320x240,FloorGymnastics,UnevenBars
v_UnevenBars_g05_c03,UnevenBars\v_UnevenBars_g05_c03.avi,UnevenBars,166,6.64,25.0,320,240,320x240,PoleVault,UnevenBars
v_UnevenBars_g05_c04,UnevenBars\v_UnevenBars_g05_c04.avi,UnevenBars,107,4.28,25.0,320,240,320x240,PoleVault,PoleVault
v_UnevenBars_g06_c01,UnevenBars\v_UnevenBars_g06_c01.avi,UnevenBars,98,3.92,25.0,320,240,320x240,HighJump,UnevenBars
v_UnevenBars_g06_c02,UnevenBars\v_UnevenBars_g06_c02.avi,UnevenBars,78,3.12,25.0,320,240,320x240,HighJump,UnevenBars
v_UnevenBars_g06_c03,UnevenBars\v_UnevenBars_g06_c03.avi,UnevenBars,79,3.16,25.0,320,240,320x240,HighJump,UnevenBars
v_UnevenBars_g06_c04,UnevenBars\v_UnevenBars_g06_c04.avi,UnevenBars,119,4.76,25.0,320,240,320x240,HighJump,UnevenBars
v_UnevenBars_g07_c01,UnevenBars\v_UnevenBars_g07_c01.avi,UnevenBars,150,6.0,25.0,320,240,320x240,HighJump,UnevenBars
v_UnevenBars_g07_c02,UnevenBars\v_UnevenBars_g07_c02.avi,UnevenBars,73,2.92,25.0,320,240,320x240,PoleVault,PoleVault
v_UnevenBars_g07_c03,UnevenBars\v_UnevenBars_g07_c03.avi,UnevenBars,123,4.92,25.0,320,240,320x240,PoleVault,UnevenBars
v_UnevenBars_g07_c04,UnevenBars\v_UnevenBars_g07_c04.avi,UnevenBars,123,4.92,25.0,320,240,320x240,HighJump,PoleVault
v_VolleyballSpiking_g01_c01,VolleyballSpiking\v_VolleyballSpiking_g01_c01.avi,VolleyballSpiking,93,3.1031,29.97002997002997,320,240,320x240,VolleyballSpiking,VolleyballSpiking
v_VolleyballSpiking_g01_c02,VolleyballSpiking\v_VolleyballSpiking_g01_c02.avi,VolleyballSpiking,210,7.007000000000001,29.97002997002997,320,240,320x240,Basketball,Basketball
v_VolleyballSpiking_g01_c03,VolleyballSpiking\v_VolleyballSpiking_g01_c03.avi,VolleyballSpiking,154,5.138466666666667,29.97002997002997,320,240,320x240,BasketballDunk,VolleyballSpiking
v_VolleyballSpiking_g01_c04,VolleyballSpiking\v_VolleyballSpiking_g01_c04.avi,VolleyballSpiking,69,2.3023,29.97002997002997,320,240,320x240,BasketballDunk,BasketballDunk
v_VolleyballSpiking_g02_c01,VolleyballSpiking\v_VolleyballSpiking_g02_c01.avi,VolleyballSpiking,84,2.8028,29.97002997002997,320,240,320x240,VolleyballSpiking,VolleyballSpiking
v_VolleyballSpiking_g02_c02,VolleyballSpiking\v_VolleyballSpiking_g02_c02.avi,VolleyballSpiking,122,4.070733333333333,29.97002997002997,320,240,320x240,VolleyballSpiking,VolleyballSpiking
v_VolleyballSpiking_g02_c03,VolleyballSpiking\v_VolleyballSpiking_g02_c03.avi,VolleyballSpiking,112,3.7370666666666663,29.97002997002997,320,240,320x240,VolleyballSpiking,VolleyballSpiking
v_VolleyballSpiking_g02_c04,VolleyballSpiking\v_VolleyballSpiking_g02_c04.avi,VolleyballSpiking,91,3.036366666666667,29.97002997002997,320,240,320x240,Basketball,Basketball
v_VolleyballSpiking_g03_c01,VolleyballSpiking\v_VolleyballSpiking_g03_c01.avi,VolleyballSpiking,102,3.4034,29.97002997002997,320,240,320x240,VolleyballSpiking,VolleyballSpiking
v_VolleyballSpiking_g03_c02,VolleyballSpiking\v_VolleyballSpiking_g03_c02.avi,VolleyballSpiking,65,2.168833333333333,29.97002997002997,320,240,320x240,VolleyballSpiking,VolleyballSpiking
v_VolleyballSpiking_g03_c03,VolleyballSpiking\v_VolleyballSpiking_g03_c03.avi,VolleyballSpiking,123,4.1041,29.97002997002997,320,240,320x240,VolleyballSpiking,VolleyballSpiking
v_VolleyballSpiking_g03_c04,VolleyballSpiking\v_VolleyballSpiking_g03_c04.avi,VolleyballSpiking,95,3.169833333333333,29.97002997002997,320,240,320x240,Basketball,VolleyballSpiking
v_VolleyballSpiking_g04_c01,VolleyballSpiking\v_VolleyballSpiking_g04_c01.avi,VolleyballSpiking,65,2.168833333333333,29.97002997002997,320,240,320x240,VolleyballSpiking,VolleyballSpiking
v_VolleyballSpiking_g04_c02,VolleyballSpiking\v_VolleyballSpiking_g04_c02.avi,VolleyballSpiking,61,2.0353666666666665,29.97002997002997,320,240,320x240,VolleyballSpiking,VolleyballSpiking
v_VolleyballSpiking_g04_c03,VolleyballSpiking\v_VolleyballSpiking_g04_c03.avi,VolleyballSpiking,76,2.5358666666666667,29.97002997002997,320,240,320x240,VolleyballSpiking,VolleyballSpiking
v_VolleyballSpiking_g04_c04,VolleyballSpiking\v_VolleyballSpiking_g04_c04.avi,VolleyballSpiking,111,3.7037,29.97002997002997,320,240,320x240,VolleyballSpiking,VolleyballSpiking
v_VolleyballSpiking_g04_c05,VolleyballSpiking\v_VolleyballSpiking_g04_c05.avi,VolleyballSpiking,98,3.2699333333333334,29.97002997002997,320,240,320x240,VolleyballSpiking,VolleyballSpiking
v_VolleyballSpiking_g04_c06,VolleyballSpiking\v_VolleyballSpiking_g04_c06.avi,VolleyballSpiking,110,3.670333333333333,29.97002997002997,320,240,320x240,VolleyballSpiking,VolleyballSpiking
v_VolleyballSpiking_g04_c07,VolleyballSpiking\v_VolleyballSpiking_g04_c07.avi,VolleyballSpiking,129,4.3043000000000005,29.97002997002997,320,240,320x240,VolleyballSpiking,VolleyballSpiking
v_VolleyballSpiking_g05_c01,VolleyballSpiking\v_VolleyballSpiking_g05_c01.avi,VolleyballSpiking,104,3.470133333333333,29.97002997002997,320,240,320x240,VolleyballSpiking,VolleyballSpiking
v_VolleyballSpiking_g05_c02,VolleyballSpiking\v_VolleyballSpiking_g05_c02.avi,VolleyballSpiking,66,2.2022,29.97002997002997,320,240,320x240,VolleyballSpiking,VolleyballSpiking
v_VolleyballSpiking_g05_c03,VolleyballSpiking\v_VolleyballSpiking_g05_c03.avi,VolleyballSpiking,59,1.9686333333333332,29.97002997002997,320,240,320x240,TrampolineJumping,Fencing
v_VolleyballSpiking_g05_c04,VolleyballSpiking\v_VolleyballSpiking_g05_c04.avi,VolleyballSpiking,63,2.1021,29.97002997002997,320,240,320x240,TrampolineJumping,VolleyballSpiking
v_VolleyballSpiking_g05_c05,VolleyballSpiking\v_VolleyballSpiking_g05_c05.avi,VolleyballSpiking,94,3.1364666666666667,29.97002997002997,320,240,320x240,VolleyballSpiking,VolleyballSpiking
v_VolleyballSpiking_g06_c01,VolleyballSpiking\v_VolleyballSpiking_g06_c01.avi,VolleyballSpiking,121,4.037366666666666,29.97002997002997,320,240,320x240,Basketball,Basketball
v_VolleyballSpiking_g06_c02,VolleyballSpiking\v_VolleyballSpiking_g06_c02.avi,VolleyballSpiking,106,3.5368666666666666,29.97002997002997,320,240,320x240,BasketballDunk,BasketballDunk
v_VolleyballSpiking_g06_c03,VolleyballSpiking\v_VolleyballSpiking_g06_c03.avi,VolleyballSpiking,121,4.037366666666666,29.97002997002997,320,240,320x240,VolleyballSpiking,VolleyballSpiking
v_VolleyballSpiking_g06_c04,VolleyballSpiking\v_VolleyballSpiking_g06_c04.avi,VolleyballSpiking,148,4.938266666666666,29.97002997002997,320,240,320x240,BasketballDunk,BasketballDunk
v_VolleyballSpiking_g07_c01,VolleyballSpiking\v_VolleyballSpiking_g07_c01.avi,VolleyballSpiking,53,1.7684333333333333,29.97002997002997,320,240,320x240,VolleyballSpiking,VolleyballSpiking
v_VolleyballSpiking_g07_c02,VolleyballSpiking\v_VolleyballSpiking_g07_c02.avi,VolleyballSpiking,87,2.9029000000000003,29.97002997002997,320,240,320x240,TrampolineJumping,VolleyballSpiking
v_VolleyballSpiking_g07_c03,VolleyballSpiking\v_VolleyballSpiking_g07_c03.avi,VolleyballSpiking,89,2.9696333333333333,29.97002997002997,320,240,320x240,TrampolineJumping,VolleyballSpiking
v_VolleyballSpiking_g07_c04,VolleyballSpiking\v_VolleyballSpiking_g07_c04.avi,VolleyballSpiking,67,2.2355666666666667,29.97002997002997,320,240,320x240,VolleyballSpiking,VolleyballSpiking
v_VolleyballSpiking_g07_c05,VolleyballSpiking\v_VolleyballSpiking_g07_c05.avi,VolleyballSpiking,86,2.869533333333333,29.97002997002997,320,240,320x240,VolleyballSpiking,VolleyballSpiking
v_VolleyballSpiking_g07_c06,VolleyballSpiking\v_VolleyballSpiking_g07_c06.avi,VolleyballSpiking,67,2.2355666666666667,29.97002997002997,320,240,320x240,VolleyballSpiking,VolleyballSpiking
v_VolleyballSpiking_g07_c07,VolleyballSpiking\v_VolleyballSpiking_g07_c07.avi,VolleyballSpiking,79,2.6359666666666666,29.97002997002997,320,240,320x240,VolleyballSpiking,VolleyballSpiking
v_WalkingWithDog_g01_c01,WalkingWithDog\v_WalkingWithDog_g01_c01.avi,WalkingWithDog,240,8.008000000000001,29.97002997002997,320,240,320x240,WalkingWithDog,WalkingWithDog
v_WalkingWithDog_g01_c02,WalkingWithDog\v_WalkingWithDog_g01_c02.avi,WalkingWithDog,240,8.008000000000001,29.97002997002997,320,240,320x240,WalkingWithDog,WalkingWithDog
v_WalkingWithDog_g01_c03,WalkingWithDog\v_WalkingWithDog_g01_c03.avi,WalkingWithDog,240,8.008000000000001,29.97002997002997,320,240,320x240,WalkingWithDog,WalkingWithDog
v_WalkingWithDog_g01_c04,WalkingWithDog\v_WalkingWithDog_g01_c04.avi,WalkingWithDog,180,6.006,29.97002997002997,320,240,320x240,WalkingWithDog,WalkingWithDog
v_WalkingWithDog_g02_c01,WalkingWithDog\v_WalkingWithDog_g02_c01.avi,WalkingWithDog,240,8.008000000000001,29.97002997002997,320,240,320x240,WalkingWithDog,WalkingWithDog
v_WalkingWithDog_g02_c02,WalkingWithDog\v_WalkingWithDog_g02_c02.avi,WalkingWithDog,240,8.008000000000001,29.97002997002997,320,240,320x240,WalkingWithDog,WalkingWithDog
v_WalkingWithDog_g02_c03,WalkingWithDog\v_WalkingWithDog_g02_c03.avi,WalkingWithDog,240,8.008000000000001,29.97002997002997,320,240,320x240,WalkingWithDog,WalkingWithDog
v_WalkingWithDog_g02_c04,WalkingWithDog\v_WalkingWithDog_g02_c04.avi,WalkingWithDog,240,8.008000000000001,29.97002997002997,320,240,320x240,WalkingWithDog,WalkingWithDog
v_WalkingWithDog_g02_c05,WalkingWithDog\v_WalkingWithDog_g02_c05.avi,WalkingWithDog,240,8.008000000000001,29.97002997002997,320,240,320x240,WalkingWithDog,WalkingWithDog
v_WalkingWithDog_g02_c06,WalkingWithDog\v_WalkingWithDog_g02_c06.avi,WalkingWithDog,240,8.008000000000001,29.97002997002997,320,240,320x240,WalkingWithDog,WalkingWithDog
v_WalkingWithDog_g03_c01,WalkingWithDog\v_WalkingWithDog_g03_c01.avi,WalkingWithDog,240,8.008000000000001,29.97002997002997,320,240,320x240,WalkingWithDog,WalkingWithDog
v_WalkingWithDog_g03_c02,WalkingWithDog\v_WalkingWithDog_g03_c02.avi,WalkingWithDog,240,8.008000000000001,29.97002997002997,320,240,320x240,Skiing,Skiing
v_WalkingWithDog_g03_c03,WalkingWithDog\v_WalkingWithDog_g03_c03.avi,WalkingWithDog,215,7.1738333333333335,29.97002997002997,320,240,320x240,WalkingWithDog,WalkingWithDog
v_WalkingWithDog_g03_c04,WalkingWithDog\v_WalkingWithDog_g03_c04.avi,WalkingWithDog,240,8.008000000000001,29.97002997002997,320,240,320x240,WalkingWithDog,WalkingWithDog
v_WalkingWithDog_g03_c05,WalkingWithDog\v_WalkingWithDog_g03_c05.avi,WalkingWithDog,240,8.008000000000001,29.97002997002997,320,240,320x240,WalkingWithDog,WalkingWithDog
v_WalkingWithDog_g04_c01,WalkingWithDog\v_WalkingWithDog_g04_c01.avi,WalkingWithDog,93,3.1031,29.97002997002997,320,240,320x240,WalkingWithDog,WalkingWithDog
v_WalkingWithDog_g04_c02,WalkingWithDog\v_WalkingWithDog_g04_c02.avi,WalkingWithDog,240,8.008000000000001,29.97002997002997,320,240,320x240,WalkingWithDog,WalkingWithDog
v_WalkingWithDog_g04_c03,WalkingWithDog\v_WalkingWithDog_g04_c03.avi,WalkingWithDog,240,8.008000000000001,29.97002997002997,320,240,320x240,WalkingWithDog,WalkingWithDog
v_WalkingWithDog_g04_c04,WalkingWithDog\v_WalkingWithDog_g04_c04.avi,WalkingWithDog,210,7.007000000000001,29.97002997002997,320,240,320x240,WalkingWithDog,WalkingWithDog
v_WalkingWithDog_g04_c05,WalkingWithDog\v_WalkingWithDog_g04_c05.avi,WalkingWithDog,240,8.008000000000001,29.97002997002997,320,240,320x240,WalkingWithDog,WalkingWithDog
v_WalkingWithDog_g05_c01,WalkingWithDog\v_WalkingWithDog_g05_c01.avi,WalkingWithDog,240,8.008000000000001,29.97002997002997,320,240,320x240,WalkingWithDog,WalkingWithDog
v_WalkingWithDog_g05_c02,WalkingWithDog\v_WalkingWithDog_g05_c02.avi,WalkingWithDog,240,8.008000000000001,29.97002997002997,320,240,320x240,WalkingWithDog,WalkingWithDog
v_WalkingWithDog_g05_c03,WalkingWithDog\v_WalkingWithDog_g05_c03.avi,WalkingWithDog,240,8.008000000000001,29.97002997002997,320,240,320x240,WalkingWithDog,WalkingWithDog
v_WalkingWithDog_g05_c04,WalkingWithDog\v_WalkingWithDog_g05_c04.avi,WalkingWithDog,144,4.8048,29.97002997002997,320,240,320x240,WalkingWithDog,WalkingWithDog
v_WalkingWithDog_g05_c05,WalkingWithDog\v_WalkingWithDog_g05_c05.avi,WalkingWithDog,134,4.471133333333333,29.97002997002997,320,240,320x240,WalkingWithDog,WalkingWithDog
v_WalkingWithDog_g06_c01,WalkingWithDog\v_WalkingWithDog_g06_c01.avi,WalkingWithDog,153,5.1051,29.97002997002997,320,240,320x240,WalkingWithDog,WalkingWithDog
v_WalkingWithDog_g06_c02,WalkingWithDog\v_WalkingWithDog_g06_c02.avi,WalkingWithDog,125,4.170833333333333,29.97002997002997,320,240,320x240,WalkingWithDog,WalkingWithDog
v_WalkingWithDog_g06_c03,WalkingWithDog\v_WalkingWithDog_g06_c03.avi,WalkingWithDog,240,8.008000000000001,29.97002997002997,320,240,320x240,FrisbeeCatch,FrisbeeCatch
v_WalkingWithDog_g06_c04,WalkingWithDog\v_WalkingWithDog_g06_c04.avi,WalkingWithDog,240,8.008000000000001,29.97002997002997,320,240,320x240,WalkingWithDog,WalkingWithDog
v_WalkingWithDog_g06_c05,WalkingWithDog\v_WalkingWithDog_g06_c05.avi,WalkingWithDog,240,8.008000000000001,29.97002997002997,320,240,320x240,WalkingWithDog,WalkingWithDog
v_WalkingWithDog_g07_c01,WalkingWithDog\v_WalkingWithDog_g07_c01.avi,WalkingWithDog,94,3.1364666666666667,29.97002997002997,320,240,320x240,WalkingWithDog,WalkingWithDog
v_WalkingWithDog_g07_c02,WalkingWithDog\v_WalkingWithDog_g07_c02.avi,WalkingWithDog,159,5.3053,29.97002997002997,320,240,320x240,WalkingWithDog,WalkingWithDog
v_WalkingWithDog_g07_c03,WalkingWithDog\v_WalkingWithDog_g07_c03.avi,WalkingWithDog,233,7.774433333333333,29.97002997002997,320,240,320x240,WalkingWithDog,WalkingWithDog
v_WalkingWithDog_g07_c04,WalkingWithDog\v_WalkingWithDog_g07_c04.avi,WalkingWithDog,240,8.008000000000001,29.97002997002997,320,240,320x240,WalkingWithDog,WalkingWithDog
v_WalkingWithDog_g07_c05,WalkingWithDog\v_WalkingWithDog_g07_c05.avi,WalkingWithDog,240,8.008000000000001,29.97002997002997,320,240,320x240,WalkingWithDog,WalkingWithDog
v_WalkingWithDog_g07_c06,WalkingWithDog\v_WalkingWithDog_g07_c06.avi,WalkingWithDog,240,8.008000000000001,29.97002997002997,320,240,320x240,Skiing,Skiing
v_WallPushups_g01_c01,WallPushups\v_WallPushups_g01_c01.avi,WallPushups,89,3.56,25.0,320,240,320x240,WallPushups,WallPushups
v_WallPushups_g01_c02,WallPushups\v_WallPushups_g01_c02.avi,WallPushups,124,4.96,25.0,320,240,320x240,WallPushups,WallPushups
v_WallPushups_g01_c03,WallPushups\v_WallPushups_g01_c03.avi,WallPushups,150,6.0,25.0,320,240,320x240,WallPushups,WallPushups
v_WallPushups_g01_c04,WallPushups\v_WallPushups_g01_c04.avi,WallPushups,189,7.56,25.0,320,240,320x240,WallPushups,WallPushups
v_WallPushups_g02_c01,WallPushups\v_WallPushups_g02_c01.avi,WallPushups,82,3.28,25.0,320,240,320x240,Lunges,JumpingJack
v_WallPushups_g02_c02,WallPushups\v_WallPushups_g02_c02.avi,WallPushups,65,2.6,25.0,320,240,320x240,Lunges,Lunges
v_WallPushups_g02_c03,WallPushups\v_WallPushups_g02_c03.avi,WallPushups,63,2.52,25.0,320,240,320x240,Lunges,Lunges
v_WallPushups_g02_c04,WallPushups\v_WallPushups_g02_c04.avi,WallPushups,75,3.0,25.0,320,240,320x240,Lunges,Lunges
v_WallPushups_g03_c01,WallPushups\v_WallPushups_g03_c01.avi,WallPushups,114,4.56,25.0,320,240,320x240,HulaHoop,SalsaSpin
v_WallPushups_g03_c02,WallPushups\v_WallPushups_g03_c02.avi,WallPushups,117,4.68,25.0,320,240,320x240,HulaHoop,SalsaSpin
v_WallPushups_g03_c03,WallPushups\v_WallPushups_g03_c03.avi,WallPushups,108,4.32,25.0,320,240,320x240,HulaHoop,SalsaSpin
v_WallPushups_g03_c04,WallPushups\v_WallPushups_g03_c04.avi,WallPushups,101,4.04,25.0,320,240,320x240,HulaHoop,YoYo
v_WallPushups_g03_c05,WallPushups\v_WallPushups_g03_c05.avi,WallPushups,95,3.8,25.0,320,240,320x240,HulaHoop,YoYo
v_WallPushups_g04_c01,WallPushups\v_WallPushups_g04_c01.avi,WallPushups,101,4.04,25.0,320,240,320x240,HammerThrow,HammerThrow
v_WallPushups_g04_c02,WallPushups\v_WallPushups_g04_c02.avi,WallPushups,120,4.8,25.0,320,240,320x240,HammerThrow,ThrowDiscus
v_WallPushups_g04_c03,WallPushups\v_WallPushups_g04_c03.avi,WallPushups,96,3.84,25.0,320,240,320x240,HammerThrow,ThrowDiscus
v_WallPushups_g04_c04,WallPushups\v_WallPushups_g04_c04.avi,WallPushups,152,6.08,25.0,320,240,320x240,HammerThrow,HammerThrow
v_WallPushups_g05_c01,WallPushups\v_WallPushups_g05_c01.avi,WallPushups,89,3.56,25.0,320,240,320x240,BodyWeightSquats,WallPushups
v_WallPushups_g05_c02,WallPushups\v_WallPushups_g05_c02.avi,WallPushups,91,3.64,25.0,320,240,320x240,BodyWeightSquats,WallPushups
v_WallPushups_g05_c03,WallPushups\v_WallPushups_g05_c03.avi,WallPushups,84,3.36,25.0,320,240,320x240,BodyWeightSquats,WallPushups
v_WallPushups_g05_c04,WallPushups\v_WallPushups_g05_c04.avi,WallPushups,86,3.44,25.0,320,240,320x240,BodyWeightSquats,WallPushups
v_WallPushups_g05_c05,WallPushups\v_WallPushups_g05_c05.avi,WallPushups,77,3.08,25.0,320,240,320x240,WallPushups,WallPushups
v_WallPushups_g06_c01,WallPushups\v_WallPushups_g06_c01.avi,WallPushups,95,3.8,25.0,320,240,320x240,Lunges,WallPushups
v_WallPushups_g06_c02,WallPushups\v_WallPushups_g06_c02.avi,WallPushups,101,4.04,25.0,320,240,320x240,Lunges,WallPushups
v_WallPushups_g06_c03,WallPushups\v_WallPushups_g06_c03.avi,WallPushups,134,5.36,25.0,320,240,320x240,BalanceBeam,WallPushups
v_WallPushups_g06_c04,WallPushups\v_WallPushups_g06_c04.avi,WallPushups,123,4.92,25.0,320,240,320x240,Lunges,WallPushups
v_WallPushups_g06_c05,WallPushups\v_WallPushups_g06_c05.avi,WallPushups,115,4.6,25.0,320,240,320x240,Lunges,WallPushups
v_WallPushups_g06_c06,WallPushups\v_WallPushups_g06_c06.avi,WallPushups,107,4.28,25.0,320,240,320x240,Lunges,WallPushups
v_WallPushups_g06_c07,WallPushups\v_WallPushups_g06_c07.avi,WallPushups,163,6.52,25.0,320,240,320x240,Lunges,WallPushups
v_WallPushups_g07_c01,WallPushups\v_WallPushups_g07_c01.avi,WallPushups,104,4.16,25.0,320,240,320x240,Lunges,WallPushups
v_WallPushups_g07_c02,WallPushups\v_WallPushups_g07_c02.avi,WallPushups,95,3.8,25.0,320,240,320x240,Lunges,WallPushups
v_WallPushups_g07_c03,WallPushups\v_WallPushups_g07_c03.avi,WallPushups,95,3.8,25.0,320,240,320x240,Lunges,WallPushups
v_WallPushups_g07_c04,WallPushups\v_WallPushups_g07_c04.avi,WallPushups,101,4.04,25.0,320,240,320x240,BodyWeightSquats,WallPushups
v_WallPushups_g07_c05,WallPushups\v_WallPushups_g07_c05.avi,WallPushups,85,3.4,25.0,320,240,320x240,BodyWeightSquats,WallPushups
v_WallPushups_g07_c06,WallPushups\v_WallPushups_g07_c06.avi,WallPushups,85,3.4,25.0,320,240,320x240,BodyWeightSquats,WallPushups
v_WritingOnBoard_g01_c01,WritingOnBoard\v_WritingOnBoard_g01_c01.avi,WritingOnBoard,153,6.12,25.0,320,240,320x240,HammerThrow,WritingOnBoard
v_WritingOnBoard_g01_c02,WritingOnBoard\v_WritingOnBoard_g01_c02.avi,WritingOnBoard,117,4.68,25.0,320,240,320x240,BalanceBeam,WritingOnBoard
v_WritingOnBoard_g01_c03,WritingOnBoard\v_WritingOnBoard_g01_c03.avi,WritingOnBoard,61,2.44,25.0,320,240,320x240,HammerThrow,WritingOnBoard
v_WritingOnBoard_g01_c04,WritingOnBoard\v_WritingOnBoard_g01_c04.avi,WritingOnBoard,57,2.28,25.0,320,240,320x240,UnevenBars,WritingOnBoard
v_WritingOnBoard_g01_c05,WritingOnBoard\v_WritingOnBoard_g01_c05.avi,WritingOnBoard,185,7.4,25.0,320,240,320x240,UnevenBars,WritingOnBoard
v_WritingOnBoard_g01_c06,WritingOnBoard\v_WritingOnBoard_g01_c06.avi,WritingOnBoard,71,2.84,25.0,320,240,320x240,WritingOnBoard,WritingOnBoard
v_WritingOnBoard_g01_c07,WritingOnBoard\v_WritingOnBoard_g01_c07.avi,WritingOnBoard,100,4.0,25.0,320,240,320x240,WritingOnBoard,WritingOnBoard
v_WritingOnBoard_g02_c01,WritingOnBoard\v_WritingOnBoard_g02_c01.avi,WritingOnBoard,183,7.32,25.0,320,240,320x240,UnevenBars,WritingOnBoard
v_WritingOnBoard_g02_c02,WritingOnBoard\v_WritingOnBoard_g02_c02.avi,WritingOnBoard,216,8.64,25.0,320,240,320x240,SalsaSpin,WritingOnBoard
v_WritingOnBoard_g02_c03,WritingOnBoard\v_WritingOnBoard_g02_c03.avi,WritingOnBoard,146,5.84,25.0,320,240,320x240,ParallelBars,WritingOnBoard
v_WritingOnBoard_g02_c04,WritingOnBoard\v_WritingOnBoard_g02_c04.avi,WritingOnBoard,191,7.64,25.0,320,240,320x240,SalsaSpin,WritingOnBoard
v_WritingOnBoard_g02_c05,WritingOnBoard\v_WritingOnBoard_g02_c05.avi,WritingOnBoard,100,4.0,25.0,320,240,320x240,ParallelBars,WritingOnBoard
v_WritingOnBoard_g02_c06,WritingOnBoard\v_WritingOnBoard_g02_c06.avi,WritingOnBoard,212,8.48,25.0,320,240,320x240,ParallelBars,WritingOnBoard
v_WritingOnBoard_g02_c07,WritingOnBoard\v_WritingOnBoard_g02_c07.avi,WritingOnBoard,200,8.0,25.0,320,240,320x240,ParallelBars,WritingOnBoard
v_WritingOnBoard_g03_c01,WritingOnBoard\v_WritingOnBoard_g03_c01.avi,WritingOnBoard,132,5.28,25.0,320,240,320x240,ParallelBars,WritingOnBoard
v_WritingOnBoard_g03_c02,WritingOnBoard\v_WritingOnBoard_g03_c02.avi,WritingOnBoard,112,4.48,25.0,320,240,320x240,ParallelBars,WritingOnBoard
v_WritingOnBoard_g03_c03,WritingOnBoard\v_WritingOnBoard_g03_c03.avi,WritingOnBoard,114,4.56,25.0,320,240,320x240,ParallelBars,WritingOnBoard
v_WritingOnBoard_g03_c04,WritingOnBoard\v_WritingOnBoard_g03_c04.avi,WritingOnBoard,125,5.0,25.0,320,240,320x240,ParallelBars,WritingOnBoard
v_WritingOnBoard_g03_c05,WritingOnBoard\v_WritingOnBoard_g03_c05.avi,WritingOnBoard,160,6.4,25.0,320,240,320x240,ParallelBars,WritingOnBoard
v_WritingOnBoard_g03_c06,WritingOnBoard\v_WritingOnBoard_g03_c06.avi,WritingOnBoard,122,4.88,25.0,320,240,320x240,ParallelBars,WritingOnBoard
v_WritingOnBoard_g03_c07,WritingOnBoard\v_WritingOnBoard_g03_c07.avi,WritingOnBoard,94,3.76,25.0,320,240,320x240,ParallelBars,WritingOnBoard
v_WritingOnBoard_g04_c01,WritingOnBoard\v_WritingOnBoard_g04_c01.avi,WritingOnBoard,126,5.04,25.0,320,240,320x240,JavelinThrow,WritingOnBoard
v_WritingOnBoard_g04_c02,WritingOnBoard\v_WritingOnBoard_g04_c02.avi,WritingOnBoard,143,5.72,25.0,320,240,320x240,JavelinThrow,WritingOnBoard
v_WritingOnBoard_g04_c03,WritingOnBoard\v_WritingOnBoard_g04_c03.avi,WritingOnBoard,148,5.92,25.0,320,240,320x240,JavelinThrow,WritingOnBoard
v_WritingOnBoard_g04_c04,WritingOnBoard\v_WritingOnBoard_g04_c04.avi,WritingOnBoard,86,3.44,25.0,320,240,320x240,JavelinThrow,WritingOnBoard
v_WritingOnBoard_g05_c01,WritingOnBoard\v_WritingOnBoard_g05_c01.avi,WritingOnBoard,180,7.2,25.0,320,240,320x240,WritingOnBoard,WritingOnBoard
v_WritingOnBoard_g05_c02,WritingOnBoard\v_WritingOnBoard_g05_c02.avi,WritingOnBoard,98,3.92,25.0,320,240,320x240,WritingOnBoard,WritingOnBoard
v_WritingOnBoard_g05_c03,WritingOnBoard\v_WritingOnBoard_g05_c03.avi,WritingOnBoard,112,4.48,25.0,320,240,320x240,JavelinThrow,WritingOnBoard
v_WritingOnBoard_g05_c04,WritingOnBoard\v_WritingOnBoard_g05_c04.avi,WritingOnBoard,148,5.92,25.0,320,240,320x240,JavelinThrow,WritingOnBoard
v_WritingOnBoard_g05_c05,WritingOnBoard\v_WritingOnBoard_g05_c05.avi,WritingOnBoard,109,4.36,25.0,320,240,320x240,ParallelBars,WritingOnBoard
v_WritingOnBoard_g05_c06,WritingOnBoard\v_WritingOnBoard_g05_c06.avi,WritingOnBoard,130,5.2,25.0,320,240,320x240,ParallelBars,WritingOnBoard
v_WritingOnBoard_g06_c01,WritingOnBoard\v_WritingOnBoard_g06_c01.avi,WritingOnBoard,84,3.36,25.0,320,240,320x240,VolleyballSpiking,WritingOnBoard
v_WritingOnBoard_g06_c02,WritingOnBoard\v_WritingOnBoard_g06_c02.avi,WritingOnBoard,191,7.64,25.0,320,240,320x240,VolleyballSpiking,WritingOnBoard
v_WritingOnBoard_g06_c03,WritingOnBoard\v_WritingOnBoard_g06_c03.avi,WritingOnBoard,182,7.28,25.0,320,240,320x240,VolleyballSpiking,WritingOnBoard
v_WritingOnBoard_g06_c04,WritingOnBoard\v_WritingOnBoard_g06_c04.avi,WritingOnBoard,211,8.44,25.0,320,240,320x240,VolleyballSpiking,WritingOnBoard
v_WritingOnBoard_g06_c05,WritingOnBoard\v_WritingOnBoard_g06_c05.avi,WritingOnBoard,189,7.56,25.0,320,240,320x240,VolleyballSpiking,WritingOnBoard
v_WritingOnBoard_g06_c06,WritingOnBoard\v_WritingOnBoard_g06_c06.avi,WritingOnBoard,134,5.36,25.0,320,240,320x240,VolleyballSpiking,WritingOnBoard
v_WritingOnBoard_g06_c07,WritingOnBoard\v_WritingOnBoard_g06_c07.avi,WritingOnBoard,232,9.28,25.0,320,240,320x240,VolleyballSpiking,WritingOnBoard
v_WritingOnBoard_g07_c01,WritingOnBoard\v_WritingOnBoard_g07_c01.avi,WritingOnBoard,111,4.44,25.0,320,240,320x240,ParallelBars,WritingOnBoard
v_WritingOnBoard_g07_c02,WritingOnBoard\v_WritingOnBoard_g07_c02.avi,WritingOnBoard,163,6.52,25.0,320,240,320x240,ParallelBars,WritingOnBoard
v_WritingOnBoard_g07_c03,WritingOnBoard\v_WritingOnBoard_g07_c03.avi,WritingOnBoard,182,7.28,25.0,320,240,320x240,UnevenBars,WritingOnBoard
v_WritingOnBoard_g07_c04,WritingOnBoard\v_WritingOnBoard_g07_c04.avi,WritingOnBoard,120,4.8,25.0,320,240,320x240,ParallelBars,WritingOnBoard
v_WritingOnBoard_g07_c05,WritingOnBoard\v_WritingOnBoard_g07_c05.avi,WritingOnBoard,150,6.0,25.0,320,240,320x240,UnevenBars,WritingOnBoard
v_WritingOnBoard_g07_c06,WritingOnBoard\v_WritingOnBoard_g07_c06.avi,WritingOnBoard,101,4.04,25.0,320,240,320x240,UnevenBars,WritingOnBoard
v_WritingOnBoard_g07_c07,WritingOnBoard\v_WritingOnBoard_g07_c07.avi,WritingOnBoard,111,4.44,25.0,320,240,320x240,UnevenBars,WritingOnBoard
v_YoYo_g01_c01,YoYo\v_YoYo_g01_c01.avi,YoYo,187,7.48,25.0,320,240,320x240,HammerThrow,YoYo
v_YoYo_g01_c02,YoYo\v_YoYo_g01_c02.avi,YoYo,184,7.36,25.0,320,240,320x240,TaiChi,Nunchucks
v_YoYo_g01_c03,YoYo\v_YoYo_g01_c03.avi,YoYo,165,6.6,25.0,320,240,320x240,TaiChi,Nunchucks
v_YoYo_g01_c04,YoYo\v_YoYo_g01_c04.avi,YoYo,193,7.72,25.0,320,240,320x240,TaiChi,Nunchucks
v_YoYo_g01_c05,YoYo\v_YoYo_g01_c05.avi,YoYo,178,7.12,25.0,320,240,320x240,TaiChi,Nunchucks
v_YoYo_g01_c06,YoYo\v_YoYo_g01_c06.avi,YoYo,160,6.4,25.0,320,240,320x240,HammerThrow,YoYo
v_YoYo_g01_c07,YoYo\v_YoYo_g01_c07.avi,YoYo,189,7.56,25.0,320,240,320x240,TaiChi,YoYo
v_YoYo_g02_c01,YoYo\v_YoYo_g02_c01.avi,YoYo,188,7.52,25.0,320,240,320x240,SoccerJuggling,YoYo
v_YoYo_g02_c02,YoYo\v_YoYo_g02_c02.avi,YoYo,188,7.52,25.0,320,240,320x240,YoYo,YoYo
v_YoYo_g02_c03,YoYo\v_YoYo_g02_c03.avi,YoYo,166,6.64,25.0,320,240,320x240,HulaHoop,YoYo
v_YoYo_g02_c04,YoYo\v_YoYo_g02_c04.avi,YoYo,166,6.64,25.0,320,240,320x240,SoccerJuggling,YoYo
v_YoYo_g02_c05,YoYo\v_YoYo_g02_c05.avi,YoYo,172,6.88,25.0,320,240,320x240,SoccerJuggling,YoYo
v_YoYo_g03_c01,YoYo\v_YoYo_g03_c01.avi,YoYo,195,7.8,25.0,320,240,320x240,JumpRope,YoYo
v_YoYo_g03_c02,YoYo\v_YoYo_g03_c02.avi,YoYo,198,7.92,25.0,320,240,320x240,JumpRope,YoYo
v_YoYo_g03_c03,YoYo\v_YoYo_g03_c03.avi,YoYo,199,7.96,25.0,320,240,320x240,Nunchucks,YoYo
v_YoYo_g03_c04,YoYo\v_YoYo_g03_c04.avi,YoYo,205,8.2,25.0,320,240,320x240,SoccerJuggling,YoYo
v_YoYo_g03_c05,YoYo\v_YoYo_g03_c05.avi,YoYo,140,5.6,25.0,320,240,320x240,Nunchucks,YoYo
v_YoYo_g03_c06,YoYo\v_YoYo_g03_c06.avi,YoYo,193,7.72,25.0,320,240,320x240,PlayingViolin,Nunchucks
v_YoYo_g04_c01,YoYo\v_YoYo_g04_c01.avi,YoYo,177,7.08,25.0,320,240,320x240,YoYo,YoYo
v_YoYo_g04_c02,YoYo\v_YoYo_g04_c02.avi,YoYo,192,7.68,25.0,320,240,320x240,SoccerJuggling,YoYo
v_YoYo_g04_c03,YoYo\v_YoYo_g04_c03.avi,YoYo,154,6.16,25.0,320,240,320x240,SoccerJuggling,YoYo
v_YoYo_g04_c04,YoYo\v_YoYo_g04_c04.avi,YoYo,178,7.12,25.0,320,240,320x240,SoccerJuggling,YoYo
v_YoYo_g04_c05,YoYo\v_YoYo_g04_c05.avi,YoYo,180,7.2,25.0,320,240,320x240,SoccerJuggling,YoYo
v_YoYo_g05_c01,YoYo\v_YoYo_g05_c01.avi,YoYo,192,7.68,25.0,320,240,320x240,GolfSwing,YoYo
v_YoYo_g05_c02,YoYo\v_YoYo_g05_c02.avi,YoYo,179,7.16,25.0,320,240,320x240,SoccerJuggling,YoYo
v_YoYo_g05_c03,YoYo\v_YoYo_g05_c03.avi,YoYo,184,7.36,25.0,320,240,320x240,SoccerJuggling,YoYo
v_YoYo_g05_c04,YoYo\v_YoYo_g05_c04.avi,YoYo,175,7.0,25.0,320,240,320x240,SoccerJuggling,YoYo
v_YoYo_g05_c05,YoYo\v_YoYo_g05_c05.avi,YoYo,180,7.2,25.0,320,240,320x240,SoccerJuggling,YoYo
v_YoYo_g06_c01,YoYo\v_YoYo_g06_c01.avi,YoYo,204,8.16,25.0,320,240,320x240,PlayingFlute,YoYo
v_YoYo_g06_c02,YoYo\v_YoYo_g06_c02.avi,YoYo,184,7.36,25.0,320,240,320x240,PlayingFlute,YoYo
v_YoYo_g06_c03,YoYo\v_YoYo_g06_c03.avi,YoYo,187,7.48,25.0,320,240,320x240,SoccerJuggling,YoYo
v_YoYo_g06_c04,YoYo\v_YoYo_g06_c04.avi,YoYo,136,5.44,25.0,320,240,320x240,PlayingViolin,Nunchucks
v_YoYo_g07_c01,YoYo\v_YoYo_g07_c01.avi,YoYo,186,7.44,25.0,320,240,320x240,SoccerJuggling,JumpRope
v_YoYo_g07_c02,YoYo\v_YoYo_g07_c02.avi,YoYo,177,7.08,25.0,320,240,320x240,SoccerJuggling,JumpRope
v_YoYo_g07_c03,YoYo\v_YoYo_g07_c03.avi,YoYo,177,7.08,25.0,320,240,320x240,JumpRope,YoYo
v_YoYo_g07_c04,YoYo\v_YoYo_g07_c04.avi,YoYo,200,8.0,25.0,320,240,320x240,JumpRope,YoYo
